{
  "resourceType": "Bundle",
  "type": "transaction",
  "entry": [
    {
      "resource": {
        "resourceType": "Encounter",
        "id": "Encounter-542",
        "status": "finished",
        "class": {
          "system": "http://hl7.org/fhir/encounter-class",
          "code": "other",
          "display": "Other"
        },
        "subject": {
          "reference": "Patient/Patient-6510",
          "display": "Jeffery Frank Gray"
        },
        "participant": [
          {
            "period": {
              "start": "2022-06-20T09:36:36-04:00",
              "end": "2022-06-20T09:36:36-04:00"
            },
            "individual": {
              "reference": "Practitioner/Practitioner-2527",
              "display": "Lee Chris Mejia MD"
            }
          }
        ],
        "period": {
          "start": "2022-06-20T09:36:36-04:00",
          "end": "2022-06-20T09:36:36-04:00"
        },
        "location": [
          {
            "location": {
              "reference": "Location/Location-1106",
              "display": "Cranston Family Medical"
            }
          }
        ],
        "serviceProvider": {
          "reference": "Organization/Organization-1106",
          "display": "Cranston Family Medical"
        }
      },
      "request": {
        "method": "PUT",
        "url": "http://localhost:8080/cqf-ruler/baseDstu3/Encounter/Encounter-542"
      }
    },
    {
      "resource": {
        "resourceType": "Immunization",
        "id": "Immunization-74404",
        "status": "completed",
        "notGiven": false,
        "vaccineCode": {
          "coding": [
            {
              "system": "http://hl7.org/fhir/sid/cvx",
              "code": "140",
              "display": "Influenza, seasonal, injectable, preservative free"
            }
          ]
        },
        "patient": {
          "reference": "Patient/Patient-6510",
          "display": "Jeffery Frank Gray"
        },
        "date": "2022-06-15T09:36:36-04:00",
        "primarySource": true,
        "location": {
          "reference": "Location/Location-1106",
          "display": "Cranston Family Medical"
        },
        "practitioner": [
          {
            "actor": {
              "reference": "Practitioner/Practitioner-2527",
              "display": "Lee Chris Mejia MD"
            }
          }
        ]
      },
      "request": {
        "method": "PUT",
        "url": "http://localhost:8080/cqf-ruler/baseDstu3/Immunization/Immunization-74404"
      }
    },
    {
      "resource": {
        "resourceType": "Procedure",
        "id": "Procedure-126450",
        "status": "completed",
        "code": {
          "coding": [
            {
              "system": "http://loinc.org",
              "code": "2335-8",
              "display": "Hemoglobin.gastrointestinal [Presence] in Stool"
            }
          ]
        },
        "subject": {
          "reference": "Patient/Patient-6510",
          "display": "Jeffery Frank Gray"
        },
        "context": {
          "reference": "Encounter/Encounter-542",
          "display": "Cranston Family Medical"
        },
        "performedPeriod": {
          "start": "2022-06-20T09:36:36-04:00",
          "end": "2022-06-20T09:36:36-04:00"
        },
        "performer": [
          {
            "actor": {
              "reference": "Practitioner/Practitioner-2527",
              "display": "Lee Chris Mejia MD"
            }
          }
        ],
        "location": {
          "reference": "Location/Location-1106",
          "display": "Cranston Family Medical"
        }
      },
      "request": {
        "method": "PUT",
        "url": "http://localhost:8080/cqf-ruler/baseDstu3/Procedure/Procedure-126450"
      }
    },
    {
      "resource": {
        "resourceType": "Observation",
        "id": "Observation-126451",
        "status": "final",
        "code": {
          "coding": [
            {
              "system": "http://loinc.org",
              "code": "12503-9",
              "display": "Hemoglobin.gastrointestinal [Presence] in Stool --4th specimen"
            }
          ]
        },
        "subject": {
          "reference": "Patient/Patient-6510",
          "display": "Jeffery Frank Gray"
        },
        "context": {
          "reference": "Encounter/Encounter-542",
          "display": "Cranston Family Medical"
        },
        "effectiveDateTime": "2022-06-20T09:36:36-04:00",
        "performer": [
          {
            "reference": "Practitioner/Practitioner-2527",
            "display": "Lee Chris Mejia MD"
          }
        ],
        "valueString": "NEGATIVE"
      },
      "request": {
        "method": "PUT",
        "url": "http://localhost:8080/cqf-ruler/baseDstu3/Observation/Observation-126451"
      }
    },
    {
      "resource": {
        "resourceType": "Observation",
        "id": "Observation-126452",
        "status": "final",
        "code": {
          "coding": [
            {
              "system": "http://loinc.org",
              "code": "8480-6",
              "display": "Systolic blood pressure"
            }
          ]
        },
        "subject": {
          "reference": "Patient/Patient-6510",
          "display": "Jeffery Frank Gray"
        },
        "context": {
          "reference": "Encounter/Encounter-542",
          "display": "Cranston Family Medical"
        },
        "effectiveDateTime": "2022-06-20T09:36:36-04:00",
        "performer": [
          {
            "reference": "Practitioner/Practitioner-2527",
            "display": "Lee Chris Mejia MD"
          }
        ],
        "valueQuantity": {
          "value": 148.44749419442255,
          "unit": "mmHg"
        }
      },
      "request": {
        "method": "PUT",
        "url": "http://localhost:8080/cqf-ruler/baseDstu3/Observation/Observation-126452"
      }
    },
    {
      "resource": {
        "resourceType": "Observation",
        "id": "Observation-126453",
        "status": "final",
        "code": {
          "coding": [
            {
              "system": "http://loinc.org",
              "code": "8462-4",
              "display": "Diastolic blood pressure"
            }
          ]
        },
        "subject": {
          "reference": "Patient/Patient-6510",
          "display": "Jeffery Frank Gray"
        },
        "context": {
          "reference": "Encounter/Encounter-542",
          "display": "Cranston Family Medical"
        },
        "effectiveDateTime": "2022-06-20T09:36:36-04:00",
        "performer": [
          {
            "reference": "Practitioner/Practitioner-2527",
            "display": "Lee Chris Mejia MD"
          }
        ],
        "valueQuantity": {
          "value": 63.149991170190305,
          "unit": "mmHg"
        }
      },
      "request": {
        "method": "PUT",
        "url": "http://localhost:8080/cqf-ruler/baseDstu3/Observation/Observation-126453"
      }
    },
    {
      "resource": {
        "resourceType": "Condition",
        "id": "Condition-126454",
        "clinicalStatus": "active",
        "verificationStatus": "confirmed",
        "code": {
          "coding": [
            {
              "system": "http://hl7.org/fhir/sid/icd-9-cm",
              "code": "401.9",
              "display": "Unspecified essential hypertension"
            }
          ]
        },
        "subject": {
          "reference": "Patient/Patient-6510",
          "display": "Jeffery Frank Gray"
        },
        "context": {
          "reference": "Encounter/Encounter-542",
          "display": "Cranston Family Medical"
        },
        "onsetDateTime": "2022-06-20T09:36:36-04:00",
        "assertedDate": "2022-06-20T09:36:36-04:00",
        "asserter": {
          "reference": "Practitioner/Practitioner-2527",
          "display": "Lee Chris Mejia MD"
        }
      },
      "request": {
        "method": "PUT",
        "url": "http://localhost:8080/cqf-ruler/baseDstu3/Condition/Condition-126454"
      }
    },
    {
      "resource": {
        "resourceType": "Observation",
        "id": "Observation-126455",
        "status": "final",
        "category": [
          {
            "coding": [
              {
                "system": "http://hl7.org/fhir/observation-category",
                "code": "vital-signs",
                "display": "vital-signs"
              }
            ]
          }
        ],
        "code": {
          "coding": [
            {
              "system": "http://loinc.org",
              "code": "8716-3",
              "display": "Vital Signs Panel"
            }
          ]
        },
        "subject": {
          "reference": "Patient/Patient-6510",
          "display": "Jeffery Frank Gray"
        },
        "context": {
          "reference": "Encounter/Encounter-542",
          "display": "Cranston Family Medical"
        },
        "effectivePeriod": {
          "start": "2022-06-20T09:36:36-04:00",
          "end": "2022-06-20T09:36:36-04:00"
        },
        "valueQuantity": {
          "value": 63.149991170190305,
          "unit": "mmHg"
        },
        "component": [
          {
            "code": {
              "coding": [
                {
                  "system": "http://loinc.org",
                  "code": "8302-2",
                  "display": "Height"
                }
              ]
            }
          },
          {
            "code": {
              "coding": [
                {
                  "system": "http://loinc.org",
                  "code": "29463-7",
                  "display": "Weight"
                }
              ]
            }
          },
          {
            "code": {
              "coding": [
                {
                  "system": "http://loinc.org",
                  "code": "39156-5",
                  "display": "BMI"
                }
              ]
            }
          },
          {
            "code": {
              "coding": [
                {
                  "system": "http://loinc.org",
                  "code": "8310-5",
                  "display": "Temperature"
                }
              ]
            }
          },
          {
            "code": {
              "coding": [
                {
                  "system": "http://loinc.org",
                  "code": "8459-0",
                  "display": "Systolic Blood Pressure"
                }
              ]
            }
          },
          {
            "code": {
              "coding": [
                {
                  "system": "http://loinc.org",
                  "code": "8453-3",
                  "display": "Diastolic Blood Pressure"
                }
              ]
            }
          }
        ]
      },
      "request": {
        "method": "PUT",
        "url": "http://localhost:8080/cqf-ruler/baseDstu3/Observation/Observation-126455"
      }
    }
  ]
}