{
  "resourceType": "Bundle",
  "type": "transaction",
  "entry": [
    {
      "resource": {
        "resourceType": "Encounter",
        "id": "Encounter-204",
        "status": "finished",
        "class": {
          "system": "http://hl7.org/fhir/encounter-class",
          "code": "other",
          "display": "Other"
        },
        "subject": {
          "reference": "Patient/Patient-6543",
          "display": "Dora Marian Neal"
        },
        "participant": [
          {
            "period": {
              "start": "2019-10-21T09:36:36-04:00",
              "end": "2019-10-21T09:36:36-04:00"
            },
            "individual": {
              "reference": "Practitioner/Practitioner-2520",
              "display": "Kimberly Christy Ashley MD"
            }
          }
        ],
        "period": {
          "start": "2019-10-21T09:36:36-04:00",
          "end": "2019-10-21T09:36:36-04:00"
        },
        "location": [
          {
            "location": {
              "reference": "Location/Location-1105",
              "display": "Bayside Medical Group"
            }
          }
        ],
        "serviceProvider": {
          "reference": "Organization/Organization-1105",
          "display": "Bayside Medical Group"
        }
      },
      "request": {
        "method": "PUT",
        "url": "http://localhost:8080/cqf-ruler/baseDstu3/Encounter/Encounter-204"
      }
    },
    {
      "resource": {
        "resourceType": "Immunization",
        "id": "Immunization-615",
        "status": "completed",
        "notGiven": false,
        "vaccineCode": {
          "coding": [
            {
              "system": "http://hl7.org/fhir/sid/cvx",
              "code": "140",
              "display": "Influenza, seasonal, injectable, preservative free"
            }
          ]
        },
        "patient": {
          "reference": "Patient/Patient-6543",
          "display": "Dora Marian Neal"
        },
        "date": "2019-10-17T09:36:36-04:00",
        "primarySource": true,
        "location": {
          "reference": "Location/Location-1105",
          "display": "Bayside Medical Group"
        },
        "practitioner": [
          {
            "actor": {
              "reference": "Practitioner/Practitioner-2520",
              "display": "Kimberly Christy Ashley MD"
            }
          }
        ]
      },
      "request": {
        "method": "PUT",
        "url": "http://localhost:8080/cqf-ruler/baseDstu3/Immunization/Immunization-615"
      }
    },
    {
      "resource": {
        "resourceType": "Observation",
        "id": "Observation-57044",
        "status": "final",
        "code": {
          "coding": [
            {
              "system": "http://loinc.org",
              "code": "8480-6",
              "display": "Systolic blood pressure"
            }
          ]
        },
        "subject": {
          "reference": "Patient/Patient-6543",
          "display": "Dora Marian Neal"
        },
        "context": {
          "reference": "Encounter/Encounter-204",
          "display": "Bayside Medical Group"
        },
        "effectiveDateTime": "2019-10-21T09:36:36-04:00",
        "performer": [
          {
            "reference": "Practitioner/Practitioner-2520",
            "display": "Kimberly Christy Ashley MD"
          }
        ],
        "valueQuantity": {
          "value": 145.124084095286,
          "unit": "mmHg"
        }
      },
      "request": {
        "method": "PUT",
        "url": "http://localhost:8080/cqf-ruler/baseDstu3/Observation/Observation-57044"
      }
    },
    {
      "resource": {
        "resourceType": "Observation",
        "id": "Observation-57045",
        "status": "final",
        "code": {
          "coding": [
            {
              "system": "http://loinc.org",
              "code": "8462-4",
              "display": "Diastolic blood pressure"
            }
          ]
        },
        "subject": {
          "reference": "Patient/Patient-6543",
          "display": "Dora Marian Neal"
        },
        "context": {
          "reference": "Encounter/Encounter-204",
          "display": "Bayside Medical Group"
        },
        "effectiveDateTime": "2019-10-21T09:36:36-04:00",
        "performer": [
          {
            "reference": "Practitioner/Practitioner-2520",
            "display": "Kimberly Christy Ashley MD"
          }
        ],
        "valueQuantity": {
          "value": 69.62862396025047,
          "unit": "mmHg"
        }
      },
      "request": {
        "method": "PUT",
        "url": "http://localhost:8080/cqf-ruler/baseDstu3/Observation/Observation-57045"
      }
    },
    {
      "resource": {
        "resourceType": "Condition",
        "id": "Condition-57046",
        "clinicalStatus": "active",
        "verificationStatus": "confirmed",
        "code": {
          "coding": [
            {
              "system": "http://snomed.info/sct",
              "code": "429457004",
              "display": "Systolic essential hypertension"
            }
          ]
        },
        "subject": {
          "reference": "Patient/Patient-6543",
          "display": "Dora Marian Neal"
        },
        "context": {
          "reference": "Encounter/Encounter-204",
          "display": "Bayside Medical Group"
        },
        "onsetDateTime": "2019-10-21T09:36:36-04:00",
        "assertedDate": "2019-10-21T09:36:36-04:00",
        "asserter": {
          "reference": "Practitioner/Practitioner-2520",
          "display": "Kimberly Christy Ashley MD"
        }
      },
      "request": {
        "method": "PUT",
        "url": "http://localhost:8080/cqf-ruler/baseDstu3/Condition/Condition-57046"
      }
    },
    {
      "resource": {
        "resourceType": "Procedure",
        "id": "Procedure-57047",
        "status": "completed",
        "code": {
          "coding": [
            {
              "system": "http://loinc.org",
              "code": "47527-7",
              "display": "Cytology report of Cervical or vaginal smear or scraping Cyto stain.thin prep"
            }
          ]
        },
        "subject": {
          "reference": "Patient/Patient-6543",
          "display": "Dora Marian Neal"
        },
        "context": {
          "reference": "Encounter/Encounter-204",
          "display": "Bayside Medical Group"
        },
        "performedPeriod": {
          "start": "2019-10-21T09:36:36-04:00",
          "end": "2019-10-21T09:36:36-04:00"
        },
        "performer": [
          {
            "actor": {
              "reference": "Practitioner/Practitioner-2520",
              "display": "Kimberly Christy Ashley MD"
            }
          }
        ],
        "location": {
          "reference": "Location/Location-1105",
          "display": "Bayside Medical Group"
        }
      },
      "request": {
        "method": "PUT",
        "url": "http://localhost:8080/cqf-ruler/baseDstu3/Procedure/Procedure-57047"
      }
    },
    {
      "resource": {
        "resourceType": "Observation",
        "id": "Observation-57048",
        "status": "final",
        "code": {
          "coding": [
            {
              "system": "http://snomed.info/sct",
              "code": "289829007",
              "display": "Normal uterine cervix (finding)"
            }
          ]
        },
        "subject": {
          "reference": "Patient/Patient-6543",
          "display": "Dora Marian Neal"
        },
        "context": {
          "reference": "Encounter/Encounter-204",
          "display": "Bayside Medical Group"
        },
        "effectiveDateTime": "2019-10-21T09:36:36-04:00",
        "performer": [
          {
            "reference": "Practitioner/Practitioner-2520",
            "display": "Kimberly Christy Ashley MD"
          }
        ],
        "valueString": "NEGATIVE"
      },
      "request": {
        "method": "PUT",
        "url": "http://localhost:8080/cqf-ruler/baseDstu3/Observation/Observation-57048"
      }
    },
    {
      "resource": {
        "resourceType": "DiagnosticReport",
        "id": "DiagnosticReport-57049",
        "status": "final",
        "code": {
          "coding": [
            {
              "system": "HCPCS",
              "code": "G0206",
              "display": "Diagnostic mammography, producing direct digital image, unilateral, all views"
            }
          ]
        },
        "subject": {
          "reference": "Patient/Patient-6543",
          "display": "Dora Marian Neal"
        },
        "context": {
          "reference": "Encounter/Encounter-204",
          "display": "Bayside Medical Group"
        },
        "effectivePeriod": {
          "start": "2019-10-21T09:36:36-04:00",
          "end": "2019-10-21T09:36:36-04:00"
        },
        "result": [
          {
            "reference": "Observation/Observation-57048",
            "display": "No_Cancer_Detected"
          }
        ]
      },
      "request": {
        "method": "PUT",
        "url": "http://localhost:8080/cqf-ruler/baseDstu3/DiagnosticReport/DiagnosticReport-57049"
      }
    },
    {
      "resource": {
        "resourceType": "Observation",
        "id": "Observation-57050",
        "status": "final",
        "category": [
          {
            "coding": [
              {
                "system": "http://hl7.org/fhir/observation-category",
                "code": "vital-signs",
                "display": "vital-signs"
              }
            ]
          }
        ],
        "code": {
          "coding": [
            {
              "system": "http://loinc.org",
              "code": "8716-3",
              "display": "Vital Signs Panel"
            }
          ]
        },
        "subject": {
          "reference": "Patient/Patient-6543",
          "display": "Dora Marian Neal"
        },
        "context": {
          "reference": "Encounter/Encounter-204",
          "display": "Bayside Medical Group"
        },
        "effectivePeriod": {
          "start": "2019-10-21T09:36:36-04:00",
          "end": "2019-10-21T09:36:36-04:00"
        },
        "valueQuantity": {
          "value": 69.62862396025047,
          "unit": "mmHg"
        },
        "component": [
          {
            "code": {
              "coding": [
                {
                  "system": "http://loinc.org",
                  "code": "8302-2",
                  "display": "Height"
                }
              ]
            }
          },
          {
            "code": {
              "coding": [
                {
                  "system": "http://loinc.org",
                  "code": "29463-7",
                  "display": "Weight"
                }
              ]
            }
          },
          {
            "code": {
              "coding": [
                {
                  "system": "http://loinc.org",
                  "code": "39156-5",
                  "display": "BMI"
                }
              ]
            }
          },
          {
            "code": {
              "coding": [
                {
                  "system": "http://loinc.org",
                  "code": "8310-5",
                  "display": "Temperature"
                }
              ]
            }
          },
          {
            "code": {
              "coding": [
                {
                  "system": "http://loinc.org",
                  "code": "8459-0",
                  "display": "Systolic Blood Pressure"
                }
              ]
            }
          },
          {
            "code": {
              "coding": [
                {
                  "system": "http://loinc.org",
                  "code": "8453-3",
                  "display": "Diastolic Blood Pressure"
                }
              ]
            }
          }
        ]
      },
      "request": {
        "method": "PUT",
        "url": "http://localhost:8080/cqf-ruler/baseDstu3/Observation/Observation-57050"
      }
    }
  ]
}