{
  "resourceType": "Bundle",
  "type": "transaction",
  "entry": [
    {
      "resource": {
        "resourceType": "Encounter",
        "id": "Encounter-1051",
        "status": "finished",
        "class": {
          "system": "http://hl7.org/fhir/encounter-class",
          "code": "other",
          "display": "Other"
        },
        "subject": {
          "reference": "Patient/Patient-6499",
          "display": "Pauline Shepherd Sweeney"
        },
        "participant": [
          {
            "period": {
              "start": "2027-05-03T09:36:36-04:00",
              "end": "2027-05-03T09:36:36-04:00"
            },
            "individual": {
              "reference": "Practitioner/Practitioner-2516",
              "display": "Agnes Tammy Larson MD"
            }
          }
        ],
        "period": {
          "start": "2027-05-03T09:36:36-04:00",
          "end": "2027-05-03T09:36:36-04:00"
        },
        "location": [
          {
            "location": {
              "reference": "Location/Location-1101",
              "display": "McKinley Health Center"
            }
          }
        ],
        "serviceProvider": {
          "reference": "Organization/Organization-1101",
          "display": "McKinley Health Center"
        }
      },
      "request": {
        "method": "PUT",
        "url": "http://localhost:8080/cqf-ruler/baseDstu3/Encounter/Encounter-1051"
      }
    },
    {
      "resource": {
        "resourceType": "Immunization",
        "id": "Immunization-225251",
        "status": "completed",
        "notGiven": false,
        "vaccineCode": {
          "coding": [
            {
              "system": "http://hl7.org/fhir/sid/cvx",
              "code": "140",
              "display": "Influenza, seasonal, injectable, preservative free"
            }
          ]
        },
        "patient": {
          "reference": "Patient/Patient-6499",
          "display": "Pauline Shepherd Sweeney"
        },
        "date": "2027-04-27T09:36:36-04:00",
        "primarySource": true,
        "location": {
          "reference": "Location/Location-1101",
          "display": "McKinley Health Center"
        },
        "practitioner": [
          {
            "actor": {
              "reference": "Practitioner/Practitioner-2516",
              "display": "Agnes Tammy Larson MD"
            }
          }
        ]
      },
      "request": {
        "method": "PUT",
        "url": "http://localhost:8080/cqf-ruler/baseDstu3/Immunization/Immunization-225251"
      }
    },
    {
      "resource": {
        "resourceType": "Procedure",
        "id": "Procedure-251063",
        "status": "completed",
        "code": {
          "coding": [
            {
              "system": "http://loinc.org",
              "code": "14564-9",
              "display": "Hemoglobin.gastrointestinal [Presence] in Stool --2nd specimen"
            }
          ]
        },
        "subject": {
          "reference": "Patient/Patient-6499",
          "display": "Pauline Shepherd Sweeney"
        },
        "context": {
          "reference": "Encounter/Encounter-1051",
          "display": "McKinley Health Center"
        },
        "performedPeriod": {
          "start": "2027-05-03T09:36:36-04:00",
          "end": "2027-05-03T09:36:36-04:00"
        },
        "performer": [
          {
            "actor": {
              "reference": "Practitioner/Practitioner-2516",
              "display": "Agnes Tammy Larson MD"
            }
          }
        ],
        "location": {
          "reference": "Location/Location-1101",
          "display": "McKinley Health Center"
        }
      },
      "request": {
        "method": "PUT",
        "url": "http://localhost:8080/cqf-ruler/baseDstu3/Procedure/Procedure-251063"
      }
    },
    {
      "resource": {
        "resourceType": "Observation",
        "id": "Observation-251064",
        "status": "final",
        "code": {
          "coding": [
            {
              "system": "http://loinc.org",
              "code": "57905-2",
              "display": "Hemoglobin.gastrointestinal [Presence] in Stool by Immunologic method --1st specimen"
            }
          ]
        },
        "subject": {
          "reference": "Patient/Patient-6499",
          "display": "Pauline Shepherd Sweeney"
        },
        "context": {
          "reference": "Encounter/Encounter-1051",
          "display": "McKinley Health Center"
        },
        "effectiveDateTime": "2027-05-03T09:36:36-04:00",
        "performer": [
          {
            "reference": "Practitioner/Practitioner-2516",
            "display": "Agnes Tammy Larson MD"
          }
        ],
        "valueString": "NEGATIVE"
      },
      "request": {
        "method": "PUT",
        "url": "http://localhost:8080/cqf-ruler/baseDstu3/Observation/Observation-251064"
      }
    },
    {
      "resource": {
        "resourceType": "Observation",
        "id": "Observation-251065",
        "status": "final",
        "code": {
          "coding": [
            {
              "system": "http://loinc.org",
              "code": "8480-6",
              "display": "Systolic blood pressure"
            }
          ]
        },
        "subject": {
          "reference": "Patient/Patient-6499",
          "display": "Pauline Shepherd Sweeney"
        },
        "context": {
          "reference": "Encounter/Encounter-1051",
          "display": "McKinley Health Center"
        },
        "effectiveDateTime": "2027-05-03T09:36:36-04:00",
        "performer": [
          {
            "reference": "Practitioner/Practitioner-2516",
            "display": "Agnes Tammy Larson MD"
          }
        ],
        "valueQuantity": {
          "value": 148.1129811352563,
          "unit": "mmHg"
        }
      },
      "request": {
        "method": "PUT",
        "url": "http://localhost:8080/cqf-ruler/baseDstu3/Observation/Observation-251065"
      }
    },
    {
      "resource": {
        "resourceType": "Observation",
        "id": "Observation-251066",
        "status": "final",
        "code": {
          "coding": [
            {
              "system": "http://loinc.org",
              "code": "8462-4",
              "display": "Diastolic blood pressure"
            }
          ]
        },
        "subject": {
          "reference": "Patient/Patient-6499",
          "display": "Pauline Shepherd Sweeney"
        },
        "context": {
          "reference": "Encounter/Encounter-1051",
          "display": "McKinley Health Center"
        },
        "effectiveDateTime": "2027-05-03T09:36:36-04:00",
        "performer": [
          {
            "reference": "Practitioner/Practitioner-2516",
            "display": "Agnes Tammy Larson MD"
          }
        ],
        "valueQuantity": {
          "value": 96.70921905756576,
          "unit": "mmHg"
        }
      },
      "request": {
        "method": "PUT",
        "url": "http://localhost:8080/cqf-ruler/baseDstu3/Observation/Observation-251066"
      }
    },
    {
      "resource": {
        "resourceType": "Condition",
        "id": "Condition-251067",
        "clinicalStatus": "active",
        "verificationStatus": "confirmed",
        "code": {
          "coding": [
            {
              "system": "http://snomed.info/sct",
              "code": "1201005",
              "display": "Benign essential hypertension"
            }
          ]
        },
        "subject": {
          "reference": "Patient/Patient-6499",
          "display": "Pauline Shepherd Sweeney"
        },
        "context": {
          "reference": "Encounter/Encounter-1051",
          "display": "McKinley Health Center"
        },
        "onsetDateTime": "2027-05-03T09:36:36-04:00",
        "assertedDate": "2027-05-03T09:36:36-04:00",
        "asserter": {
          "reference": "Practitioner/Practitioner-2516",
          "display": "Agnes Tammy Larson MD"
        }
      },
      "request": {
        "method": "PUT",
        "url": "http://localhost:8080/cqf-ruler/baseDstu3/Condition/Condition-251067"
      }
    },
    {
      "resource": {
        "resourceType": "Observation",
        "id": "Observation-251068",
        "status": "final",
        "category": [
          {
            "coding": [
              {
                "system": "http://hl7.org/fhir/observation-category",
                "code": "vital-signs",
                "display": "vital-signs"
              }
            ]
          }
        ],
        "code": {
          "coding": [
            {
              "system": "http://loinc.org",
              "code": "8716-3",
              "display": "Vital Signs Panel"
            }
          ]
        },
        "subject": {
          "reference": "Patient/Patient-6499",
          "display": "Pauline Shepherd Sweeney"
        },
        "context": {
          "reference": "Encounter/Encounter-1051",
          "display": "McKinley Health Center"
        },
        "effectivePeriod": {
          "start": "2027-05-03T09:36:36-04:00",
          "end": "2027-05-03T09:36:36-04:00"
        },
        "valueQuantity": {
          "value": 96.70921905756576,
          "unit": "mmHg"
        },
        "component": [
          {
            "code": {
              "coding": [
                {
                  "system": "http://loinc.org",
                  "code": "8302-2",
                  "display": "Height"
                }
              ]
            }
          },
          {
            "code": {
              "coding": [
                {
                  "system": "http://loinc.org",
                  "code": "29463-7",
                  "display": "Weight"
                }
              ]
            }
          },
          {
            "code": {
              "coding": [
                {
                  "system": "http://loinc.org",
                  "code": "39156-5",
                  "display": "BMI"
                }
              ]
            }
          },
          {
            "code": {
              "coding": [
                {
                  "system": "http://loinc.org",
                  "code": "8310-5",
                  "display": "Temperature"
                }
              ]
            }
          },
          {
            "code": {
              "coding": [
                {
                  "system": "http://loinc.org",
                  "code": "8459-0",
                  "display": "Systolic Blood Pressure"
                }
              ]
            }
          },
          {
            "code": {
              "coding": [
                {
                  "system": "http://loinc.org",
                  "code": "8453-3",
                  "display": "Diastolic Blood Pressure"
                }
              ]
            }
          }
        ]
      },
      "request": {
        "method": "PUT",
        "url": "http://localhost:8080/cqf-ruler/baseDstu3/Observation/Observation-251068"
      }
    }
  ]
}