{
  "resourceType": "Bundle",
  "type": "transaction",
  "entry": [
    {
      "resource": {
        "resourceType": "Encounter",
        "id": "Encounter-1100",
        "status": "finished",
        "class": {
          "system": "http://hl7.org/fhir/encounter-class",
          "code": "other",
          "display": "Other"
        },
        "subject": {
          "reference": "Patient/Patient-1154",
          "display": "George Clay Tullison"
        },
        "participant": [
          {
            "period": {
              "start": "2027-10-18T09:36:36-04:00",
              "end": "2027-10-18T09:36:36-04:00"
            },
            "individual": {
              "reference": "Practitioner/Practitioner-2516",
              "display": "Agnes Tammy Larson MD"
            }
          }
        ],
        "period": {
          "start": "2027-10-18T09:36:36-04:00",
          "end": "2027-10-18T09:36:36-04:00"
        },
        "location": [
          {
            "location": {
              "reference": "Location/Location-1101",
              "display": "McKinley Health Center"
            }
          }
        ],
        "serviceProvider": {
          "reference": "Organization/Organization-1101",
          "display": "McKinley Health Center"
        }
      },
      "request": {
        "method": "PUT",
        "url": "http://localhost:8080/cqf-ruler/baseDstu3/Encounter/Encounter-1100"
      }
    },
    {
      "resource": {
        "resourceType": "Immunization",
        "id": "Immunization-238182",
        "status": "completed",
        "notGiven": false,
        "vaccineCode": {
          "coding": [
            {
              "system": "http://hl7.org/fhir/sid/cvx",
              "code": "140",
              "display": "Influenza, seasonal, injectable, preservative free"
            }
          ]
        },
        "patient": {
          "reference": "Patient/Patient-1154",
          "display": "George Clay Tullison"
        },
        "date": "2027-10-12T09:36:36-04:00",
        "primarySource": true,
        "location": {
          "reference": "Location/Location-1101",
          "display": "McKinley Health Center"
        },
        "practitioner": [
          {
            "actor": {
              "reference": "Practitioner/Practitioner-2516",
              "display": "Agnes Tammy Larson MD"
            }
          }
        ]
      },
      "request": {
        "method": "PUT",
        "url": "http://localhost:8080/cqf-ruler/baseDstu3/Immunization/Immunization-238182"
      }
    },
    {
      "resource": {
        "resourceType": "Immunization",
        "id": "Immunization-238183",
        "status": "completed",
        "notGiven": false,
        "vaccineCode": {
          "coding": [
            {
              "system": "http://hl7.org/fhir/sid/cvx",
              "code": "113",
              "display": "Td (adult) preservative free"
            }
          ]
        },
        "patient": {
          "reference": "Patient/Patient-1154",
          "display": "George Clay Tullison"
        },
        "date": "2027-10-12T09:36:36-04:00",
        "primarySource": true,
        "location": {
          "reference": "Location/Location-1101",
          "display": "McKinley Health Center"
        },
        "practitioner": [
          {
            "actor": {
              "reference": "Practitioner/Practitioner-2516",
              "display": "Agnes Tammy Larson MD"
            }
          }
        ]
      },
      "request": {
        "method": "PUT",
        "url": "http://localhost:8080/cqf-ruler/baseDstu3/Immunization/Immunization-238183"
      }
    },
    {
      "resource": {
        "resourceType": "Procedure",
        "id": "Procedure-263955",
        "status": "completed",
        "code": {
          "coding": [
            {
              "system": "http://loinc.org",
              "code": "12503-9",
              "display": "Hemoglobin.gastrointestinal [Presence] in Stool --4th specimen"
            }
          ]
        },
        "subject": {
          "reference": "Patient/Patient-1154",
          "display": "George Clay Tullison"
        },
        "context": {
          "reference": "Encounter/Encounter-1100",
          "display": "McKinley Health Center"
        },
        "performedPeriod": {
          "start": "2027-10-18T09:36:36-04:00",
          "end": "2027-10-18T09:36:36-04:00"
        },
        "performer": [
          {
            "actor": {
              "reference": "Practitioner/Practitioner-2516",
              "display": "Agnes Tammy Larson MD"
            }
          }
        ],
        "location": {
          "reference": "Location/Location-1101",
          "display": "McKinley Health Center"
        }
      },
      "request": {
        "method": "PUT",
        "url": "http://localhost:8080/cqf-ruler/baseDstu3/Procedure/Procedure-263955"
      }
    },
    {
      "resource": {
        "resourceType": "Observation",
        "id": "Observation-263956",
        "status": "final",
        "code": {
          "coding": [
            {
              "system": "http://loinc.org",
              "code": "27396-1",
              "display": "Hemoglobin.gastrointestinal [Mass/mass] in Stool"
            }
          ]
        },
        "subject": {
          "reference": "Patient/Patient-1154",
          "display": "George Clay Tullison"
        },
        "context": {
          "reference": "Encounter/Encounter-1100",
          "display": "McKinley Health Center"
        },
        "effectiveDateTime": "2027-10-18T09:36:36-04:00",
        "performer": [
          {
            "reference": "Practitioner/Practitioner-2516",
            "display": "Agnes Tammy Larson MD"
          }
        ],
        "valueString": "NEGATIVE"
      },
      "request": {
        "method": "PUT",
        "url": "http://localhost:8080/cqf-ruler/baseDstu3/Observation/Observation-263956"
      }
    },
    {
      "resource": {
        "resourceType": "Observation",
        "id": "Observation-263957",
        "status": "final",
        "code": {
          "coding": [
            {
              "system": "http://loinc.org",
              "code": "8480-6",
              "display": "Systolic blood pressure"
            }
          ]
        },
        "subject": {
          "reference": "Patient/Patient-1154",
          "display": "George Clay Tullison"
        },
        "context": {
          "reference": "Encounter/Encounter-1100",
          "display": "McKinley Health Center"
        },
        "effectiveDateTime": "2027-10-18T09:36:36-04:00",
        "performer": [
          {
            "reference": "Practitioner/Practitioner-2516",
            "display": "Agnes Tammy Larson MD"
          }
        ],
        "valueQuantity": {
          "value": 171.48974123655654,
          "unit": "mmHg"
        }
      },
      "request": {
        "method": "PUT",
        "url": "http://localhost:8080/cqf-ruler/baseDstu3/Observation/Observation-263957"
      }
    },
    {
      "resource": {
        "resourceType": "Observation",
        "id": "Observation-263958",
        "status": "final",
        "code": {
          "coding": [
            {
              "system": "http://loinc.org",
              "code": "8462-4",
              "display": "Diastolic blood pressure"
            }
          ]
        },
        "subject": {
          "reference": "Patient/Patient-1154",
          "display": "George Clay Tullison"
        },
        "context": {
          "reference": "Encounter/Encounter-1100",
          "display": "McKinley Health Center"
        },
        "effectiveDateTime": "2027-10-18T09:36:36-04:00",
        "performer": [
          {
            "reference": "Practitioner/Practitioner-2516",
            "display": "Agnes Tammy Larson MD"
          }
        ],
        "valueQuantity": {
          "value": 97.25875211902755,
          "unit": "mmHg"
        }
      },
      "request": {
        "method": "PUT",
        "url": "http://localhost:8080/cqf-ruler/baseDstu3/Observation/Observation-263958"
      }
    },
    {
      "resource": {
        "resourceType": "Condition",
        "id": "Condition-263959",
        "clinicalStatus": "active",
        "verificationStatus": "confirmed",
        "code": {
          "coding": [
            {
              "system": "http://snomed.info/sct",
              "code": "10725009",
              "display": "Benign hypertension"
            }
          ]
        },
        "subject": {
          "reference": "Patient/Patient-1154",
          "display": "George Clay Tullison"
        },
        "context": {
          "reference": "Encounter/Encounter-1100",
          "display": "McKinley Health Center"
        },
        "onsetDateTime": "2027-10-18T09:36:36-04:00",
        "assertedDate": "2027-10-18T09:36:36-04:00",
        "asserter": {
          "reference": "Practitioner/Practitioner-2516",
          "display": "Agnes Tammy Larson MD"
        }
      },
      "request": {
        "method": "PUT",
        "url": "http://localhost:8080/cqf-ruler/baseDstu3/Condition/Condition-263959"
      }
    },
    {
      "resource": {
        "resourceType": "Observation",
        "id": "Observation-263960",
        "status": "final",
        "category": [
          {
            "coding": [
              {
                "system": "http://hl7.org/fhir/observation-category",
                "code": "vital-signs",
                "display": "vital-signs"
              }
            ]
          }
        ],
        "code": {
          "coding": [
            {
              "system": "http://loinc.org",
              "code": "8716-3",
              "display": "Vital Signs Panel"
            }
          ]
        },
        "subject": {
          "reference": "Patient/Patient-1154",
          "display": "George Clay Tullison"
        },
        "context": {
          "reference": "Encounter/Encounter-1100",
          "display": "McKinley Health Center"
        },
        "effectivePeriod": {
          "start": "2027-10-18T09:36:36-04:00",
          "end": "2027-10-18T09:36:36-04:00"
        },
        "valueQuantity": {
          "value": 97.25875211902755,
          "unit": "mmHg"
        },
        "component": [
          {
            "code": {
              "coding": [
                {
                  "system": "http://loinc.org",
                  "code": "8302-2",
                  "display": "Height"
                }
              ]
            }
          },
          {
            "code": {
              "coding": [
                {
                  "system": "http://loinc.org",
                  "code": "29463-7",
                  "display": "Weight"
                }
              ]
            }
          },
          {
            "code": {
              "coding": [
                {
                  "system": "http://loinc.org",
                  "code": "39156-5",
                  "display": "BMI"
                }
              ]
            }
          },
          {
            "code": {
              "coding": [
                {
                  "system": "http://loinc.org",
                  "code": "8310-5",
                  "display": "Temperature"
                }
              ]
            }
          },
          {
            "code": {
              "coding": [
                {
                  "system": "http://loinc.org",
                  "code": "8459-0",
                  "display": "Systolic Blood Pressure"
                }
              ]
            }
          },
          {
            "code": {
              "coding": [
                {
                  "system": "http://loinc.org",
                  "code": "8453-3",
                  "display": "Diastolic Blood Pressure"
                }
              ]
            }
          }
        ]
      },
      "request": {
        "method": "PUT",
        "url": "http://localhost:8080/cqf-ruler/baseDstu3/Observation/Observation-263960"
      }
    }
  ]
}