{
  "resourceType": "Bundle",
  "type": "transaction",
  "entry": [
    {
      "resource": {
        "resourceType": "Encounter",
        "id": "Encounter-231",
        "status": "finished",
        "class": {
          "system": "http://hl7.org/fhir/encounter-class",
          "code": "other",
          "display": "Other"
        },
        "subject": {
          "reference": "Patient/Patient-1122",
          "display": "Joan Frances Chen"
        },
        "participant": [
          {
            "period": {
              "start": "2019-02-25T09:36:36-05:00",
              "end": "2019-02-25T09:36:36-05:00"
            },
            "individual": {
              "reference": "Practitioner/Practitioner-2518",
              "display": "Jane Rosemary Saunders MD"
            }
          }
        ],
        "period": {
          "start": "2019-02-25T09:36:36-05:00",
          "end": "2019-02-25T09:36:36-05:00"
        },
        "location": [
          {
            "location": {
              "reference": "Location/Location-1103",
              "display": "Acme Medical Center"
            }
          }
        ],
        "serviceProvider": {
          "reference": "Organization/Organization-1103",
          "display": "Acme Medical Center"
        }
      },
      "request": {
        "method": "PUT",
        "url": "http://localhost:8080/cqf-ruler/baseDstu3/Encounter/Encounter-231"
      }
    },
    {
      "resource": {
        "resourceType": "Immunization",
        "id": "Immunization-1309",
        "status": "completed",
        "notGiven": false,
        "vaccineCode": {
          "coding": [
            {
              "system": "http://hl7.org/fhir/sid/cvx",
              "code": "140",
              "display": "Influenza, seasonal, injectable, preservative free"
            }
          ]
        },
        "patient": {
          "reference": "Patient/Patient-1122",
          "display": "Joan Frances Chen"
        },
        "date": "2019-02-21T08:36:36-05:00",
        "primarySource": true,
        "location": {
          "reference": "Location/Location-1103",
          "display": "Acme Medical Center"
        },
        "practitioner": [
          {
            "actor": {
              "reference": "Practitioner/Practitioner-2518",
              "display": "Jane Rosemary Saunders MD"
            }
          }
        ]
      },
      "request": {
        "method": "PUT",
        "url": "http://localhost:8080/cqf-ruler/baseDstu3/Immunization/Immunization-1309"
      }
    },
    {
      "resource": {
        "resourceType": "Immunization",
        "id": "Immunization-1310",
        "status": "completed",
        "notGiven": false,
        "vaccineCode": {
          "coding": [
            {
              "system": "http://hl7.org/fhir/sid/cvx",
              "code": "113",
              "display": "Td (adult) preservative free"
            }
          ]
        },
        "patient": {
          "reference": "Patient/Patient-1122",
          "display": "Joan Frances Chen"
        },
        "date": "2019-02-21T08:36:36-05:00",
        "primarySource": true,
        "location": {
          "reference": "Location/Location-1103",
          "display": "Acme Medical Center"
        },
        "practitioner": [
          {
            "actor": {
              "reference": "Practitioner/Practitioner-2518",
              "display": "Jane Rosemary Saunders MD"
            }
          }
        ]
      },
      "request": {
        "method": "PUT",
        "url": "http://localhost:8080/cqf-ruler/baseDstu3/Immunization/Immunization-1310"
      }
    },
    {
      "resource": {
        "resourceType": "Observation",
        "id": "Observation-39651",
        "status": "final",
        "code": {
          "coding": [
            {
              "system": "http://loinc.org",
              "code": "8480-6",
              "display": "Systolic blood pressure"
            }
          ]
        },
        "subject": {
          "reference": "Patient/Patient-1122",
          "display": "Joan Frances Chen"
        },
        "context": {
          "reference": "Encounter/Encounter-231",
          "display": "Acme Medical Center"
        },
        "effectiveDateTime": "2019-02-25T09:36:36-05:00",
        "performer": [
          {
            "reference": "Practitioner/Practitioner-2518",
            "display": "Jane Rosemary Saunders MD"
          }
        ],
        "valueQuantity": {
          "value": 115.21053621040716,
          "unit": "mmHg"
        }
      },
      "request": {
        "method": "PUT",
        "url": "http://localhost:8080/cqf-ruler/baseDstu3/Observation/Observation-39651"
      }
    },
    {
      "resource": {
        "resourceType": "Observation",
        "id": "Observation-39652",
        "status": "final",
        "code": {
          "coding": [
            {
              "system": "http://loinc.org",
              "code": "8462-4",
              "display": "Diastolic blood pressure"
            }
          ]
        },
        "subject": {
          "reference": "Patient/Patient-1122",
          "display": "Joan Frances Chen"
        },
        "context": {
          "reference": "Encounter/Encounter-231",
          "display": "Acme Medical Center"
        },
        "effectiveDateTime": "2019-02-25T09:36:36-05:00",
        "performer": [
          {
            "reference": "Practitioner/Practitioner-2518",
            "display": "Jane Rosemary Saunders MD"
          }
        ],
        "valueQuantity": {
          "value": 70.81109986874326,
          "unit": "mmHg"
        }
      },
      "request": {
        "method": "PUT",
        "url": "http://localhost:8080/cqf-ruler/baseDstu3/Observation/Observation-39652"
      }
    },
    {
      "resource": {
        "resourceType": "Procedure",
        "id": "Procedure-39653",
        "status": "completed",
        "code": {
          "coding": [
            {
              "system": "http://loinc.org",
              "code": "19774-9",
              "display": "Cytology study comment Cervical or vaginal smear or scraping Cyto stain"
            }
          ]
        },
        "subject": {
          "reference": "Patient/Patient-1122",
          "display": "Joan Frances Chen"
        },
        "context": {
          "reference": "Encounter/Encounter-231",
          "display": "Acme Medical Center"
        },
        "performedPeriod": {
          "start": "2019-02-25T09:36:36-05:00",
          "end": "2019-02-25T09:36:36-05:00"
        },
        "performer": [
          {
            "actor": {
              "reference": "Practitioner/Practitioner-2518",
              "display": "Jane Rosemary Saunders MD"
            }
          }
        ],
        "location": {
          "reference": "Location/Location-1103",
          "display": "Acme Medical Center"
        }
      },
      "request": {
        "method": "PUT",
        "url": "http://localhost:8080/cqf-ruler/baseDstu3/Procedure/Procedure-39653"
      }
    },
    {
      "resource": {
        "resourceType": "Observation",
        "id": "Observation-39654",
        "status": "final",
        "code": {
          "coding": [
            {
              "system": "http://snomed.info/sct",
              "code": "289829007",
              "display": "Normal uterine cervix (finding)"
            }
          ]
        },
        "subject": {
          "reference": "Patient/Patient-1122",
          "display": "Joan Frances Chen"
        },
        "context": {
          "reference": "Encounter/Encounter-231",
          "display": "Acme Medical Center"
        },
        "effectiveDateTime": "2019-02-25T09:36:36-05:00",
        "performer": [
          {
            "reference": "Practitioner/Practitioner-2518",
            "display": "Jane Rosemary Saunders MD"
          }
        ],
        "valueString": "NEGATIVE"
      },
      "request": {
        "method": "PUT",
        "url": "http://localhost:8080/cqf-ruler/baseDstu3/Observation/Observation-39654"
      }
    },
    {
      "resource": {
        "resourceType": "DiagnosticReport",
        "id": "DiagnosticReport-39655",
        "status": "final",
        "code": {
          "coding": [
            {
              "system": "http://loinc.org",
              "code": "37005-6",
              "display": "Breast - left Mammogram magnification"
            }
          ]
        },
        "subject": {
          "reference": "Patient/Patient-1122",
          "display": "Joan Frances Chen"
        },
        "context": {
          "reference": "Encounter/Encounter-231",
          "display": "Acme Medical Center"
        },
        "effectivePeriod": {
          "start": "2019-02-25T09:36:36-05:00",
          "end": "2019-02-25T09:36:36-05:00"
        },
        "result": [
          {
            "reference": "Observation/Observation-39654",
            "display": "No_Cancer_Detected"
          }
        ]
      },
      "request": {
        "method": "PUT",
        "url": "http://localhost:8080/cqf-ruler/baseDstu3/DiagnosticReport/DiagnosticReport-39655"
      }
    },
    {
      "resource": {
        "resourceType": "Observation",
        "id": "Observation-39656",
        "status": "final",
        "category": [
          {
            "coding": [
              {
                "system": "http://hl7.org/fhir/observation-category",
                "code": "vital-signs",
                "display": "vital-signs"
              }
            ]
          }
        ],
        "code": {
          "coding": [
            {
              "system": "http://loinc.org",
              "code": "8716-3",
              "display": "Vital Signs Panel"
            }
          ]
        },
        "subject": {
          "reference": "Patient/Patient-1122",
          "display": "Joan Frances Chen"
        },
        "context": {
          "reference": "Encounter/Encounter-231",
          "display": "Acme Medical Center"
        },
        "effectivePeriod": {
          "start": "2019-02-25T09:36:36-05:00",
          "end": "2019-02-25T09:36:36-05:00"
        },
        "valueQuantity": {
          "value": 70.81109986874326,
          "unit": "mmHg"
        },
        "component": [
          {
            "code": {
              "coding": [
                {
                  "system": "http://loinc.org",
                  "code": "8302-2",
                  "display": "Height"
                }
              ]
            }
          },
          {
            "code": {
              "coding": [
                {
                  "system": "http://loinc.org",
                  "code": "29463-7",
                  "display": "Weight"
                }
              ]
            }
          },
          {
            "code": {
              "coding": [
                {
                  "system": "http://loinc.org",
                  "code": "39156-5",
                  "display": "BMI"
                }
              ]
            }
          },
          {
            "code": {
              "coding": [
                {
                  "system": "http://loinc.org",
                  "code": "8310-5",
                  "display": "Temperature"
                }
              ]
            }
          },
          {
            "code": {
              "coding": [
                {
                  "system": "http://loinc.org",
                  "code": "8459-0",
                  "display": "Systolic Blood Pressure"
                }
              ]
            }
          },
          {
            "code": {
              "coding": [
                {
                  "system": "http://loinc.org",
                  "code": "8453-3",
                  "display": "Diastolic Blood Pressure"
                }
              ]
            }
          }
        ]
      },
      "request": {
        "method": "PUT",
        "url": "http://localhost:8080/cqf-ruler/baseDstu3/Observation/Observation-39656"
      }
    }
  ]
}