{
  "resourceType": "Bundle",
  "type": "transaction",
  "entry": [
    {
      "resource": {
        "resourceType": "Encounter",
        "id": "Encounter-482",
        "status": "finished",
        "class": {
          "system": "http://hl7.org/fhir/encounter-class",
          "code": "other",
          "display": "Other"
        },
        "subject": {
          "reference": "Patient/Patient-6543",
          "display": "Dora Marian Neal"
        },
        "participant": [
          {
            "period": {
              "start": "2022-10-24T09:36:36-04:00",
              "end": "2022-10-24T09:36:36-04:00"
            },
            "individual": {
              "reference": "Practitioner/Practitioner-2520",
              "display": "Kimberly Christy Ashley MD"
            }
          }
        ],
        "period": {
          "start": "2022-10-24T09:36:36-04:00",
          "end": "2022-10-24T09:36:36-04:00"
        },
        "location": [
          {
            "location": {
              "reference": "Location/Location-1105",
              "display": "Bayside Medical Group"
            }
          }
        ],
        "serviceProvider": {
          "reference": "Organization/Organization-1105",
          "display": "Bayside Medical Group"
        }
      },
      "request": {
        "method": "PUT",
        "url": "http://localhost:8080/cqf-ruler/baseDstu3/Encounter/Encounter-482"
      }
    },
    {
      "resource": {
        "resourceType": "Immunization",
        "id": "Immunization-57052",
        "status": "completed",
        "notGiven": false,
        "vaccineCode": {
          "coding": [
            {
              "system": "http://hl7.org/fhir/sid/cvx",
              "code": "140",
              "display": "Influenza, seasonal, injectable, preservative free"
            }
          ]
        },
        "patient": {
          "reference": "Patient/Patient-6543",
          "display": "Dora Marian Neal"
        },
        "date": "2022-10-20T09:36:36-04:00",
        "primarySource": true,
        "location": {
          "reference": "Location/Location-1105",
          "display": "Bayside Medical Group"
        },
        "practitioner": [
          {
            "actor": {
              "reference": "Practitioner/Practitioner-2520",
              "display": "Kimberly Christy Ashley MD"
            }
          }
        ]
      },
      "request": {
        "method": "PUT",
        "url": "http://localhost:8080/cqf-ruler/baseDstu3/Immunization/Immunization-57052"
      }
    },
    {
      "resource": {
        "resourceType": "Observation",
        "id": "Observation-135143",
        "status": "final",
        "code": {
          "coding": [
            {
              "system": "http://loinc.org",
              "code": "8480-6",
              "display": "Systolic blood pressure"
            }
          ]
        },
        "subject": {
          "reference": "Patient/Patient-6543",
          "display": "Dora Marian Neal"
        },
        "context": {
          "reference": "Encounter/Encounter-482",
          "display": "Bayside Medical Group"
        },
        "effectiveDateTime": "2022-10-24T09:36:36-04:00",
        "performer": [
          {
            "reference": "Practitioner/Practitioner-2520",
            "display": "Kimberly Christy Ashley MD"
          }
        ],
        "valueQuantity": {
          "value": 173.47450858660497,
          "unit": "mmHg"
        }
      },
      "request": {
        "method": "PUT",
        "url": "http://localhost:8080/cqf-ruler/baseDstu3/Observation/Observation-135143"
      }
    },
    {
      "resource": {
        "resourceType": "Observation",
        "id": "Observation-135144",
        "status": "final",
        "code": {
          "coding": [
            {
              "system": "http://loinc.org",
              "code": "8462-4",
              "display": "Diastolic blood pressure"
            }
          ]
        },
        "subject": {
          "reference": "Patient/Patient-6543",
          "display": "Dora Marian Neal"
        },
        "context": {
          "reference": "Encounter/Encounter-482",
          "display": "Bayside Medical Group"
        },
        "effectiveDateTime": "2022-10-24T09:36:36-04:00",
        "performer": [
          {
            "reference": "Practitioner/Practitioner-2520",
            "display": "Kimberly Christy Ashley MD"
          }
        ],
        "valueQuantity": {
          "value": 70.5892776669375,
          "unit": "mmHg"
        }
      },
      "request": {
        "method": "PUT",
        "url": "http://localhost:8080/cqf-ruler/baseDstu3/Observation/Observation-135144"
      }
    },
    {
      "resource": {
        "resourceType": "Condition",
        "id": "Condition-135145",
        "clinicalStatus": "active",
        "verificationStatus": "confirmed",
        "code": {
          "coding": [
            {
              "system": "http://snomed.info/sct",
              "code": "59621000",
              "display": "Essential hypertension"
            }
          ]
        },
        "subject": {
          "reference": "Patient/Patient-6543",
          "display": "Dora Marian Neal"
        },
        "context": {
          "reference": "Encounter/Encounter-482",
          "display": "Bayside Medical Group"
        },
        "onsetDateTime": "2022-10-24T09:36:36-04:00",
        "assertedDate": "2022-10-24T09:36:36-04:00",
        "asserter": {
          "reference": "Practitioner/Practitioner-2520",
          "display": "Kimberly Christy Ashley MD"
        }
      },
      "request": {
        "method": "PUT",
        "url": "http://localhost:8080/cqf-ruler/baseDstu3/Condition/Condition-135145"
      }
    },
    {
      "resource": {
        "resourceType": "Procedure",
        "id": "Procedure-135146",
        "status": "completed",
        "code": {
          "coding": [
            {
              "system": "http://loinc.org",
              "code": "33717-0",
              "display": "Cytology Cervical or vaginal smear or scraping study"
            }
          ]
        },
        "subject": {
          "reference": "Patient/Patient-6543",
          "display": "Dora Marian Neal"
        },
        "context": {
          "reference": "Encounter/Encounter-482",
          "display": "Bayside Medical Group"
        },
        "performedPeriod": {
          "start": "2022-10-24T09:36:36-04:00",
          "end": "2022-10-24T09:36:36-04:00"
        },
        "performer": [
          {
            "actor": {
              "reference": "Practitioner/Practitioner-2520",
              "display": "Kimberly Christy Ashley MD"
            }
          }
        ],
        "location": {
          "reference": "Location/Location-1105",
          "display": "Bayside Medical Group"
        }
      },
      "request": {
        "method": "PUT",
        "url": "http://localhost:8080/cqf-ruler/baseDstu3/Procedure/Procedure-135146"
      }
    },
    {
      "resource": {
        "resourceType": "Observation",
        "id": "Observation-135147",
        "status": "final",
        "code": {
          "coding": [
            {
              "system": "http://snomed.info/sct",
              "code": "289829007",
              "display": "Normal uterine cervix (finding)"
            }
          ]
        },
        "subject": {
          "reference": "Patient/Patient-6543",
          "display": "Dora Marian Neal"
        },
        "context": {
          "reference": "Encounter/Encounter-482",
          "display": "Bayside Medical Group"
        },
        "effectiveDateTime": "2022-10-24T09:36:36-04:00",
        "performer": [
          {
            "reference": "Practitioner/Practitioner-2520",
            "display": "Kimberly Christy Ashley MD"
          }
        ],
        "valueString": "NEGATIVE"
      },
      "request": {
        "method": "PUT",
        "url": "http://localhost:8080/cqf-ruler/baseDstu3/Observation/Observation-135147"
      }
    },
    {
      "resource": {
        "resourceType": "DiagnosticReport",
        "id": "DiagnosticReport-135148",
        "status": "final",
        "code": {
          "coding": [
            {
              "system": "http://loinc.org",
              "code": "24604-1",
              "display": "Breast Mammogram diagnostic limited"
            }
          ]
        },
        "subject": {
          "reference": "Patient/Patient-6543",
          "display": "Dora Marian Neal"
        },
        "context": {
          "reference": "Encounter/Encounter-482",
          "display": "Bayside Medical Group"
        },
        "effectivePeriod": {
          "start": "2022-10-24T09:36:36-04:00",
          "end": "2022-10-24T09:36:36-04:00"
        },
        "result": [
          {
            "reference": "Observation/Observation-135147",
            "display": "No_Cancer_Detected"
          }
        ]
      },
      "request": {
        "method": "PUT",
        "url": "http://localhost:8080/cqf-ruler/baseDstu3/DiagnosticReport/DiagnosticReport-135148"
      }
    },
    {
      "resource": {
        "resourceType": "Observation",
        "id": "Observation-135149",
        "status": "final",
        "category": [
          {
            "coding": [
              {
                "system": "http://hl7.org/fhir/observation-category",
                "code": "vital-signs",
                "display": "vital-signs"
              }
            ]
          }
        ],
        "code": {
          "coding": [
            {
              "system": "http://loinc.org",
              "code": "8716-3",
              "display": "Vital Signs Panel"
            }
          ]
        },
        "subject": {
          "reference": "Patient/Patient-6543",
          "display": "Dora Marian Neal"
        },
        "context": {
          "reference": "Encounter/Encounter-482",
          "display": "Bayside Medical Group"
        },
        "effectivePeriod": {
          "start": "2022-10-24T09:36:36-04:00",
          "end": "2022-10-24T09:36:36-04:00"
        },
        "valueQuantity": {
          "value": 70.5892776669375,
          "unit": "mmHg"
        },
        "component": [
          {
            "code": {
              "coding": [
                {
                  "system": "http://loinc.org",
                  "code": "8302-2",
                  "display": "Height"
                }
              ]
            }
          },
          {
            "code": {
              "coding": [
                {
                  "system": "http://loinc.org",
                  "code": "29463-7",
                  "display": "Weight"
                }
              ]
            }
          },
          {
            "code": {
              "coding": [
                {
                  "system": "http://loinc.org",
                  "code": "39156-5",
                  "display": "BMI"
                }
              ]
            }
          },
          {
            "code": {
              "coding": [
                {
                  "system": "http://loinc.org",
                  "code": "8310-5",
                  "display": "Temperature"
                }
              ]
            }
          },
          {
            "code": {
              "coding": [
                {
                  "system": "http://loinc.org",
                  "code": "8459-0",
                  "display": "Systolic Blood Pressure"
                }
              ]
            }
          },
          {
            "code": {
              "coding": [
                {
                  "system": "http://loinc.org",
                  "code": "8453-3",
                  "display": "Diastolic Blood Pressure"
                }
              ]
            }
          }
        ]
      },
      "request": {
        "method": "PUT",
        "url": "http://localhost:8080/cqf-ruler/baseDstu3/Observation/Observation-135149"
      }
    }
  ]
}