{
  "resourceType": "Bundle",
  "type": "transaction",
  "entry": [
    {
      "resource": {
        "resourceType": "Encounter",
        "id": "Encounter-617",
        "status": "finished",
        "class": {
          "system": "http://hl7.org/fhir/encounter-class",
          "code": "other",
          "display": "Other"
        },
        "subject": {
          "reference": "Patient/Patient-6489",
          "display": "Kathy Howell Ware"
        },
        "participant": [
          {
            "period": {
              "start": "2022-04-11T09:36:36-04:00",
              "end": "2022-04-11T09:36:36-04:00"
            },
            "individual": {
              "reference": "Practitioner/Practitioner-2526",
              "display": "James Woodward Wilkins MD"
            }
          }
        ],
        "period": {
          "start": "2022-04-11T09:36:36-04:00",
          "end": "2022-04-11T09:36:36-04:00"
        },
        "location": [
          {
            "location": {
              "reference": "Location/Location-1105",
              "display": "Bayside Medical Group"
            }
          }
        ],
        "serviceProvider": {
          "reference": "Organization/Organization-1105",
          "display": "Bayside Medical Group"
        }
      },
      "request": {
        "method": "PUT",
        "url": "http://localhost:8080/cqf-ruler/baseDstu3/Encounter/Encounter-617"
      }
    },
    {
      "resource": {
        "resourceType": "Immunization",
        "id": "Immunization-95179",
        "status": "completed",
        "notGiven": false,
        "vaccineCode": {
          "coding": [
            {
              "system": "http://hl7.org/fhir/sid/cvx",
              "code": "140",
              "display": "Influenza, seasonal, injectable, preservative free"
            }
          ]
        },
        "patient": {
          "reference": "Patient/Patient-6489",
          "display": "Kathy Howell Ware"
        },
        "date": "2022-04-05T09:36:36-04:00",
        "primarySource": true,
        "location": {
          "reference": "Location/Location-1105",
          "display": "Bayside Medical Group"
        },
        "practitioner": [
          {
            "actor": {
              "reference": "Practitioner/Practitioner-2526",
              "display": "James Woodward Wilkins MD"
            }
          }
        ]
      },
      "request": {
        "method": "PUT",
        "url": "http://localhost:8080/cqf-ruler/baseDstu3/Immunization/Immunization-95179"
      }
    },
    {
      "resource": {
        "resourceType": "Procedure",
        "id": "Procedure-122113",
        "status": "completed",
        "code": {
          "coding": [
            {
              "system": "http://loinc.org",
              "code": "27926-5",
              "display": "Hemoglobin.gastrointestinal [Presence] in Stool --8th specimen"
            }
          ]
        },
        "subject": {
          "reference": "Patient/Patient-6489",
          "display": "Kathy Howell Ware"
        },
        "context": {
          "reference": "Encounter/Encounter-617",
          "display": "Bayside Medical Group"
        },
        "performedPeriod": {
          "start": "2022-04-11T09:36:36-04:00",
          "end": "2022-04-11T09:36:36-04:00"
        },
        "performer": [
          {
            "actor": {
              "reference": "Practitioner/Practitioner-2526",
              "display": "James Woodward Wilkins MD"
            }
          }
        ],
        "location": {
          "reference": "Location/Location-1105",
          "display": "Bayside Medical Group"
        }
      },
      "request": {
        "method": "PUT",
        "url": "http://localhost:8080/cqf-ruler/baseDstu3/Procedure/Procedure-122113"
      }
    },
    {
      "resource": {
        "resourceType": "Observation",
        "id": "Observation-122114",
        "status": "final",
        "code": {
          "coding": [
            {
              "system": "http://loinc.org",
              "code": "14565-6",
              "display": "Hemoglobin.gastrointestinal [Presence] in Stool --3rd specimen"
            }
          ]
        },
        "subject": {
          "reference": "Patient/Patient-6489",
          "display": "Kathy Howell Ware"
        },
        "context": {
          "reference": "Encounter/Encounter-617",
          "display": "Bayside Medical Group"
        },
        "effectiveDateTime": "2022-04-11T09:36:36-04:00",
        "performer": [
          {
            "reference": "Practitioner/Practitioner-2526",
            "display": "James Woodward Wilkins MD"
          }
        ],
        "valueString": "NEGATIVE"
      },
      "request": {
        "method": "PUT",
        "url": "http://localhost:8080/cqf-ruler/baseDstu3/Observation/Observation-122114"
      }
    },
    {
      "resource": {
        "resourceType": "Observation",
        "id": "Observation-122115",
        "status": "final",
        "code": {
          "coding": [
            {
              "system": "http://loinc.org",
              "code": "8480-6",
              "display": "Systolic blood pressure"
            }
          ]
        },
        "subject": {
          "reference": "Patient/Patient-6489",
          "display": "Kathy Howell Ware"
        },
        "context": {
          "reference": "Encounter/Encounter-617",
          "display": "Bayside Medical Group"
        },
        "effectiveDateTime": "2022-04-11T09:36:36-04:00",
        "performer": [
          {
            "reference": "Practitioner/Practitioner-2526",
            "display": "James Woodward Wilkins MD"
          }
        ],
        "valueQuantity": {
          "value": 120.11009185495347,
          "unit": "mmHg"
        }
      },
      "request": {
        "method": "PUT",
        "url": "http://localhost:8080/cqf-ruler/baseDstu3/Observation/Observation-122115"
      }
    },
    {
      "resource": {
        "resourceType": "Observation",
        "id": "Observation-122116",
        "status": "final",
        "code": {
          "coding": [
            {
              "system": "http://loinc.org",
              "code": "8462-4",
              "display": "Diastolic blood pressure"
            }
          ]
        },
        "subject": {
          "reference": "Patient/Patient-6489",
          "display": "Kathy Howell Ware"
        },
        "context": {
          "reference": "Encounter/Encounter-617",
          "display": "Bayside Medical Group"
        },
        "effectiveDateTime": "2022-04-11T09:36:36-04:00",
        "performer": [
          {
            "reference": "Practitioner/Practitioner-2526",
            "display": "James Woodward Wilkins MD"
          }
        ],
        "valueQuantity": {
          "value": 92.29899460933912,
          "unit": "mmHg"
        }
      },
      "request": {
        "method": "PUT",
        "url": "http://localhost:8080/cqf-ruler/baseDstu3/Observation/Observation-122116"
      }
    },
    {
      "resource": {
        "resourceType": "Condition",
        "id": "Condition-122117",
        "clinicalStatus": "active",
        "verificationStatus": "confirmed",
        "code": {
          "coding": [
            {
              "system": "http://snomed.info/sct",
              "code": "48146000",
              "display": "Diastolic hypertension"
            }
          ]
        },
        "subject": {
          "reference": "Patient/Patient-6489",
          "display": "Kathy Howell Ware"
        },
        "context": {
          "reference": "Encounter/Encounter-617",
          "display": "Bayside Medical Group"
        },
        "onsetDateTime": "2022-04-11T09:36:36-04:00",
        "assertedDate": "2022-04-11T09:36:36-04:00",
        "asserter": {
          "reference": "Practitioner/Practitioner-2526",
          "display": "James Woodward Wilkins MD"
        }
      },
      "request": {
        "method": "PUT",
        "url": "http://localhost:8080/cqf-ruler/baseDstu3/Condition/Condition-122117"
      }
    },
    {
      "resource": {
        "resourceType": "Procedure",
        "id": "Procedure-122118",
        "status": "completed",
        "code": {
          "coding": [
            {
              "system": "http://snomed.info/sct",
              "code": "43204002",
              "display": "Bilateral mammography (procedure)"
            }
          ]
        },
        "subject": {
          "reference": "Patient/Patient-6489",
          "display": "Kathy Howell Ware"
        },
        "context": {
          "reference": "Encounter/Encounter-617",
          "display": "Bayside Medical Group"
        },
        "performedPeriod": {
          "start": "2022-04-11T09:36:36-04:00",
          "end": "2022-04-11T09:36:36-04:00"
        },
        "performer": [
          {
            "actor": {
              "reference": "Practitioner/Practitioner-2526",
              "display": "James Woodward Wilkins MD"
            }
          }
        ],
        "location": {
          "reference": "Location/Location-1105",
          "display": "Bayside Medical Group"
        }
      },
      "request": {
        "method": "PUT",
        "url": "http://localhost:8080/cqf-ruler/baseDstu3/Procedure/Procedure-122118"
      }
    },
    {
      "resource": {
        "resourceType": "Observation",
        "id": "Observation-122120",
        "status": "final",
        "code": {
          "coding": [
            {
              "system": "http://snomed.info/sct",
              "code": "397145000",
              "display": "Mammography assessment (Category 5) - Highly suggestive of malignancy"
            }
          ]
        },
        "subject": {
          "reference": "Patient/Patient-6489",
          "display": "Kathy Howell Ware"
        },
        "context": {
          "reference": "Encounter/Encounter-617",
          "display": "Bayside Medical Group"
        },
        "effectiveDateTime": "2022-04-11T09:36:36-04:00",
        "performer": [
          {
            "reference": "Practitioner/Practitioner-2526",
            "display": "James Woodward Wilkins MD"
          }
        ],
        "valueString": "POSITIVE"
      },
      "request": {
        "method": "PUT",
        "url": "http://localhost:8080/cqf-ruler/baseDstu3/Observation/Observation-122120"
      }
    },
    {
      "resource": {
        "resourceType": "DiagnosticReport",
        "id": "DiagnosticReport-122121",
        "status": "final",
        "code": {
          "coding": [
            {
              "system": "http://loinc.org",
              "code": "46342-2",
              "display": "Breast FFD mammogram"
            }
          ]
        },
        "subject": {
          "reference": "Patient/Patient-6489",
          "display": "Kathy Howell Ware"
        },
        "context": {
          "reference": "Encounter/Encounter-617",
          "display": "Bayside Medical Group"
        },
        "effectivePeriod": {
          "start": "2022-04-11T09:36:36-04:00",
          "end": "2022-04-11T09:36:36-04:00"
        },
        "result": [
          {
            "reference": "Observation/Observation-122120",
            "display": "Breast_Cancer_Observation"
          }
        ]
      },
      "request": {
        "method": "PUT",
        "url": "http://localhost:8080/cqf-ruler/baseDstu3/DiagnosticReport/DiagnosticReport-122121"
      }
    },
    {
      "resource": {
        "resourceType": "Observation",
        "id": "Observation-122122",
        "status": "final",
        "category": [
          {
            "coding": [
              {
                "system": "http://hl7.org/fhir/observation-category",
                "code": "vital-signs",
                "display": "vital-signs"
              }
            ]
          }
        ],
        "code": {
          "coding": [
            {
              "system": "http://loinc.org",
              "code": "8716-3",
              "display": "Vital Signs Panel"
            }
          ]
        },
        "subject": {
          "reference": "Patient/Patient-6489",
          "display": "Kathy Howell Ware"
        },
        "context": {
          "reference": "Encounter/Encounter-617",
          "display": "Bayside Medical Group"
        },
        "effectivePeriod": {
          "start": "2022-04-11T09:36:36-04:00",
          "end": "2022-04-11T09:36:36-04:00"
        },
        "valueQuantity": {
          "value": 92.29899460933912,
          "unit": "mmHg"
        },
        "component": [
          {
            "code": {
              "coding": [
                {
                  "system": "http://loinc.org",
                  "code": "8302-2",
                  "display": "Height"
                }
              ]
            }
          },
          {
            "code": {
              "coding": [
                {
                  "system": "http://loinc.org",
                  "code": "29463-7",
                  "display": "Weight"
                }
              ]
            }
          },
          {
            "code": {
              "coding": [
                {
                  "system": "http://loinc.org",
                  "code": "39156-5",
                  "display": "BMI"
                }
              ]
            }
          },
          {
            "code": {
              "coding": [
                {
                  "system": "http://loinc.org",
                  "code": "8310-5",
                  "display": "Temperature"
                }
              ]
            }
          },
          {
            "code": {
              "coding": [
                {
                  "system": "http://loinc.org",
                  "code": "8459-0",
                  "display": "Systolic Blood Pressure"
                }
              ]
            }
          },
          {
            "code": {
              "coding": [
                {
                  "system": "http://loinc.org",
                  "code": "8453-3",
                  "display": "Diastolic Blood Pressure"
                }
              ]
            }
          }
        ]
      },
      "request": {
        "method": "PUT",
        "url": "http://localhost:8080/cqf-ruler/baseDstu3/Observation/Observation-122122"
      }
    }
  ]
}