{
  "resourceType": "Bundle",
  "type": "transaction",
  "entry": [
    {
      "resource": {
        "resourceType": "Encounter",
        "id": "Encounter-540",
        "status": "finished",
        "class": {
          "system": "http://hl7.org/fhir/encounter-class",
          "code": "other",
          "display": "Other"
        },
        "subject": {
          "reference": "Patient/Patient-1121",
          "display": "Jerry Phillip Goodwall"
        },
        "participant": [
          {
            "period": {
              "start": "2021-06-14T09:36:36-04:00",
              "end": "2021-06-14T09:36:36-04:00"
            },
            "individual": {
              "reference": "Practitioner/Practitioner-2517",
              "display": "Cathy Shannon Warner MD"
            }
          }
        ],
        "period": {
          "start": "2021-06-14T09:36:36-04:00",
          "end": "2021-06-14T09:36:36-04:00"
        },
        "location": [
          {
            "location": {
              "reference": "Location/Location-1102",
              "display": "Pediatric and Adult Medicine"
            }
          }
        ],
        "serviceProvider": {
          "reference": "Organization/Organization-1102",
          "display": "Pediatric and Adult Medicine"
        }
      },
      "request": {
        "method": "PUT",
        "url": "http://localhost:8080/cqf-ruler/baseDstu3/Encounter/Encounter-540"
      }
    },
    {
      "resource": {
        "resourceType": "Immunization",
        "id": "Immunization-73315",
        "status": "completed",
        "notGiven": false,
        "vaccineCode": {
          "coding": [
            {
              "system": "http://hl7.org/fhir/sid/cvx",
              "code": "140",
              "display": "Influenza, seasonal, injectable, preservative free"
            }
          ]
        },
        "patient": {
          "reference": "Patient/Patient-1121",
          "display": "Jerry Phillip Goodwall"
        },
        "date": "2021-06-08T09:36:36-04:00",
        "primarySource": true,
        "location": {
          "reference": "Location/Location-1102",
          "display": "Pediatric and Adult Medicine"
        },
        "practitioner": [
          {
            "actor": {
              "reference": "Practitioner/Practitioner-2517",
              "display": "Cathy Shannon Warner MD"
            }
          }
        ]
      },
      "request": {
        "method": "PUT",
        "url": "http://localhost:8080/cqf-ruler/baseDstu3/Immunization/Immunization-73315"
      }
    },
    {
      "resource": {
        "resourceType": "Procedure",
        "id": "Procedure-100422",
        "status": "completed",
        "code": {
          "coding": [
            {
              "system": "http://loinc.org",
              "code": "29771-3",
              "display": "Hemoglobin.gastrointestinal [Presence] in Stool by Immunologic method"
            }
          ]
        },
        "subject": {
          "reference": "Patient/Patient-1121",
          "display": "Jerry Phillip Goodwall"
        },
        "context": {
          "reference": "Encounter/Encounter-540",
          "display": "Pediatric and Adult Medicine"
        },
        "performedPeriod": {
          "start": "2021-06-14T09:36:36-04:00",
          "end": "2021-06-14T09:36:36-04:00"
        },
        "performer": [
          {
            "actor": {
              "reference": "Practitioner/Practitioner-2517",
              "display": "Cathy Shannon Warner MD"
            }
          }
        ],
        "location": {
          "reference": "Location/Location-1102",
          "display": "Pediatric and Adult Medicine"
        }
      },
      "request": {
        "method": "PUT",
        "url": "http://localhost:8080/cqf-ruler/baseDstu3/Procedure/Procedure-100422"
      }
    },
    {
      "resource": {
        "resourceType": "Observation",
        "id": "Observation-100423",
        "status": "final",
        "code": {
          "coding": [
            {
              "system": "http://loinc.org",
              "code": "2335-8",
              "display": "Hemoglobin.gastrointestinal [Presence] in Stool"
            }
          ]
        },
        "subject": {
          "reference": "Patient/Patient-1121",
          "display": "Jerry Phillip Goodwall"
        },
        "context": {
          "reference": "Encounter/Encounter-540",
          "display": "Pediatric and Adult Medicine"
        },
        "effectiveDateTime": "2021-06-14T09:36:36-04:00",
        "performer": [
          {
            "reference": "Practitioner/Practitioner-2517",
            "display": "Cathy Shannon Warner MD"
          }
        ],
        "valueString": "NEGATIVE"
      },
      "request": {
        "method": "PUT",
        "url": "http://localhost:8080/cqf-ruler/baseDstu3/Observation/Observation-100423"
      }
    },
    {
      "resource": {
        "resourceType": "Observation",
        "id": "Observation-100424",
        "status": "final",
        "code": {
          "coding": [
            {
              "system": "http://loinc.org",
              "code": "8480-6",
              "display": "Systolic blood pressure"
            }
          ]
        },
        "subject": {
          "reference": "Patient/Patient-1121",
          "display": "Jerry Phillip Goodwall"
        },
        "context": {
          "reference": "Encounter/Encounter-540",
          "display": "Pediatric and Adult Medicine"
        },
        "effectiveDateTime": "2021-06-14T09:36:36-04:00",
        "performer": [
          {
            "reference": "Practitioner/Practitioner-2517",
            "display": "Cathy Shannon Warner MD"
          }
        ],
        "valueQuantity": {
          "value": 124.58538918773193,
          "unit": "mmHg"
        }
      },
      "request": {
        "method": "PUT",
        "url": "http://localhost:8080/cqf-ruler/baseDstu3/Observation/Observation-100424"
      }
    },
    {
      "resource": {
        "resourceType": "Observation",
        "id": "Observation-100425",
        "status": "final",
        "code": {
          "coding": [
            {
              "system": "http://loinc.org",
              "code": "8462-4",
              "display": "Diastolic blood pressure"
            }
          ]
        },
        "subject": {
          "reference": "Patient/Patient-1121",
          "display": "Jerry Phillip Goodwall"
        },
        "context": {
          "reference": "Encounter/Encounter-540",
          "display": "Pediatric and Adult Medicine"
        },
        "effectiveDateTime": "2021-06-14T09:36:36-04:00",
        "performer": [
          {
            "reference": "Practitioner/Practitioner-2517",
            "display": "Cathy Shannon Warner MD"
          }
        ],
        "valueQuantity": {
          "value": 82.96971645898124,
          "unit": "mmHg"
        }
      },
      "request": {
        "method": "PUT",
        "url": "http://localhost:8080/cqf-ruler/baseDstu3/Observation/Observation-100425"
      }
    },
    {
      "resource": {
        "resourceType": "Observation",
        "id": "Observation-100426",
        "status": "final",
        "category": [
          {
            "coding": [
              {
                "system": "http://hl7.org/fhir/observation-category",
                "code": "vital-signs",
                "display": "vital-signs"
              }
            ]
          }
        ],
        "code": {
          "coding": [
            {
              "system": "http://loinc.org",
              "code": "8716-3",
              "display": "Vital Signs Panel"
            }
          ]
        },
        "subject": {
          "reference": "Patient/Patient-1121",
          "display": "Jerry Phillip Goodwall"
        },
        "context": {
          "reference": "Encounter/Encounter-540",
          "display": "Pediatric and Adult Medicine"
        },
        "effectivePeriod": {
          "start": "2021-06-14T09:36:36-04:00",
          "end": "2021-06-14T09:36:36-04:00"
        },
        "valueQuantity": {
          "value": 82.96971645898124,
          "unit": "mmHg"
        },
        "component": [
          {
            "code": {
              "coding": [
                {
                  "system": "http://loinc.org",
                  "code": "8302-2",
                  "display": "Height"
                }
              ]
            }
          },
          {
            "code": {
              "coding": [
                {
                  "system": "http://loinc.org",
                  "code": "29463-7",
                  "display": "Weight"
                }
              ]
            }
          },
          {
            "code": {
              "coding": [
                {
                  "system": "http://loinc.org",
                  "code": "39156-5",
                  "display": "BMI"
                }
              ]
            }
          },
          {
            "code": {
              "coding": [
                {
                  "system": "http://loinc.org",
                  "code": "8310-5",
                  "display": "Temperature"
                }
              ]
            }
          },
          {
            "code": {
              "coding": [
                {
                  "system": "http://loinc.org",
                  "code": "8459-0",
                  "display": "Systolic Blood Pressure"
                }
              ]
            }
          },
          {
            "code": {
              "coding": [
                {
                  "system": "http://loinc.org",
                  "code": "8453-3",
                  "display": "Diastolic Blood Pressure"
                }
              ]
            }
          }
        ]
      },
      "request": {
        "method": "PUT",
        "url": "http://localhost:8080/cqf-ruler/baseDstu3/Observation/Observation-100426"
      }
    }
  ]
}