{
  "resourceType": "Bundle",
  "type": "transaction",
  "entry": [
    {
      "resource": {
        "resourceType": "Encounter",
        "id": "Encounter-447",
        "status": "finished",
        "class": {
          "system": "http://hl7.org/fhir/encounter-class",
          "code": "other",
          "display": "Other"
        },
        "subject": {
          "reference": "Patient/Patient-6491",
          "display": "Rosa Bullock Berg"
        },
        "participant": [
          {
            "period": {
              "start": "2020-06-22T09:36:36-04:00",
              "end": "2020-06-22T09:36:36-04:00"
            },
            "individual": {
              "reference": "Practitioner/Practitioner-2528",
              "display": "Tanya Sally Wheeler MD"
            }
          }
        ],
        "period": {
          "start": "2020-06-22T09:36:36-04:00",
          "end": "2020-06-22T09:36:36-04:00"
        },
        "location": [
          {
            "location": {
              "reference": "Location/Location-1101",
              "display": "McKinley Health Center"
            }
          }
        ],
        "serviceProvider": {
          "reference": "Organization/Organization-1101",
          "display": "McKinley Health Center"
        }
      },
      "request": {
        "method": "PUT",
        "url": "http://localhost:8080/cqf-ruler/baseDstu3/Encounter/Encounter-447"
      }
    },
    {
      "resource": {
        "resourceType": "Immunization",
        "id": "Immunization-48293",
        "status": "completed",
        "notGiven": false,
        "vaccineCode": {
          "coding": [
            {
              "system": "http://hl7.org/fhir/sid/cvx",
              "code": "140",
              "display": "Influenza, seasonal, injectable, preservative free"
            }
          ]
        },
        "patient": {
          "reference": "Patient/Patient-6491",
          "display": "Rosa Bullock Berg"
        },
        "date": "2020-06-16T09:36:36-04:00",
        "primarySource": true,
        "location": {
          "reference": "Location/Location-1101",
          "display": "McKinley Health Center"
        },
        "practitioner": [
          {
            "actor": {
              "reference": "Practitioner/Practitioner-2528",
              "display": "Tanya Sally Wheeler MD"
            }
          }
        ]
      },
      "request": {
        "method": "PUT",
        "url": "http://localhost:8080/cqf-ruler/baseDstu3/Immunization/Immunization-48293"
      }
    },
    {
      "resource": {
        "resourceType": "Procedure",
        "id": "Procedure-74423",
        "status": "completed",
        "code": {
          "coding": [
            {
              "system": "http://loinc.org",
              "code": "12504-7",
              "display": "Hemoglobin.gastrointestinal [Presence] in Stool --5th specimen"
            }
          ]
        },
        "subject": {
          "reference": "Patient/Patient-6491",
          "display": "Rosa Bullock Berg"
        },
        "context": {
          "reference": "Encounter/Encounter-447",
          "display": "McKinley Health Center"
        },
        "performedPeriod": {
          "start": "2020-06-22T09:36:36-04:00",
          "end": "2020-06-22T09:36:36-04:00"
        },
        "performer": [
          {
            "actor": {
              "reference": "Practitioner/Practitioner-2528",
              "display": "Tanya Sally Wheeler MD"
            }
          }
        ],
        "location": {
          "reference": "Location/Location-1101",
          "display": "McKinley Health Center"
        }
      },
      "request": {
        "method": "PUT",
        "url": "http://localhost:8080/cqf-ruler/baseDstu3/Procedure/Procedure-74423"
      }
    },
    {
      "resource": {
        "resourceType": "Observation",
        "id": "Observation-74424",
        "status": "final",
        "code": {
          "coding": [
            {
              "system": "http://loinc.org",
              "code": "56491-4",
              "display": "Hemoglobin.gastrointestinal [Presence] in Stool by Immunologic method --3rd specimen"
            }
          ]
        },
        "subject": {
          "reference": "Patient/Patient-6491",
          "display": "Rosa Bullock Berg"
        },
        "context": {
          "reference": "Encounter/Encounter-447",
          "display": "McKinley Health Center"
        },
        "effectiveDateTime": "2020-06-22T09:36:36-04:00",
        "performer": [
          {
            "reference": "Practitioner/Practitioner-2528",
            "display": "Tanya Sally Wheeler MD"
          }
        ],
        "valueString": "NEGATIVE"
      },
      "request": {
        "method": "PUT",
        "url": "http://localhost:8080/cqf-ruler/baseDstu3/Observation/Observation-74424"
      }
    },
    {
      "resource": {
        "resourceType": "Observation",
        "id": "Observation-74425",
        "status": "final",
        "code": {
          "coding": [
            {
              "system": "http://loinc.org",
              "code": "8480-6",
              "display": "Systolic blood pressure"
            }
          ]
        },
        "subject": {
          "reference": "Patient/Patient-6491",
          "display": "Rosa Bullock Berg"
        },
        "context": {
          "reference": "Encounter/Encounter-447",
          "display": "McKinley Health Center"
        },
        "effectiveDateTime": "2020-06-22T09:36:36-04:00",
        "performer": [
          {
            "reference": "Practitioner/Practitioner-2528",
            "display": "Tanya Sally Wheeler MD"
          }
        ],
        "valueQuantity": {
          "value": 169.32316834409738,
          "unit": "mmHg"
        }
      },
      "request": {
        "method": "PUT",
        "url": "http://localhost:8080/cqf-ruler/baseDstu3/Observation/Observation-74425"
      }
    },
    {
      "resource": {
        "resourceType": "Observation",
        "id": "Observation-74426",
        "status": "final",
        "code": {
          "coding": [
            {
              "system": "http://loinc.org",
              "code": "8462-4",
              "display": "Diastolic blood pressure"
            }
          ]
        },
        "subject": {
          "reference": "Patient/Patient-6491",
          "display": "Rosa Bullock Berg"
        },
        "context": {
          "reference": "Encounter/Encounter-447",
          "display": "McKinley Health Center"
        },
        "effectiveDateTime": "2020-06-22T09:36:36-04:00",
        "performer": [
          {
            "reference": "Practitioner/Practitioner-2528",
            "display": "Tanya Sally Wheeler MD"
          }
        ],
        "valueQuantity": {
          "value": 62.451114597778925,
          "unit": "mmHg"
        }
      },
      "request": {
        "method": "PUT",
        "url": "http://localhost:8080/cqf-ruler/baseDstu3/Observation/Observation-74426"
      }
    },
    {
      "resource": {
        "resourceType": "Condition",
        "id": "Condition-74427",
        "clinicalStatus": "active",
        "verificationStatus": "confirmed",
        "code": {
          "coding": [
            {
              "system": "http://snomed.info/sct",
              "code": "371125006",
              "display": "Labile essential hypertension"
            }
          ]
        },
        "subject": {
          "reference": "Patient/Patient-6491",
          "display": "Rosa Bullock Berg"
        },
        "context": {
          "reference": "Encounter/Encounter-447",
          "display": "McKinley Health Center"
        },
        "onsetDateTime": "2020-06-22T09:36:36-04:00",
        "assertedDate": "2020-06-22T09:36:36-04:00",
        "asserter": {
          "reference": "Practitioner/Practitioner-2528",
          "display": "Tanya Sally Wheeler MD"
        }
      },
      "request": {
        "method": "PUT",
        "url": "http://localhost:8080/cqf-ruler/baseDstu3/Condition/Condition-74427"
      }
    },
    {
      "resource": {
        "resourceType": "Procedure",
        "id": "Procedure-74428",
        "status": "completed",
        "code": {
          "coding": [
            {
              "system": "http://snomed.info/sct",
              "code": "43204002",
              "display": "Bilateral mammography (procedure)"
            }
          ]
        },
        "subject": {
          "reference": "Patient/Patient-6491",
          "display": "Rosa Bullock Berg"
        },
        "context": {
          "reference": "Encounter/Encounter-447",
          "display": "McKinley Health Center"
        },
        "performedPeriod": {
          "start": "2020-06-22T09:36:36-04:00",
          "end": "2020-06-22T09:36:36-04:00"
        },
        "performer": [
          {
            "actor": {
              "reference": "Practitioner/Practitioner-2528",
              "display": "Tanya Sally Wheeler MD"
            }
          }
        ],
        "location": {
          "reference": "Location/Location-1101",
          "display": "McKinley Health Center"
        }
      },
      "request": {
        "method": "PUT",
        "url": "http://localhost:8080/cqf-ruler/baseDstu3/Procedure/Procedure-74428"
      }
    },
    {
      "resource": {
        "resourceType": "Observation",
        "id": "Observation-74429",
        "status": "final",
        "code": {
          "coding": [
            {
              "system": "http://snomed.info/sct",
              "code": "168749009",
              "display": "Mammography normal (finding)"
            }
          ]
        },
        "subject": {
          "reference": "Patient/Patient-6491",
          "display": "Rosa Bullock Berg"
        },
        "context": {
          "reference": "Encounter/Encounter-447",
          "display": "McKinley Health Center"
        },
        "effectiveDateTime": "2020-06-22T09:36:36-04:00",
        "performer": [
          {
            "reference": "Practitioner/Practitioner-2528",
            "display": "Tanya Sally Wheeler MD"
          }
        ],
        "valueString": "NEGATIVE"
      },
      "request": {
        "method": "PUT",
        "url": "http://localhost:8080/cqf-ruler/baseDstu3/Observation/Observation-74429"
      }
    },
    {
      "resource": {
        "resourceType": "DiagnosticReport",
        "id": "DiagnosticReport-74430",
        "status": "final",
        "code": {
          "coding": [
            {
              "system": "http://loinc.org",
              "code": "46350-5",
              "display": "Breast - unilateral Mammogram diagnostic"
            }
          ]
        },
        "subject": {
          "reference": "Patient/Patient-6491",
          "display": "Rosa Bullock Berg"
        },
        "context": {
          "reference": "Encounter/Encounter-447",
          "display": "McKinley Health Center"
        },
        "effectivePeriod": {
          "start": "2020-06-22T09:36:36-04:00",
          "end": "2020-06-22T09:36:36-04:00"
        },
        "result": [
          {
            "reference": "Observation/Observation-74429",
            "display": "No_Cancer_Detected"
          }
        ]
      },
      "request": {
        "method": "PUT",
        "url": "http://localhost:8080/cqf-ruler/baseDstu3/DiagnosticReport/DiagnosticReport-74430"
      }
    },
    {
      "resource": {
        "resourceType": "Procedure",
        "id": "Procedure-74431",
        "status": "completed",
        "code": {
          "coding": [
            {
              "system": "http://loinc.org",
              "code": "19764-0",
              "display": "Statement of adequacy [interpretation] of Cervical or vaginal smear or scraping by Cyto stain"
            }
          ]
        },
        "subject": {
          "reference": "Patient/Patient-6491",
          "display": "Rosa Bullock Berg"
        },
        "context": {
          "reference": "Encounter/Encounter-447",
          "display": "McKinley Health Center"
        },
        "performedPeriod": {
          "start": "2020-06-22T09:36:36-04:00",
          "end": "2020-06-22T09:36:36-04:00"
        },
        "performer": [
          {
            "actor": {
              "reference": "Practitioner/Practitioner-2528",
              "display": "Tanya Sally Wheeler MD"
            }
          }
        ],
        "location": {
          "reference": "Location/Location-1101",
          "display": "McKinley Health Center"
        }
      },
      "request": {
        "method": "PUT",
        "url": "http://localhost:8080/cqf-ruler/baseDstu3/Procedure/Procedure-74431"
      }
    },
    {
      "resource": {
        "resourceType": "Observation",
        "id": "Observation-74432",
        "status": "final",
        "code": {
          "coding": [
            {
              "system": "http://snomed.info/sct",
              "code": "289829007",
              "display": "Normal uterine cervix (finding)"
            }
          ]
        },
        "subject": {
          "reference": "Patient/Patient-6491",
          "display": "Rosa Bullock Berg"
        },
        "context": {
          "reference": "Encounter/Encounter-447",
          "display": "McKinley Health Center"
        },
        "effectiveDateTime": "2020-06-22T09:36:36-04:00",
        "performer": [
          {
            "reference": "Practitioner/Practitioner-2528",
            "display": "Tanya Sally Wheeler MD"
          }
        ],
        "valueString": "NEGATIVE"
      },
      "request": {
        "method": "PUT",
        "url": "http://localhost:8080/cqf-ruler/baseDstu3/Observation/Observation-74432"
      }
    },
    {
      "resource": {
        "resourceType": "DiagnosticReport",
        "id": "DiagnosticReport-74433",
        "status": "final",
        "code": {
          "coding": [
            {
              "system": "http://loinc.org",
              "code": "38067-5",
              "display": "Breast - bilateral Mammogram nipple profile"
            }
          ]
        },
        "subject": {
          "reference": "Patient/Patient-6491",
          "display": "Rosa Bullock Berg"
        },
        "context": {
          "reference": "Encounter/Encounter-447",
          "display": "McKinley Health Center"
        },
        "effectivePeriod": {
          "start": "2020-06-22T09:36:36-04:00",
          "end": "2020-06-22T09:36:36-04:00"
        },
        "result": [
          {
            "reference": "Observation/Observation-74432",
            "display": "No_Cancer_Detected"
          }
        ]
      },
      "request": {
        "method": "PUT",
        "url": "http://localhost:8080/cqf-ruler/baseDstu3/DiagnosticReport/DiagnosticReport-74433"
      }
    },
    {
      "resource": {
        "resourceType": "Observation",
        "id": "Observation-74434",
        "status": "final",
        "category": [
          {
            "coding": [
              {
                "system": "http://hl7.org/fhir/observation-category",
                "code": "vital-signs",
                "display": "vital-signs"
              }
            ]
          }
        ],
        "code": {
          "coding": [
            {
              "system": "http://loinc.org",
              "code": "8716-3",
              "display": "Vital Signs Panel"
            }
          ]
        },
        "subject": {
          "reference": "Patient/Patient-6491",
          "display": "Rosa Bullock Berg"
        },
        "context": {
          "reference": "Encounter/Encounter-447",
          "display": "McKinley Health Center"
        },
        "effectivePeriod": {
          "start": "2020-06-22T09:36:36-04:00",
          "end": "2020-06-22T09:36:36-04:00"
        },
        "valueQuantity": {
          "value": 62.451114597778925,
          "unit": "mmHg"
        },
        "component": [
          {
            "code": {
              "coding": [
                {
                  "system": "http://loinc.org",
                  "code": "8302-2",
                  "display": "Height"
                }
              ]
            }
          },
          {
            "code": {
              "coding": [
                {
                  "system": "http://loinc.org",
                  "code": "29463-7",
                  "display": "Weight"
                }
              ]
            }
          },
          {
            "code": {
              "coding": [
                {
                  "system": "http://loinc.org",
                  "code": "39156-5",
                  "display": "BMI"
                }
              ]
            }
          },
          {
            "code": {
              "coding": [
                {
                  "system": "http://loinc.org",
                  "code": "8310-5",
                  "display": "Temperature"
                }
              ]
            }
          },
          {
            "code": {
              "coding": [
                {
                  "system": "http://loinc.org",
                  "code": "8459-0",
                  "display": "Systolic Blood Pressure"
                }
              ]
            }
          },
          {
            "code": {
              "coding": [
                {
                  "system": "http://loinc.org",
                  "code": "8453-3",
                  "display": "Diastolic Blood Pressure"
                }
              ]
            }
          }
        ]
      },
      "request": {
        "method": "PUT",
        "url": "http://localhost:8080/cqf-ruler/baseDstu3/Observation/Observation-74434"
      }
    }
  ]
}