{
  "resourceType": "Bundle",
  "type": "transaction",
  "entry": [
    {
      "resource": {
        "resourceType": "Encounter",
        "id": "Encounter-1117",
        "status": "finished",
        "class": {
          "system": "http://hl7.org/fhir/encounter-class",
          "code": "other",
          "display": "Other"
        },
        "subject": {
          "reference": "Patient/Patient-6533",
          "display": "Tammy Toni Robbins"
        },
        "participant": [
          {
            "period": {
              "start": "2027-01-05T09:36:36-05:00",
              "end": "2027-01-11T09:36:36-05:00"
            },
            "individual": {
              "reference": "Practitioner/Practitioner-2530",
              "display": "Terrence Ramirez McCormick MD"
            }
          }
        ],
        "period": {
          "start": "2027-01-05T09:36:36-05:00",
          "end": "2027-01-11T09:36:36-05:00"
        },
        "location": [
          {
            "location": {
              "reference": "Location/Location-1103",
              "display": "Acme Medical Center"
            }
          }
        ],
        "serviceProvider": {
          "reference": "Organization/Organization-1103",
          "display": "Acme Medical Center"
        }
      },
      "request": {
        "method": "PUT",
        "url": "http://localhost:8080/cqf-ruler/baseDstu3/Encounter/Encounter-1117"
      }
    },
    {
      "resource": {
        "resourceType": "Procedure",
        "id": "Procedure-244581",
        "status": "completed",
        "code": {
          "coding": [
            {
              "system": "http://snomed.info/sct",
              "code": "60633004",
              "display": "Bilateral subcutaneous mammectomy with synchronous implant (procedure)"
            }
          ]
        },
        "subject": {
          "reference": "Patient/Patient-6533",
          "display": "Tammy Toni Robbins"
        },
        "context": {
          "reference": "Encounter/Encounter-1117",
          "display": "Acme Medical Center"
        },
        "performedPeriod": {
          "start": "2027-01-05T09:36:36-05:00",
          "end": "2027-01-05T09:36:36-05:00"
        },
        "performer": [
          {
            "actor": {
              "reference": "Practitioner/Practitioner-2530",
              "display": "Terrence Ramirez McCormick MD"
            }
          }
        ],
        "location": {
          "reference": "Location/Location-1103",
          "display": "Acme Medical Center"
        }
      },
      "request": {
        "method": "PUT",
        "url": "http://localhost:8080/cqf-ruler/baseDstu3/Procedure/Procedure-244581"
      }
    },
    {
      "resource": {
        "resourceType": "Observation",
        "id": "Observation-244583",
        "status": "final",
        "category": [
          {
            "coding": [
              {
                "system": "http://hl7.org/fhir/observation-category",
                "code": "vital-signs",
                "display": "vital-signs"
              }
            ]
          }
        ],
        "code": {
          "coding": [
            {
              "system": "http://loinc.org",
              "code": "8716-3",
              "display": "Vital Signs Panel"
            }
          ]
        },
        "subject": {
          "reference": "Patient/Patient-6533",
          "display": "Tammy Toni Robbins"
        },
        "context": {
          "reference": "Encounter/Encounter-1117",
          "display": "Acme Medical Center"
        },
        "effectivePeriod": {
          "start": "2027-01-11T09:36:36-05:00",
          "end": "2027-01-11T09:36:36-05:00"
        },
        "valueQuantity": {
          "value": 87.58253298370106,
          "unit": "mmHg"
        },
        "component": [
          {
            "code": {
              "coding": [
                {
                  "system": "http://loinc.org",
                  "code": "8302-2",
                  "display": "Height"
                }
              ]
            }
          },
          {
            "code": {
              "coding": [
                {
                  "system": "http://loinc.org",
                  "code": "29463-7",
                  "display": "Weight"
                }
              ]
            }
          },
          {
            "code": {
              "coding": [
                {
                  "system": "http://loinc.org",
                  "code": "39156-5",
                  "display": "BMI"
                }
              ]
            }
          },
          {
            "code": {
              "coding": [
                {
                  "system": "http://loinc.org",
                  "code": "8310-5",
                  "display": "Temperature"
                }
              ]
            }
          },
          {
            "code": {
              "coding": [
                {
                  "system": "http://loinc.org",
                  "code": "8459-0",
                  "display": "Systolic Blood Pressure"
                }
              ]
            }
          },
          {
            "code": {
              "coding": [
                {
                  "system": "http://loinc.org",
                  "code": "8453-3",
                  "display": "Diastolic Blood Pressure"
                }
              ]
            }
          }
        ]
      },
      "request": {
        "method": "PUT",
        "url": "http://localhost:8080/cqf-ruler/baseDstu3/Observation/Observation-244583"
      }
    }
  ]
}