{
  "resourceType": "Bundle",
  "type": "transaction",
  "entry": [
    {
      "resource": {
        "resourceType": "Encounter",
        "id": "Encounter-236",
        "status": "finished",
        "class": {
          "system": "http://hl7.org/fhir/encounter-class",
          "code": "other",
          "display": "Other"
        },
        "subject": {
          "reference": "Patient/Patient-6489",
          "display": "Kathy Howell Ware"
        },
        "participant": [
          {
            "period": {
              "start": "2018-03-19T09:36:36-04:00",
              "end": "2018-03-19T09:36:36-04:00"
            },
            "individual": {
              "reference": "Practitioner/Practitioner-2526",
              "display": "James Woodward Wilkins MD"
            }
          }
        ],
        "period": {
          "start": "2018-03-19T09:36:36-04:00",
          "end": "2018-03-19T09:36:36-04:00"
        },
        "location": [
          {
            "location": {
              "reference": "Location/Location-1105",
              "display": "Bayside Medical Group"
            }
          }
        ],
        "serviceProvider": {
          "reference": "Organization/Organization-1105",
          "display": "Bayside Medical Group"
        }
      },
      "request": {
        "method": "PUT",
        "url": "http://localhost:8080/cqf-ruler/baseDstu3/Encounter/Encounter-236"
      }
    },
    {
      "resource": {
        "resourceType": "Immunization",
        "id": "Immunization-1442",
        "status": "completed",
        "notGiven": false,
        "vaccineCode": {
          "coding": [
            {
              "system": "http://hl7.org/fhir/sid/cvx",
              "code": "140",
              "display": "Influenza, seasonal, injectable, preservative free"
            }
          ]
        },
        "patient": {
          "reference": "Patient/Patient-6489",
          "display": "Kathy Howell Ware"
        },
        "date": "2018-03-14T09:36:36-04:00",
        "primarySource": true,
        "location": {
          "reference": "Location/Location-1105",
          "display": "Bayside Medical Group"
        },
        "practitioner": [
          {
            "actor": {
              "reference": "Practitioner/Practitioner-2526",
              "display": "James Woodward Wilkins MD"
            }
          }
        ]
      },
      "request": {
        "method": "PUT",
        "url": "http://localhost:8080/cqf-ruler/baseDstu3/Immunization/Immunization-1442"
      }
    },
    {
      "resource": {
        "resourceType": "Procedure",
        "id": "Procedure-15613",
        "status": "completed",
        "code": {
          "coding": [
            {
              "system": "http://loinc.org",
              "code": "14563-1",
              "display": "Hemoglobin.gastrointestinal [Presence] in Stool --1st specimen"
            }
          ]
        },
        "subject": {
          "reference": "Patient/Patient-6489",
          "display": "Kathy Howell Ware"
        },
        "context": {
          "reference": "Encounter/Encounter-236",
          "display": "Bayside Medical Group"
        },
        "performedPeriod": {
          "start": "2018-03-19T09:36:36-04:00",
          "end": "2018-03-19T09:36:36-04:00"
        },
        "performer": [
          {
            "actor": {
              "reference": "Practitioner/Practitioner-2526",
              "display": "James Woodward Wilkins MD"
            }
          }
        ],
        "location": {
          "reference": "Location/Location-1105",
          "display": "Bayside Medical Group"
        }
      },
      "request": {
        "method": "PUT",
        "url": "http://localhost:8080/cqf-ruler/baseDstu3/Procedure/Procedure-15613"
      }
    },
    {
      "resource": {
        "resourceType": "Observation",
        "id": "Observation-15614",
        "status": "final",
        "code": {
          "coding": [
            {
              "system": "http://loinc.org",
              "code": "27925-7",
              "display": "Hemoglobin.gastrointestinal [Presence] in Stool --7th specimen"
            }
          ]
        },
        "subject": {
          "reference": "Patient/Patient-6489",
          "display": "Kathy Howell Ware"
        },
        "context": {
          "reference": "Encounter/Encounter-236",
          "display": "Bayside Medical Group"
        },
        "effectiveDateTime": "2018-03-19T09:36:36-04:00",
        "performer": [
          {
            "reference": "Practitioner/Practitioner-2526",
            "display": "James Woodward Wilkins MD"
          }
        ],
        "valueString": "NEGATIVE"
      },
      "request": {
        "method": "PUT",
        "url": "http://localhost:8080/cqf-ruler/baseDstu3/Observation/Observation-15614"
      }
    },
    {
      "resource": {
        "resourceType": "Observation",
        "id": "Observation-15615",
        "status": "final",
        "code": {
          "coding": [
            {
              "system": "http://loinc.org",
              "code": "8480-6",
              "display": "Systolic blood pressure"
            }
          ]
        },
        "subject": {
          "reference": "Patient/Patient-6489",
          "display": "Kathy Howell Ware"
        },
        "context": {
          "reference": "Encounter/Encounter-236",
          "display": "Bayside Medical Group"
        },
        "effectiveDateTime": "2018-03-19T09:36:36-04:00",
        "performer": [
          {
            "reference": "Practitioner/Practitioner-2526",
            "display": "James Woodward Wilkins MD"
          }
        ],
        "valueQuantity": {
          "value": 172.5014740840844,
          "unit": "mmHg"
        }
      },
      "request": {
        "method": "PUT",
        "url": "http://localhost:8080/cqf-ruler/baseDstu3/Observation/Observation-15615"
      }
    },
    {
      "resource": {
        "resourceType": "Observation",
        "id": "Observation-15616",
        "status": "final",
        "code": {
          "coding": [
            {
              "system": "http://loinc.org",
              "code": "8462-4",
              "display": "Diastolic blood pressure"
            }
          ]
        },
        "subject": {
          "reference": "Patient/Patient-6489",
          "display": "Kathy Howell Ware"
        },
        "context": {
          "reference": "Encounter/Encounter-236",
          "display": "Bayside Medical Group"
        },
        "effectiveDateTime": "2018-03-19T09:36:36-04:00",
        "performer": [
          {
            "reference": "Practitioner/Practitioner-2526",
            "display": "James Woodward Wilkins MD"
          }
        ],
        "valueQuantity": {
          "value": 94.18472146782658,
          "unit": "mmHg"
        }
      },
      "request": {
        "method": "PUT",
        "url": "http://localhost:8080/cqf-ruler/baseDstu3/Observation/Observation-15616"
      }
    },
    {
      "resource": {
        "resourceType": "Condition",
        "id": "Condition-15617",
        "clinicalStatus": "active",
        "verificationStatus": "confirmed",
        "code": {
          "coding": [
            {
              "system": "http://snomed.info/sct",
              "code": "46481004",
              "display": "Low-renin essential hypertension"
            }
          ]
        },
        "subject": {
          "reference": "Patient/Patient-6489",
          "display": "Kathy Howell Ware"
        },
        "context": {
          "reference": "Encounter/Encounter-236",
          "display": "Bayside Medical Group"
        },
        "onsetDateTime": "2018-03-19T09:36:36-04:00",
        "assertedDate": "2018-03-19T09:36:36-04:00",
        "asserter": {
          "reference": "Practitioner/Practitioner-2526",
          "display": "James Woodward Wilkins MD"
        }
      },
      "request": {
        "method": "PUT",
        "url": "http://localhost:8080/cqf-ruler/baseDstu3/Condition/Condition-15617"
      }
    },
    {
      "resource": {
        "resourceType": "Procedure",
        "id": "Procedure-15618",
        "status": "completed",
        "code": {
          "coding": [
            {
              "system": "http://snomed.info/sct",
              "code": "43204002",
              "display": "Bilateral mammography (procedure)"
            }
          ]
        },
        "subject": {
          "reference": "Patient/Patient-6489",
          "display": "Kathy Howell Ware"
        },
        "context": {
          "reference": "Encounter/Encounter-236",
          "display": "Bayside Medical Group"
        },
        "performedPeriod": {
          "start": "2018-03-19T09:36:36-04:00",
          "end": "2018-03-19T09:36:36-04:00"
        },
        "performer": [
          {
            "actor": {
              "reference": "Practitioner/Practitioner-2526",
              "display": "James Woodward Wilkins MD"
            }
          }
        ],
        "location": {
          "reference": "Location/Location-1105",
          "display": "Bayside Medical Group"
        }
      },
      "request": {
        "method": "PUT",
        "url": "http://localhost:8080/cqf-ruler/baseDstu3/Procedure/Procedure-15618"
      }
    },
    {
      "resource": {
        "resourceType": "Observation",
        "id": "Observation-15619",
        "status": "final",
        "code": {
          "coding": [
            {
              "system": "http://snomed.info/sct",
              "code": "168749009",
              "display": "Mammography normal (finding)"
            }
          ]
        },
        "subject": {
          "reference": "Patient/Patient-6489",
          "display": "Kathy Howell Ware"
        },
        "context": {
          "reference": "Encounter/Encounter-236",
          "display": "Bayside Medical Group"
        },
        "effectiveDateTime": "2018-03-19T09:36:36-04:00",
        "performer": [
          {
            "reference": "Practitioner/Practitioner-2526",
            "display": "James Woodward Wilkins MD"
          }
        ],
        "valueString": "NEGATIVE"
      },
      "request": {
        "method": "PUT",
        "url": "http://localhost:8080/cqf-ruler/baseDstu3/Observation/Observation-15619"
      }
    },
    {
      "resource": {
        "resourceType": "DiagnosticReport",
        "id": "DiagnosticReport-15620",
        "status": "final",
        "code": {
          "coding": [
            {
              "system": "http://loinc.org",
              "code": "38072-5",
              "display": "Breast implant - left Mammogram"
            }
          ]
        },
        "subject": {
          "reference": "Patient/Patient-6489",
          "display": "Kathy Howell Ware"
        },
        "context": {
          "reference": "Encounter/Encounter-236",
          "display": "Bayside Medical Group"
        },
        "effectivePeriod": {
          "start": "2018-03-19T09:36:36-04:00",
          "end": "2018-03-19T09:36:36-04:00"
        },
        "result": [
          {
            "reference": "Observation/Observation-15619",
            "display": "No_Cancer_Detected"
          }
        ]
      },
      "request": {
        "method": "PUT",
        "url": "http://localhost:8080/cqf-ruler/baseDstu3/DiagnosticReport/DiagnosticReport-15620"
      }
    },
    {
      "resource": {
        "resourceType": "Procedure",
        "id": "Procedure-15621",
        "status": "completed",
        "code": {
          "coding": [
            {
              "system": "http://loinc.org",
              "code": "19764-0",
              "display": "Statement of adequacy [interpretation] of Cervical or vaginal smear or scraping by Cyto stain"
            }
          ]
        },
        "subject": {
          "reference": "Patient/Patient-6489",
          "display": "Kathy Howell Ware"
        },
        "context": {
          "reference": "Encounter/Encounter-236",
          "display": "Bayside Medical Group"
        },
        "performedPeriod": {
          "start": "2018-03-19T09:36:36-04:00",
          "end": "2018-03-19T09:36:36-04:00"
        },
        "performer": [
          {
            "actor": {
              "reference": "Practitioner/Practitioner-2526",
              "display": "James Woodward Wilkins MD"
            }
          }
        ],
        "location": {
          "reference": "Location/Location-1105",
          "display": "Bayside Medical Group"
        }
      },
      "request": {
        "method": "PUT",
        "url": "http://localhost:8080/cqf-ruler/baseDstu3/Procedure/Procedure-15621"
      }
    },
    {
      "resource": {
        "resourceType": "Observation",
        "id": "Observation-15623",
        "status": "final",
        "code": {
          "coding": [
            {
              "system": "http://snomed.info/sct",
              "code": "439888000",
              "display": "Abnormal cervical Papanicolaou smear (finding)"
            }
          ]
        },
        "subject": {
          "reference": "Patient/Patient-6489",
          "display": "Kathy Howell Ware"
        },
        "context": {
          "reference": "Encounter/Encounter-236",
          "display": "Bayside Medical Group"
        },
        "effectiveDateTime": "2018-03-19T09:36:36-04:00",
        "performer": [
          {
            "reference": "Practitioner/Practitioner-2526",
            "display": "James Woodward Wilkins MD"
          }
        ],
        "valueString": "POSITIVE"
      },
      "request": {
        "method": "PUT",
        "url": "http://localhost:8080/cqf-ruler/baseDstu3/Observation/Observation-15623"
      }
    },
    {
      "resource": {
        "resourceType": "DiagnosticReport",
        "id": "DiagnosticReport-15624",
        "status": "final",
        "code": {
          "coding": [
            {
              "system": "http://loinc.org",
              "code": "42416-8",
              "display": "Breast - left Mammogram Post Wire Placement"
            }
          ]
        },
        "subject": {
          "reference": "Patient/Patient-6489",
          "display": "Kathy Howell Ware"
        },
        "context": {
          "reference": "Encounter/Encounter-236",
          "display": "Bayside Medical Group"
        },
        "effectivePeriod": {
          "start": "2018-03-19T09:36:36-04:00",
          "end": "2018-03-19T09:36:36-04:00"
        },
        "result": [
          {
            "reference": "Observation/Observation-15623",
            "display": "Cervical_Cancer_Observation"
          }
        ]
      },
      "request": {
        "method": "PUT",
        "url": "http://localhost:8080/cqf-ruler/baseDstu3/DiagnosticReport/DiagnosticReport-15624"
      }
    },
    {
      "resource": {
        "resourceType": "Observation",
        "id": "Observation-15625",
        "status": "final",
        "category": [
          {
            "coding": [
              {
                "system": "http://hl7.org/fhir/observation-category",
                "code": "vital-signs",
                "display": "vital-signs"
              }
            ]
          }
        ],
        "code": {
          "coding": [
            {
              "system": "http://loinc.org",
              "code": "8716-3",
              "display": "Vital Signs Panel"
            }
          ]
        },
        "subject": {
          "reference": "Patient/Patient-6489",
          "display": "Kathy Howell Ware"
        },
        "context": {
          "reference": "Encounter/Encounter-236",
          "display": "Bayside Medical Group"
        },
        "effectivePeriod": {
          "start": "2018-03-19T09:36:36-04:00",
          "end": "2018-03-19T09:36:36-04:00"
        },
        "valueQuantity": {
          "value": 94.18472146782658,
          "unit": "mmHg"
        },
        "component": [
          {
            "code": {
              "coding": [
                {
                  "system": "http://loinc.org",
                  "code": "8302-2",
                  "display": "Height"
                }
              ]
            }
          },
          {
            "code": {
              "coding": [
                {
                  "system": "http://loinc.org",
                  "code": "29463-7",
                  "display": "Weight"
                }
              ]
            }
          },
          {
            "code": {
              "coding": [
                {
                  "system": "http://loinc.org",
                  "code": "39156-5",
                  "display": "BMI"
                }
              ]
            }
          },
          {
            "code": {
              "coding": [
                {
                  "system": "http://loinc.org",
                  "code": "8310-5",
                  "display": "Temperature"
                }
              ]
            }
          },
          {
            "code": {
              "coding": [
                {
                  "system": "http://loinc.org",
                  "code": "8459-0",
                  "display": "Systolic Blood Pressure"
                }
              ]
            }
          },
          {
            "code": {
              "coding": [
                {
                  "system": "http://loinc.org",
                  "code": "8453-3",
                  "display": "Diastolic Blood Pressure"
                }
              ]
            }
          }
        ]
      },
      "request": {
        "method": "PUT",
        "url": "http://localhost:8080/cqf-ruler/baseDstu3/Observation/Observation-15625"
      }
    }
  ]
}