{
  "resourceType": "Bundle",
  "type": "transaction",
  "entry": [
    {
      "resource": {
        "resourceType": "Encounter",
        "id": "Encounter-597",
        "status": "finished",
        "class": {
          "system": "http://hl7.org/fhir/encounter-class",
          "code": "other",
          "display": "Other"
        },
        "subject": {
          "reference": "Patient/Patient-6526",
          "display": "Doris Bertha Francis"
        },
        "participant": [
          {
            "period": {
              "start": "2022-02-07T09:36:36-05:00",
              "end": "2022-02-07T09:36:36-05:00"
            },
            "individual": {
              "reference": "Practitioner/Practitioner-2523",
              "display": "Dean Andrew Davis MD"
            }
          }
        ],
        "period": {
          "start": "2022-02-07T09:36:36-05:00",
          "end": "2022-02-07T09:36:36-05:00"
        },
        "location": [
          {
            "location": {
              "reference": "Location/Location-1102",
              "display": "Pediatric and Adult Medicine"
            }
          }
        ],
        "serviceProvider": {
          "reference": "Organization/Organization-1102",
          "display": "Pediatric and Adult Medicine"
        }
      },
      "request": {
        "method": "PUT",
        "url": "http://localhost:8080/cqf-ruler/baseDstu3/Encounter/Encounter-597"
      }
    },
    {
      "resource": {
        "resourceType": "Immunization",
        "id": "Immunization-89623",
        "status": "completed",
        "notGiven": false,
        "vaccineCode": {
          "coding": [
            {
              "system": "http://hl7.org/fhir/sid/cvx",
              "code": "140",
              "display": "Influenza, seasonal, injectable, preservative free"
            }
          ]
        },
        "patient": {
          "reference": "Patient/Patient-6526",
          "display": "Doris Bertha Francis"
        },
        "date": "2022-02-01T09:36:36-05:00",
        "primarySource": true,
        "location": {
          "reference": "Location/Location-1102",
          "display": "Pediatric and Adult Medicine"
        },
        "practitioner": [
          {
            "actor": {
              "reference": "Practitioner/Practitioner-2523",
              "display": "Dean Andrew Davis MD"
            }
          }
        ]
      },
      "request": {
        "method": "PUT",
        "url": "http://localhost:8080/cqf-ruler/baseDstu3/Immunization/Immunization-89623"
      }
    },
    {
      "resource": {
        "resourceType": "Procedure",
        "id": "Procedure-116199",
        "status": "completed",
        "code": {
          "coding": [
            {
              "system": "http://loinc.org",
              "code": "12503-9",
              "display": "Hemoglobin.gastrointestinal [Presence] in Stool --4th specimen"
            }
          ]
        },
        "subject": {
          "reference": "Patient/Patient-6526",
          "display": "Doris Bertha Francis"
        },
        "context": {
          "reference": "Encounter/Encounter-597",
          "display": "Pediatric and Adult Medicine"
        },
        "performedPeriod": {
          "start": "2022-02-07T09:36:36-05:00",
          "end": "2022-02-07T09:36:36-05:00"
        },
        "performer": [
          {
            "actor": {
              "reference": "Practitioner/Practitioner-2523",
              "display": "Dean Andrew Davis MD"
            }
          }
        ],
        "location": {
          "reference": "Location/Location-1102",
          "display": "Pediatric and Adult Medicine"
        }
      },
      "request": {
        "method": "PUT",
        "url": "http://localhost:8080/cqf-ruler/baseDstu3/Procedure/Procedure-116199"
      }
    },
    {
      "resource": {
        "resourceType": "Observation",
        "id": "Observation-116200",
        "status": "final",
        "code": {
          "coding": [
            {
              "system": "http://loinc.org",
              "code": "14563-1",
              "display": "Hemoglobin.gastrointestinal [Presence] in Stool --1st specimen"
            }
          ]
        },
        "subject": {
          "reference": "Patient/Patient-6526",
          "display": "Doris Bertha Francis"
        },
        "context": {
          "reference": "Encounter/Encounter-597",
          "display": "Pediatric and Adult Medicine"
        },
        "effectiveDateTime": "2022-02-07T09:36:36-05:00",
        "performer": [
          {
            "reference": "Practitioner/Practitioner-2523",
            "display": "Dean Andrew Davis MD"
          }
        ],
        "valueString": "NEGATIVE"
      },
      "request": {
        "method": "PUT",
        "url": "http://localhost:8080/cqf-ruler/baseDstu3/Observation/Observation-116200"
      }
    },
    {
      "resource": {
        "resourceType": "Observation",
        "id": "Observation-116201",
        "status": "final",
        "code": {
          "coding": [
            {
              "system": "http://loinc.org",
              "code": "8480-6",
              "display": "Systolic blood pressure"
            }
          ]
        },
        "subject": {
          "reference": "Patient/Patient-6526",
          "display": "Doris Bertha Francis"
        },
        "context": {
          "reference": "Encounter/Encounter-597",
          "display": "Pediatric and Adult Medicine"
        },
        "effectiveDateTime": "2022-02-07T09:36:36-05:00",
        "performer": [
          {
            "reference": "Practitioner/Practitioner-2523",
            "display": "Dean Andrew Davis MD"
          }
        ],
        "valueQuantity": {
          "value": 139.83283896492082,
          "unit": "mmHg"
        }
      },
      "request": {
        "method": "PUT",
        "url": "http://localhost:8080/cqf-ruler/baseDstu3/Observation/Observation-116201"
      }
    },
    {
      "resource": {
        "resourceType": "Observation",
        "id": "Observation-116202",
        "status": "final",
        "code": {
          "coding": [
            {
              "system": "http://loinc.org",
              "code": "8462-4",
              "display": "Diastolic blood pressure"
            }
          ]
        },
        "subject": {
          "reference": "Patient/Patient-6526",
          "display": "Doris Bertha Francis"
        },
        "context": {
          "reference": "Encounter/Encounter-597",
          "display": "Pediatric and Adult Medicine"
        },
        "effectiveDateTime": "2022-02-07T09:36:36-05:00",
        "performer": [
          {
            "reference": "Practitioner/Practitioner-2523",
            "display": "Dean Andrew Davis MD"
          }
        ],
        "valueQuantity": {
          "value": 60.777720715254794,
          "unit": "mmHg"
        }
      },
      "request": {
        "method": "PUT",
        "url": "http://localhost:8080/cqf-ruler/baseDstu3/Observation/Observation-116202"
      }
    },
    {
      "resource": {
        "resourceType": "Observation",
        "id": "Observation-116203",
        "status": "final",
        "category": [
          {
            "coding": [
              {
                "system": "http://hl7.org/fhir/observation-category",
                "code": "vital-signs",
                "display": "vital-signs"
              }
            ]
          }
        ],
        "code": {
          "coding": [
            {
              "system": "http://loinc.org",
              "code": "8716-3",
              "display": "Vital Signs Panel"
            }
          ]
        },
        "subject": {
          "reference": "Patient/Patient-6526",
          "display": "Doris Bertha Francis"
        },
        "context": {
          "reference": "Encounter/Encounter-597",
          "display": "Pediatric and Adult Medicine"
        },
        "effectivePeriod": {
          "start": "2022-02-07T09:36:36-05:00",
          "end": "2022-02-07T09:36:36-05:00"
        },
        "valueQuantity": {
          "value": 60.777720715254794,
          "unit": "mmHg"
        },
        "component": [
          {
            "code": {
              "coding": [
                {
                  "system": "http://loinc.org",
                  "code": "8302-2",
                  "display": "Height"
                }
              ]
            }
          },
          {
            "code": {
              "coding": [
                {
                  "system": "http://loinc.org",
                  "code": "29463-7",
                  "display": "Weight"
                }
              ]
            }
          },
          {
            "code": {
              "coding": [
                {
                  "system": "http://loinc.org",
                  "code": "39156-5",
                  "display": "BMI"
                }
              ]
            }
          },
          {
            "code": {
              "coding": [
                {
                  "system": "http://loinc.org",
                  "code": "8310-5",
                  "display": "Temperature"
                }
              ]
            }
          },
          {
            "code": {
              "coding": [
                {
                  "system": "http://loinc.org",
                  "code": "8459-0",
                  "display": "Systolic Blood Pressure"
                }
              ]
            }
          },
          {
            "code": {
              "coding": [
                {
                  "system": "http://loinc.org",
                  "code": "8453-3",
                  "display": "Diastolic Blood Pressure"
                }
              ]
            }
          }
        ]
      },
      "request": {
        "method": "PUT",
        "url": "http://localhost:8080/cqf-ruler/baseDstu3/Observation/Observation-116203"
      }
    }
  ]
}