{
  "resourceType": "Bundle",
  "type": "transaction",
  "entry": [
    {
      "resource": {
        "resourceType": "Encounter",
        "id": "Encounter-1019",
        "status": "finished",
        "class": {
          "system": "http://hl7.org/fhir/encounter-class",
          "code": "other",
          "display": "Other"
        },
        "subject": {
          "reference": "Patient/Patient-6521",
          "display": "Luis Norris Ayala"
        },
        "participant": [
          {
            "period": {
              "start": "2026-11-30T09:36:36-05:00",
              "end": "2026-11-30T09:36:36-05:00"
            },
            "individual": {
              "reference": "Practitioner/Practitioner-2518",
              "display": "Jane Rosemary Saunders MD"
            }
          }
        ],
        "period": {
          "start": "2026-11-30T09:36:36-05:00",
          "end": "2026-11-30T09:36:36-05:00"
        },
        "location": [
          {
            "location": {
              "reference": "Location/Location-1103",
              "display": "Acme Medical Center"
            }
          }
        ],
        "serviceProvider": {
          "reference": "Organization/Organization-1103",
          "display": "Acme Medical Center"
        }
      },
      "request": {
        "method": "PUT",
        "url": "http://localhost:8080/cqf-ruler/baseDstu3/Encounter/Encounter-1019"
      }
    },
    {
      "resource": {
        "resourceType": "Immunization",
        "id": "Immunization-214565",
        "status": "completed",
        "notGiven": false,
        "vaccineCode": {
          "coding": [
            {
              "system": "http://hl7.org/fhir/sid/cvx",
              "code": "140",
              "display": "Influenza, seasonal, injectable, preservative free"
            }
          ]
        },
        "patient": {
          "reference": "Patient/Patient-6521",
          "display": "Luis Norris Ayala"
        },
        "date": "2026-11-24T09:36:36-05:00",
        "primarySource": true,
        "location": {
          "reference": "Location/Location-1103",
          "display": "Acme Medical Center"
        },
        "practitioner": [
          {
            "actor": {
              "reference": "Practitioner/Practitioner-2518",
              "display": "Jane Rosemary Saunders MD"
            }
          }
        ]
      },
      "request": {
        "method": "PUT",
        "url": "http://localhost:8080/cqf-ruler/baseDstu3/Immunization/Immunization-214565"
      }
    },
    {
      "resource": {
        "resourceType": "Immunization",
        "id": "Immunization-214566",
        "status": "completed",
        "notGiven": false,
        "vaccineCode": {
          "coding": [
            {
              "system": "http://hl7.org/fhir/sid/cvx",
              "code": "121",
              "display": "zoster"
            }
          ]
        },
        "patient": {
          "reference": "Patient/Patient-6521",
          "display": "Luis Norris Ayala"
        },
        "date": "2026-11-24T09:36:36-05:00",
        "primarySource": true,
        "location": {
          "reference": "Location/Location-1103",
          "display": "Acme Medical Center"
        },
        "practitioner": [
          {
            "actor": {
              "reference": "Practitioner/Practitioner-2518",
              "display": "Jane Rosemary Saunders MD"
            }
          }
        ]
      },
      "request": {
        "method": "PUT",
        "url": "http://localhost:8080/cqf-ruler/baseDstu3/Immunization/Immunization-214566"
      }
    },
    {
      "resource": {
        "resourceType": "Procedure",
        "id": "Procedure-240355",
        "status": "completed",
        "code": {
          "coding": [
            {
              "system": "http://loinc.org",
              "code": "14564-9",
              "display": "Hemoglobin.gastrointestinal [Presence] in Stool --2nd specimen"
            }
          ]
        },
        "subject": {
          "reference": "Patient/Patient-6521",
          "display": "Luis Norris Ayala"
        },
        "context": {
          "reference": "Encounter/Encounter-1019",
          "display": "Acme Medical Center"
        },
        "performedPeriod": {
          "start": "2026-11-30T09:36:36-05:00",
          "end": "2026-11-30T09:36:36-05:00"
        },
        "performer": [
          {
            "actor": {
              "reference": "Practitioner/Practitioner-2518",
              "display": "Jane Rosemary Saunders MD"
            }
          }
        ],
        "location": {
          "reference": "Location/Location-1103",
          "display": "Acme Medical Center"
        }
      },
      "request": {
        "method": "PUT",
        "url": "http://localhost:8080/cqf-ruler/baseDstu3/Procedure/Procedure-240355"
      }
    },
    {
      "resource": {
        "resourceType": "Observation",
        "id": "Observation-240356",
        "status": "final",
        "code": {
          "coding": [
            {
              "system": "http://loinc.org",
              "code": "14565-6",
              "display": "Hemoglobin.gastrointestinal [Presence] in Stool --3rd specimen"
            }
          ]
        },
        "subject": {
          "reference": "Patient/Patient-6521",
          "display": "Luis Norris Ayala"
        },
        "context": {
          "reference": "Encounter/Encounter-1019",
          "display": "Acme Medical Center"
        },
        "effectiveDateTime": "2026-11-30T09:36:36-05:00",
        "performer": [
          {
            "reference": "Practitioner/Practitioner-2518",
            "display": "Jane Rosemary Saunders MD"
          }
        ],
        "valueString": "NEGATIVE"
      },
      "request": {
        "method": "PUT",
        "url": "http://localhost:8080/cqf-ruler/baseDstu3/Observation/Observation-240356"
      }
    },
    {
      "resource": {
        "resourceType": "Observation",
        "id": "Observation-240357",
        "status": "final",
        "code": {
          "coding": [
            {
              "system": "http://loinc.org",
              "code": "8480-6",
              "display": "Systolic blood pressure"
            }
          ]
        },
        "subject": {
          "reference": "Patient/Patient-6521",
          "display": "Luis Norris Ayala"
        },
        "context": {
          "reference": "Encounter/Encounter-1019",
          "display": "Acme Medical Center"
        },
        "effectiveDateTime": "2026-11-30T09:36:36-05:00",
        "performer": [
          {
            "reference": "Practitioner/Practitioner-2518",
            "display": "Jane Rosemary Saunders MD"
          }
        ],
        "valueQuantity": {
          "value": 146.87132484631746,
          "unit": "mmHg"
        }
      },
      "request": {
        "method": "PUT",
        "url": "http://localhost:8080/cqf-ruler/baseDstu3/Observation/Observation-240357"
      }
    },
    {
      "resource": {
        "resourceType": "Observation",
        "id": "Observation-240358",
        "status": "final",
        "code": {
          "coding": [
            {
              "system": "http://loinc.org",
              "code": "8462-4",
              "display": "Diastolic blood pressure"
            }
          ]
        },
        "subject": {
          "reference": "Patient/Patient-6521",
          "display": "Luis Norris Ayala"
        },
        "context": {
          "reference": "Encounter/Encounter-1019",
          "display": "Acme Medical Center"
        },
        "effectiveDateTime": "2026-11-30T09:36:36-05:00",
        "performer": [
          {
            "reference": "Practitioner/Practitioner-2518",
            "display": "Jane Rosemary Saunders MD"
          }
        ],
        "valueQuantity": {
          "value": 102.26019673063423,
          "unit": "mmHg"
        }
      },
      "request": {
        "method": "PUT",
        "url": "http://localhost:8080/cqf-ruler/baseDstu3/Observation/Observation-240358"
      }
    },
    {
      "resource": {
        "resourceType": "Condition",
        "id": "Condition-240359",
        "clinicalStatus": "active",
        "verificationStatus": "confirmed",
        "code": {
          "coding": [
            {
              "system": "http://snomed.info/sct",
              "code": "65518004",
              "display": "Labile diastolic hypertension"
            }
          ]
        },
        "subject": {
          "reference": "Patient/Patient-6521",
          "display": "Luis Norris Ayala"
        },
        "context": {
          "reference": "Encounter/Encounter-1019",
          "display": "Acme Medical Center"
        },
        "onsetDateTime": "2026-11-30T09:36:36-05:00",
        "assertedDate": "2026-11-30T09:36:36-05:00",
        "asserter": {
          "reference": "Practitioner/Practitioner-2518",
          "display": "Jane Rosemary Saunders MD"
        }
      },
      "request": {
        "method": "PUT",
        "url": "http://localhost:8080/cqf-ruler/baseDstu3/Condition/Condition-240359"
      }
    },
    {
      "resource": {
        "resourceType": "Observation",
        "id": "Observation-240360",
        "status": "final",
        "category": [
          {
            "coding": [
              {
                "system": "http://hl7.org/fhir/observation-category",
                "code": "vital-signs",
                "display": "vital-signs"
              }
            ]
          }
        ],
        "code": {
          "coding": [
            {
              "system": "http://loinc.org",
              "code": "8716-3",
              "display": "Vital Signs Panel"
            }
          ]
        },
        "subject": {
          "reference": "Patient/Patient-6521",
          "display": "Luis Norris Ayala"
        },
        "context": {
          "reference": "Encounter/Encounter-1019",
          "display": "Acme Medical Center"
        },
        "effectivePeriod": {
          "start": "2026-11-30T09:36:36-05:00",
          "end": "2026-11-30T09:36:36-05:00"
        },
        "valueQuantity": {
          "value": 102.26019673063423,
          "unit": "mmHg"
        },
        "component": [
          {
            "code": {
              "coding": [
                {
                  "system": "http://loinc.org",
                  "code": "8302-2",
                  "display": "Height"
                }
              ]
            }
          },
          {
            "code": {
              "coding": [
                {
                  "system": "http://loinc.org",
                  "code": "29463-7",
                  "display": "Weight"
                }
              ]
            }
          },
          {
            "code": {
              "coding": [
                {
                  "system": "http://loinc.org",
                  "code": "39156-5",
                  "display": "BMI"
                }
              ]
            }
          },
          {
            "code": {
              "coding": [
                {
                  "system": "http://loinc.org",
                  "code": "8310-5",
                  "display": "Temperature"
                }
              ]
            }
          },
          {
            "code": {
              "coding": [
                {
                  "system": "http://loinc.org",
                  "code": "8459-0",
                  "display": "Systolic Blood Pressure"
                }
              ]
            }
          },
          {
            "code": {
              "coding": [
                {
                  "system": "http://loinc.org",
                  "code": "8453-3",
                  "display": "Diastolic Blood Pressure"
                }
              ]
            }
          }
        ]
      },
      "request": {
        "method": "PUT",
        "url": "http://localhost:8080/cqf-ruler/baseDstu3/Observation/Observation-240360"
      }
    }
  ]
}