{
  "resourceType": "Bundle",
  "type": "transaction",
  "entry": [
    {
      "resource": {
        "resourceType": "Encounter",
        "id": "Encounter-1043",
        "status": "finished",
        "class": {
          "system": "http://hl7.org/fhir/encounter-class",
          "code": "other",
          "display": "Other"
        },
        "subject": {
          "reference": "Patient/Patient-6509",
          "display": "Shawn Conley Owen Jr"
        },
        "participant": [
          {
            "period": {
              "start": "2027-03-08T09:36:36-05:00",
              "end": "2027-03-08T09:36:36-05:00"
            },
            "individual": {
              "reference": "Practitioner/Practitioner-2526",
              "display": "James Woodward Wilkins MD"
            }
          }
        ],
        "period": {
          "start": "2027-03-08T09:36:36-05:00",
          "end": "2027-03-08T09:36:36-05:00"
        },
        "location": [
          {
            "location": {
              "reference": "Location/Location-1105",
              "display": "Bayside Medical Group"
            }
          }
        ],
        "serviceProvider": {
          "reference": "Organization/Organization-1105",
          "display": "Bayside Medical Group"
        }
      },
      "request": {
        "method": "PUT",
        "url": "http://localhost:8080/cqf-ruler/baseDstu3/Encounter/Encounter-1043"
      }
    },
    {
      "resource": {
        "resourceType": "Immunization",
        "id": "Immunization-221007",
        "status": "completed",
        "notGiven": false,
        "vaccineCode": {
          "coding": [
            {
              "system": "http://hl7.org/fhir/sid/cvx",
              "code": "140",
              "display": "Influenza, seasonal, injectable, preservative free"
            }
          ]
        },
        "patient": {
          "reference": "Patient/Patient-6509",
          "display": "Shawn Conley Owen Jr"
        },
        "date": "2027-03-02T09:36:36-05:00",
        "primarySource": true,
        "location": {
          "reference": "Location/Location-1105",
          "display": "Bayside Medical Group"
        },
        "practitioner": [
          {
            "actor": {
              "reference": "Practitioner/Practitioner-2526",
              "display": "James Woodward Wilkins MD"
            }
          }
        ]
      },
      "request": {
        "method": "PUT",
        "url": "http://localhost:8080/cqf-ruler/baseDstu3/Immunization/Immunization-221007"
      }
    },
    {
      "resource": {
        "resourceType": "Immunization",
        "id": "Immunization-221008",
        "status": "completed",
        "notGiven": false,
        "vaccineCode": {
          "coding": [
            {
              "system": "http://hl7.org/fhir/sid/cvx",
              "code": "113",
              "display": "Td (adult) preservative free"
            }
          ]
        },
        "patient": {
          "reference": "Patient/Patient-6509",
          "display": "Shawn Conley Owen Jr"
        },
        "date": "2027-03-02T09:36:36-05:00",
        "primarySource": true,
        "location": {
          "reference": "Location/Location-1105",
          "display": "Bayside Medical Group"
        },
        "practitioner": [
          {
            "actor": {
              "reference": "Practitioner/Practitioner-2526",
              "display": "James Woodward Wilkins MD"
            }
          }
        ]
      },
      "request": {
        "method": "PUT",
        "url": "http://localhost:8080/cqf-ruler/baseDstu3/Immunization/Immunization-221008"
      }
    },
    {
      "resource": {
        "resourceType": "Procedure",
        "id": "Procedure-248606",
        "status": "completed",
        "code": {
          "coding": [
            {
              "system": "http://loinc.org",
              "code": "27925-7",
              "display": "Hemoglobin.gastrointestinal [Presence] in Stool --7th specimen"
            }
          ]
        },
        "subject": {
          "reference": "Patient/Patient-6509",
          "display": "Shawn Conley Owen Jr"
        },
        "context": {
          "reference": "Encounter/Encounter-1043",
          "display": "Bayside Medical Group"
        },
        "performedPeriod": {
          "start": "2027-03-08T09:36:36-05:00",
          "end": "2027-03-08T09:36:36-05:00"
        },
        "performer": [
          {
            "actor": {
              "reference": "Practitioner/Practitioner-2526",
              "display": "James Woodward Wilkins MD"
            }
          }
        ],
        "location": {
          "reference": "Location/Location-1105",
          "display": "Bayside Medical Group"
        }
      },
      "request": {
        "method": "PUT",
        "url": "http://localhost:8080/cqf-ruler/baseDstu3/Procedure/Procedure-248606"
      }
    },
    {
      "resource": {
        "resourceType": "Observation",
        "id": "Observation-248607",
        "status": "final",
        "code": {
          "coding": [
            {
              "system": "http://loinc.org",
              "code": "27926-5",
              "display": "Hemoglobin.gastrointestinal [Presence] in Stool --8th specimen"
            }
          ]
        },
        "subject": {
          "reference": "Patient/Patient-6509",
          "display": "Shawn Conley Owen Jr"
        },
        "context": {
          "reference": "Encounter/Encounter-1043",
          "display": "Bayside Medical Group"
        },
        "effectiveDateTime": "2027-03-08T09:36:36-05:00",
        "performer": [
          {
            "reference": "Practitioner/Practitioner-2526",
            "display": "James Woodward Wilkins MD"
          }
        ],
        "valueString": "POSITIVE"
      },
      "request": {
        "method": "PUT",
        "url": "http://localhost:8080/cqf-ruler/baseDstu3/Observation/Observation-248607"
      }
    },
    {
      "resource": {
        "resourceType": "Observation",
        "id": "Observation-248608",
        "status": "final",
        "code": {
          "coding": [
            {
              "system": "http://loinc.org",
              "code": "8480-6",
              "display": "Systolic blood pressure"
            }
          ]
        },
        "subject": {
          "reference": "Patient/Patient-6509",
          "display": "Shawn Conley Owen Jr"
        },
        "context": {
          "reference": "Encounter/Encounter-1043",
          "display": "Bayside Medical Group"
        },
        "effectiveDateTime": "2027-03-08T09:36:36-05:00",
        "performer": [
          {
            "reference": "Practitioner/Practitioner-2526",
            "display": "James Woodward Wilkins MD"
          }
        ],
        "valueQuantity": {
          "value": 167.9926282876738,
          "unit": "mmHg"
        }
      },
      "request": {
        "method": "PUT",
        "url": "http://localhost:8080/cqf-ruler/baseDstu3/Observation/Observation-248608"
      }
    },
    {
      "resource": {
        "resourceType": "Observation",
        "id": "Observation-248609",
        "status": "final",
        "code": {
          "coding": [
            {
              "system": "http://loinc.org",
              "code": "8462-4",
              "display": "Diastolic blood pressure"
            }
          ]
        },
        "subject": {
          "reference": "Patient/Patient-6509",
          "display": "Shawn Conley Owen Jr"
        },
        "context": {
          "reference": "Encounter/Encounter-1043",
          "display": "Bayside Medical Group"
        },
        "effectiveDateTime": "2027-03-08T09:36:36-05:00",
        "performer": [
          {
            "reference": "Practitioner/Practitioner-2526",
            "display": "James Woodward Wilkins MD"
          }
        ],
        "valueQuantity": {
          "value": 63.48941318697676,
          "unit": "mmHg"
        }
      },
      "request": {
        "method": "PUT",
        "url": "http://localhost:8080/cqf-ruler/baseDstu3/Observation/Observation-248609"
      }
    },
    {
      "resource": {
        "resourceType": "Condition",
        "id": "Condition-248610",
        "clinicalStatus": "active",
        "verificationStatus": "confirmed",
        "code": {
          "coding": [
            {
              "system": "http://snomed.info/sct",
              "code": "48146000",
              "display": "Diastolic hypertension"
            }
          ]
        },
        "subject": {
          "reference": "Patient/Patient-6509",
          "display": "Shawn Conley Owen Jr"
        },
        "context": {
          "reference": "Encounter/Encounter-1043",
          "display": "Bayside Medical Group"
        },
        "onsetDateTime": "2027-03-08T09:36:36-05:00",
        "assertedDate": "2027-03-08T09:36:36-05:00",
        "asserter": {
          "reference": "Practitioner/Practitioner-2526",
          "display": "James Woodward Wilkins MD"
        }
      },
      "request": {
        "method": "PUT",
        "url": "http://localhost:8080/cqf-ruler/baseDstu3/Condition/Condition-248610"
      }
    },
    {
      "resource": {
        "resourceType": "Observation",
        "id": "Observation-248611",
        "status": "final",
        "category": [
          {
            "coding": [
              {
                "system": "http://hl7.org/fhir/observation-category",
                "code": "vital-signs",
                "display": "vital-signs"
              }
            ]
          }
        ],
        "code": {
          "coding": [
            {
              "system": "http://loinc.org",
              "code": "8716-3",
              "display": "Vital Signs Panel"
            }
          ]
        },
        "subject": {
          "reference": "Patient/Patient-6509",
          "display": "Shawn Conley Owen Jr"
        },
        "context": {
          "reference": "Encounter/Encounter-1043",
          "display": "Bayside Medical Group"
        },
        "effectivePeriod": {
          "start": "2027-03-08T09:36:36-05:00",
          "end": "2027-03-08T09:36:36-05:00"
        },
        "valueQuantity": {
          "value": 63.48941318697676,
          "unit": "mmHg"
        },
        "component": [
          {
            "code": {
              "coding": [
                {
                  "system": "http://loinc.org",
                  "code": "8302-2",
                  "display": "Height"
                }
              ]
            }
          },
          {
            "code": {
              "coding": [
                {
                  "system": "http://loinc.org",
                  "code": "29463-7",
                  "display": "Weight"
                }
              ]
            }
          },
          {
            "code": {
              "coding": [
                {
                  "system": "http://loinc.org",
                  "code": "39156-5",
                  "display": "BMI"
                }
              ]
            }
          },
          {
            "code": {
              "coding": [
                {
                  "system": "http://loinc.org",
                  "code": "8310-5",
                  "display": "Temperature"
                }
              ]
            }
          },
          {
            "code": {
              "coding": [
                {
                  "system": "http://loinc.org",
                  "code": "8459-0",
                  "display": "Systolic Blood Pressure"
                }
              ]
            }
          },
          {
            "code": {
              "coding": [
                {
                  "system": "http://loinc.org",
                  "code": "8453-3",
                  "display": "Diastolic Blood Pressure"
                }
              ]
            }
          }
        ]
      },
      "request": {
        "method": "PUT",
        "url": "http://localhost:8080/cqf-ruler/baseDstu3/Observation/Observation-248611"
      }
    }
  ]
}