{
  "resourceType": "Bundle",
  "type": "transaction",
  "entry": [
    {
      "resource": {
        "resourceType": "Encounter",
        "id": "Encounter-480",
        "status": "finished",
        "class": {
          "system": "http://hl7.org/fhir/encounter-class",
          "code": "other",
          "display": "Other"
        },
        "subject": {
          "reference": "Patient/Patient-6498",
          "display": "Marie Kerr Koch"
        },
        "participant": [
          {
            "period": {
              "start": "2022-10-17T09:36:36-04:00",
              "end": "2022-10-17T09:36:36-04:00"
            },
            "individual": {
              "reference": "Practitioner/Practitioner-2535",
              "display": "Clifton Terrence Carey MD"
            }
          }
        ],
        "period": {
          "start": "2022-10-17T09:36:36-04:00",
          "end": "2022-10-17T09:36:36-04:00"
        },
        "location": [
          {
            "location": {
              "reference": "Location/Location-1102",
              "display": "Pediatric and Adult Medicine"
            }
          }
        ],
        "serviceProvider": {
          "reference": "Organization/Organization-1102",
          "display": "Pediatric and Adult Medicine"
        }
      },
      "request": {
        "method": "PUT",
        "url": "http://localhost:8080/cqf-ruler/baseDstu3/Encounter/Encounter-480"
      }
    },
    {
      "resource": {
        "resourceType": "Immunization",
        "id": "Immunization-57017",
        "status": "completed",
        "notGiven": false,
        "vaccineCode": {
          "coding": [
            {
              "system": "http://hl7.org/fhir/sid/cvx",
              "code": "140",
              "display": "Influenza, seasonal, injectable, preservative free"
            }
          ]
        },
        "patient": {
          "reference": "Patient/Patient-6498",
          "display": "Marie Kerr Koch"
        },
        "date": "2022-10-13T09:36:36-04:00",
        "primarySource": true,
        "location": {
          "reference": "Location/Location-1102",
          "display": "Pediatric and Adult Medicine"
        },
        "practitioner": [
          {
            "actor": {
              "reference": "Practitioner/Practitioner-2535",
              "display": "Clifton Terrence Carey MD"
            }
          }
        ]
      },
      "request": {
        "method": "PUT",
        "url": "http://localhost:8080/cqf-ruler/baseDstu3/Immunization/Immunization-57017"
      }
    },
    {
      "resource": {
        "resourceType": "Immunization",
        "id": "Immunization-57018",
        "status": "completed",
        "notGiven": false,
        "vaccineCode": {
          "coding": [
            {
              "system": "http://hl7.org/fhir/sid/cvx",
              "code": "113",
              "display": "Td (adult) preservative free"
            }
          ]
        },
        "patient": {
          "reference": "Patient/Patient-6498",
          "display": "Marie Kerr Koch"
        },
        "date": "2022-10-13T09:36:36-04:00",
        "primarySource": true,
        "location": {
          "reference": "Location/Location-1102",
          "display": "Pediatric and Adult Medicine"
        },
        "practitioner": [
          {
            "actor": {
              "reference": "Practitioner/Practitioner-2535",
              "display": "Clifton Terrence Carey MD"
            }
          }
        ]
      },
      "request": {
        "method": "PUT",
        "url": "http://localhost:8080/cqf-ruler/baseDstu3/Immunization/Immunization-57018"
      }
    },
    {
      "resource": {
        "resourceType": "Observation",
        "id": "Observation-135132",
        "status": "final",
        "code": {
          "coding": [
            {
              "system": "http://loinc.org",
              "code": "8480-6",
              "display": "Systolic blood pressure"
            }
          ]
        },
        "subject": {
          "reference": "Patient/Patient-6498",
          "display": "Marie Kerr Koch"
        },
        "context": {
          "reference": "Encounter/Encounter-480",
          "display": "Pediatric and Adult Medicine"
        },
        "effectiveDateTime": "2022-10-17T09:36:36-04:00",
        "performer": [
          {
            "reference": "Practitioner/Practitioner-2535",
            "display": "Clifton Terrence Carey MD"
          }
        ],
        "valueQuantity": {
          "value": 162.7883221842717,
          "unit": "mmHg"
        }
      },
      "request": {
        "method": "PUT",
        "url": "http://localhost:8080/cqf-ruler/baseDstu3/Observation/Observation-135132"
      }
    },
    {
      "resource": {
        "resourceType": "Observation",
        "id": "Observation-135133",
        "status": "final",
        "code": {
          "coding": [
            {
              "system": "http://loinc.org",
              "code": "8462-4",
              "display": "Diastolic blood pressure"
            }
          ]
        },
        "subject": {
          "reference": "Patient/Patient-6498",
          "display": "Marie Kerr Koch"
        },
        "context": {
          "reference": "Encounter/Encounter-480",
          "display": "Pediatric and Adult Medicine"
        },
        "effectiveDateTime": "2022-10-17T09:36:36-04:00",
        "performer": [
          {
            "reference": "Practitioner/Practitioner-2535",
            "display": "Clifton Terrence Carey MD"
          }
        ],
        "valueQuantity": {
          "value": 118.44793958060083,
          "unit": "mmHg"
        }
      },
      "request": {
        "method": "PUT",
        "url": "http://localhost:8080/cqf-ruler/baseDstu3/Observation/Observation-135133"
      }
    },
    {
      "resource": {
        "resourceType": "Condition",
        "id": "Condition-135134",
        "clinicalStatus": "active",
        "verificationStatus": "confirmed",
        "code": {
          "coding": [
            {
              "system": "http://snomed.info/sct",
              "code": "371125006",
              "display": "Labile essential hypertension"
            }
          ]
        },
        "subject": {
          "reference": "Patient/Patient-6498",
          "display": "Marie Kerr Koch"
        },
        "context": {
          "reference": "Encounter/Encounter-480",
          "display": "Pediatric and Adult Medicine"
        },
        "onsetDateTime": "2022-10-17T09:36:36-04:00",
        "assertedDate": "2022-10-17T09:36:36-04:00",
        "asserter": {
          "reference": "Practitioner/Practitioner-2535",
          "display": "Clifton Terrence Carey MD"
        }
      },
      "request": {
        "method": "PUT",
        "url": "http://localhost:8080/cqf-ruler/baseDstu3/Condition/Condition-135134"
      }
    },
    {
      "resource": {
        "resourceType": "Procedure",
        "id": "Procedure-135135",
        "status": "completed",
        "code": {
          "coding": [
            {
              "system": "http://loinc.org",
              "code": "33717-0",
              "display": "Cytology Cervical or vaginal smear or scraping study"
            }
          ]
        },
        "subject": {
          "reference": "Patient/Patient-6498",
          "display": "Marie Kerr Koch"
        },
        "context": {
          "reference": "Encounter/Encounter-480",
          "display": "Pediatric and Adult Medicine"
        },
        "performedPeriod": {
          "start": "2022-10-17T09:36:36-04:00",
          "end": "2022-10-17T09:36:36-04:00"
        },
        "performer": [
          {
            "actor": {
              "reference": "Practitioner/Practitioner-2535",
              "display": "Clifton Terrence Carey MD"
            }
          }
        ],
        "location": {
          "reference": "Location/Location-1102",
          "display": "Pediatric and Adult Medicine"
        }
      },
      "request": {
        "method": "PUT",
        "url": "http://localhost:8080/cqf-ruler/baseDstu3/Procedure/Procedure-135135"
      }
    },
    {
      "resource": {
        "resourceType": "Observation",
        "id": "Observation-135136",
        "status": "final",
        "code": {
          "coding": [
            {
              "system": "http://snomed.info/sct",
              "code": "289829007",
              "display": "Normal uterine cervix (finding)"
            }
          ]
        },
        "subject": {
          "reference": "Patient/Patient-6498",
          "display": "Marie Kerr Koch"
        },
        "context": {
          "reference": "Encounter/Encounter-480",
          "display": "Pediatric and Adult Medicine"
        },
        "effectiveDateTime": "2022-10-17T09:36:36-04:00",
        "performer": [
          {
            "reference": "Practitioner/Practitioner-2535",
            "display": "Clifton Terrence Carey MD"
          }
        ],
        "valueString": "NEGATIVE"
      },
      "request": {
        "method": "PUT",
        "url": "http://localhost:8080/cqf-ruler/baseDstu3/Observation/Observation-135136"
      }
    },
    {
      "resource": {
        "resourceType": "DiagnosticReport",
        "id": "DiagnosticReport-135137",
        "status": "final",
        "code": {
          "coding": [
            {
              "system": "http://loinc.org",
              "code": "37038-7",
              "display": "Breast - bilateral Mammogram true lateral"
            }
          ]
        },
        "subject": {
          "reference": "Patient/Patient-6498",
          "display": "Marie Kerr Koch"
        },
        "context": {
          "reference": "Encounter/Encounter-480",
          "display": "Pediatric and Adult Medicine"
        },
        "effectivePeriod": {
          "start": "2022-10-17T09:36:36-04:00",
          "end": "2022-10-17T09:36:36-04:00"
        },
        "result": [
          {
            "reference": "Observation/Observation-135136",
            "display": "No_Cancer_Detected"
          }
        ]
      },
      "request": {
        "method": "PUT",
        "url": "http://localhost:8080/cqf-ruler/baseDstu3/DiagnosticReport/DiagnosticReport-135137"
      }
    },
    {
      "resource": {
        "resourceType": "Observation",
        "id": "Observation-135138",
        "status": "final",
        "category": [
          {
            "coding": [
              {
                "system": "http://hl7.org/fhir/observation-category",
                "code": "vital-signs",
                "display": "vital-signs"
              }
            ]
          }
        ],
        "code": {
          "coding": [
            {
              "system": "http://loinc.org",
              "code": "8716-3",
              "display": "Vital Signs Panel"
            }
          ]
        },
        "subject": {
          "reference": "Patient/Patient-6498",
          "display": "Marie Kerr Koch"
        },
        "context": {
          "reference": "Encounter/Encounter-480",
          "display": "Pediatric and Adult Medicine"
        },
        "effectivePeriod": {
          "start": "2022-10-17T09:36:36-04:00",
          "end": "2022-10-17T09:36:36-04:00"
        },
        "valueQuantity": {
          "value": 118.44793958060083,
          "unit": "mmHg"
        },
        "component": [
          {
            "code": {
              "coding": [
                {
                  "system": "http://loinc.org",
                  "code": "8302-2",
                  "display": "Height"
                }
              ]
            }
          },
          {
            "code": {
              "coding": [
                {
                  "system": "http://loinc.org",
                  "code": "29463-7",
                  "display": "Weight"
                }
              ]
            }
          },
          {
            "code": {
              "coding": [
                {
                  "system": "http://loinc.org",
                  "code": "39156-5",
                  "display": "BMI"
                }
              ]
            }
          },
          {
            "code": {
              "coding": [
                {
                  "system": "http://loinc.org",
                  "code": "8310-5",
                  "display": "Temperature"
                }
              ]
            }
          },
          {
            "code": {
              "coding": [
                {
                  "system": "http://loinc.org",
                  "code": "8459-0",
                  "display": "Systolic Blood Pressure"
                }
              ]
            }
          },
          {
            "code": {
              "coding": [
                {
                  "system": "http://loinc.org",
                  "code": "8453-3",
                  "display": "Diastolic Blood Pressure"
                }
              ]
            }
          }
        ]
      },
      "request": {
        "method": "PUT",
        "url": "http://localhost:8080/cqf-ruler/baseDstu3/Observation/Observation-135138"
      }
    }
  ]
}