{
  "resourceType": "Bundle",
  "type": "transaction",
  "entry": [
    {
      "resource": {
        "resourceType": "Encounter",
        "id": "Encounter-596",
        "status": "finished",
        "class": {
          "system": "http://hl7.org/fhir/encounter-class",
          "code": "other",
          "display": "Other"
        },
        "subject": {
          "reference": "Patient/Patient-6514",
          "display": "Victoria Palmer Gray"
        },
        "participant": [
          {
            "period": {
              "start": "2022-01-31T09:36:36-05:00",
              "end": "2022-01-31T09:36:36-05:00"
            },
            "individual": {
              "reference": "Practitioner/Practitioner-2531",
              "display": "Tracy Hampton Boone MD"
            }
          }
        ],
        "period": {
          "start": "2022-01-31T09:36:36-05:00",
          "end": "2022-01-31T09:36:36-05:00"
        },
        "location": [
          {
            "location": {
              "reference": "Location/Location-1104",
              "display": "Bay Area Family Practice"
            }
          }
        ],
        "serviceProvider": {
          "reference": "Organization/Organization-1104",
          "display": "Bay Area Family Practice"
        }
      },
      "request": {
        "method": "PUT",
        "url": "http://localhost:8080/cqf-ruler/baseDstu3/Encounter/Encounter-596"
      }
    },
    {
      "resource": {
        "resourceType": "Immunization",
        "id": "Immunization-89615",
        "status": "completed",
        "notGiven": false,
        "vaccineCode": {
          "coding": [
            {
              "system": "http://hl7.org/fhir/sid/cvx",
              "code": "140",
              "display": "Influenza, seasonal, injectable, preservative free"
            }
          ]
        },
        "patient": {
          "reference": "Patient/Patient-6514",
          "display": "Victoria Palmer Gray"
        },
        "date": "2022-01-25T09:36:36-05:00",
        "primarySource": true,
        "location": {
          "reference": "Location/Location-1104",
          "display": "Bay Area Family Practice"
        },
        "practitioner": [
          {
            "actor": {
              "reference": "Practitioner/Practitioner-2531",
              "display": "Tracy Hampton Boone MD"
            }
          }
        ]
      },
      "request": {
        "method": "PUT",
        "url": "http://localhost:8080/cqf-ruler/baseDstu3/Immunization/Immunization-89615"
      }
    },
    {
      "resource": {
        "resourceType": "Procedure",
        "id": "Procedure-115663",
        "status": "completed",
        "code": {
          "coding": [
            {
              "system": "http://loinc.org",
              "code": "27926-5",
              "display": "Hemoglobin.gastrointestinal [Presence] in Stool --8th specimen"
            }
          ]
        },
        "subject": {
          "reference": "Patient/Patient-6514",
          "display": "Victoria Palmer Gray"
        },
        "context": {
          "reference": "Encounter/Encounter-596",
          "display": "Bay Area Family Practice"
        },
        "performedPeriod": {
          "start": "2022-01-31T09:36:36-05:00",
          "end": "2022-01-31T09:36:36-05:00"
        },
        "performer": [
          {
            "actor": {
              "reference": "Practitioner/Practitioner-2531",
              "display": "Tracy Hampton Boone MD"
            }
          }
        ],
        "location": {
          "reference": "Location/Location-1104",
          "display": "Bay Area Family Practice"
        }
      },
      "request": {
        "method": "PUT",
        "url": "http://localhost:8080/cqf-ruler/baseDstu3/Procedure/Procedure-115663"
      }
    },
    {
      "resource": {
        "resourceType": "Observation",
        "id": "Observation-115664",
        "status": "final",
        "code": {
          "coding": [
            {
              "system": "http://loinc.org",
              "code": "14565-6",
              "display": "Hemoglobin.gastrointestinal [Presence] in Stool --3rd specimen"
            }
          ]
        },
        "subject": {
          "reference": "Patient/Patient-6514",
          "display": "Victoria Palmer Gray"
        },
        "context": {
          "reference": "Encounter/Encounter-596",
          "display": "Bay Area Family Practice"
        },
        "effectiveDateTime": "2022-01-31T09:36:36-05:00",
        "performer": [
          {
            "reference": "Practitioner/Practitioner-2531",
            "display": "Tracy Hampton Boone MD"
          }
        ],
        "valueString": "NEGATIVE"
      },
      "request": {
        "method": "PUT",
        "url": "http://localhost:8080/cqf-ruler/baseDstu3/Observation/Observation-115664"
      }
    },
    {
      "resource": {
        "resourceType": "Observation",
        "id": "Observation-115665",
        "status": "final",
        "code": {
          "coding": [
            {
              "system": "http://loinc.org",
              "code": "8480-6",
              "display": "Systolic blood pressure"
            }
          ]
        },
        "subject": {
          "reference": "Patient/Patient-6514",
          "display": "Victoria Palmer Gray"
        },
        "context": {
          "reference": "Encounter/Encounter-596",
          "display": "Bay Area Family Practice"
        },
        "effectiveDateTime": "2022-01-31T09:36:36-05:00",
        "performer": [
          {
            "reference": "Practitioner/Practitioner-2531",
            "display": "Tracy Hampton Boone MD"
          }
        ],
        "valueQuantity": {
          "value": 174.5217345373645,
          "unit": "mmHg"
        }
      },
      "request": {
        "method": "PUT",
        "url": "http://localhost:8080/cqf-ruler/baseDstu3/Observation/Observation-115665"
      }
    },
    {
      "resource": {
        "resourceType": "Observation",
        "id": "Observation-115666",
        "status": "final",
        "code": {
          "coding": [
            {
              "system": "http://loinc.org",
              "code": "8462-4",
              "display": "Diastolic blood pressure"
            }
          ]
        },
        "subject": {
          "reference": "Patient/Patient-6514",
          "display": "Victoria Palmer Gray"
        },
        "context": {
          "reference": "Encounter/Encounter-596",
          "display": "Bay Area Family Practice"
        },
        "effectiveDateTime": "2022-01-31T09:36:36-05:00",
        "performer": [
          {
            "reference": "Practitioner/Practitioner-2531",
            "display": "Tracy Hampton Boone MD"
          }
        ],
        "valueQuantity": {
          "value": 66.17587009837067,
          "unit": "mmHg"
        }
      },
      "request": {
        "method": "PUT",
        "url": "http://localhost:8080/cqf-ruler/baseDstu3/Observation/Observation-115666"
      }
    },
    {
      "resource": {
        "resourceType": "Condition",
        "id": "Condition-115667",
        "clinicalStatus": "active",
        "verificationStatus": "confirmed",
        "code": {
          "coding": [
            {
              "system": "http://hl7.org/fhir/sid/icd-9-cm",
              "code": "401.9",
              "display": "Unspecified essential hypertension"
            }
          ]
        },
        "subject": {
          "reference": "Patient/Patient-6514",
          "display": "Victoria Palmer Gray"
        },
        "context": {
          "reference": "Encounter/Encounter-596",
          "display": "Bay Area Family Practice"
        },
        "onsetDateTime": "2022-01-31T09:36:36-05:00",
        "assertedDate": "2022-01-31T09:36:36-05:00",
        "asserter": {
          "reference": "Practitioner/Practitioner-2531",
          "display": "Tracy Hampton Boone MD"
        }
      },
      "request": {
        "method": "PUT",
        "url": "http://localhost:8080/cqf-ruler/baseDstu3/Condition/Condition-115667"
      }
    },
    {
      "resource": {
        "resourceType": "Procedure",
        "id": "Procedure-115668",
        "status": "completed",
        "code": {
          "coding": [
            {
              "system": "http://loinc.org",
              "code": "33717-0",
              "display": "Cytology Cervical or vaginal smear or scraping study"
            }
          ]
        },
        "subject": {
          "reference": "Patient/Patient-6514",
          "display": "Victoria Palmer Gray"
        },
        "context": {
          "reference": "Encounter/Encounter-596",
          "display": "Bay Area Family Practice"
        },
        "performedPeriod": {
          "start": "2022-01-31T09:36:36-05:00",
          "end": "2022-01-31T09:36:36-05:00"
        },
        "performer": [
          {
            "actor": {
              "reference": "Practitioner/Practitioner-2531",
              "display": "Tracy Hampton Boone MD"
            }
          }
        ],
        "location": {
          "reference": "Location/Location-1104",
          "display": "Bay Area Family Practice"
        }
      },
      "request": {
        "method": "PUT",
        "url": "http://localhost:8080/cqf-ruler/baseDstu3/Procedure/Procedure-115668"
      }
    },
    {
      "resource": {
        "resourceType": "Observation",
        "id": "Observation-115669",
        "status": "final",
        "code": {
          "coding": [
            {
              "system": "http://snomed.info/sct",
              "code": "289829007",
              "display": "Normal uterine cervix (finding)"
            }
          ]
        },
        "subject": {
          "reference": "Patient/Patient-6514",
          "display": "Victoria Palmer Gray"
        },
        "context": {
          "reference": "Encounter/Encounter-596",
          "display": "Bay Area Family Practice"
        },
        "effectiveDateTime": "2022-01-31T09:36:36-05:00",
        "performer": [
          {
            "reference": "Practitioner/Practitioner-2531",
            "display": "Tracy Hampton Boone MD"
          }
        ],
        "valueString": "NEGATIVE"
      },
      "request": {
        "method": "PUT",
        "url": "http://localhost:8080/cqf-ruler/baseDstu3/Observation/Observation-115669"
      }
    },
    {
      "resource": {
        "resourceType": "DiagnosticReport",
        "id": "DiagnosticReport-115670",
        "status": "final",
        "code": {
          "coding": [
            {
              "system": "http://loinc.org",
              "code": "38067-5",
              "display": "Breast - bilateral Mammogram nipple profile"
            }
          ]
        },
        "subject": {
          "reference": "Patient/Patient-6514",
          "display": "Victoria Palmer Gray"
        },
        "context": {
          "reference": "Encounter/Encounter-596",
          "display": "Bay Area Family Practice"
        },
        "effectivePeriod": {
          "start": "2022-01-31T09:36:36-05:00",
          "end": "2022-01-31T09:36:36-05:00"
        },
        "result": [
          {
            "reference": "Observation/Observation-115669",
            "display": "No_Cancer_Detected"
          }
        ]
      },
      "request": {
        "method": "PUT",
        "url": "http://localhost:8080/cqf-ruler/baseDstu3/DiagnosticReport/DiagnosticReport-115670"
      }
    },
    {
      "resource": {
        "resourceType": "Observation",
        "id": "Observation-115671",
        "status": "final",
        "category": [
          {
            "coding": [
              {
                "system": "http://hl7.org/fhir/observation-category",
                "code": "vital-signs",
                "display": "vital-signs"
              }
            ]
          }
        ],
        "code": {
          "coding": [
            {
              "system": "http://loinc.org",
              "code": "8716-3",
              "display": "Vital Signs Panel"
            }
          ]
        },
        "subject": {
          "reference": "Patient/Patient-6514",
          "display": "Victoria Palmer Gray"
        },
        "context": {
          "reference": "Encounter/Encounter-596",
          "display": "Bay Area Family Practice"
        },
        "effectivePeriod": {
          "start": "2022-01-31T09:36:36-05:00",
          "end": "2022-01-31T09:36:36-05:00"
        },
        "valueQuantity": {
          "value": 66.17587009837067,
          "unit": "mmHg"
        },
        "component": [
          {
            "code": {
              "coding": [
                {
                  "system": "http://loinc.org",
                  "code": "8302-2",
                  "display": "Height"
                }
              ]
            }
          },
          {
            "code": {
              "coding": [
                {
                  "system": "http://loinc.org",
                  "code": "29463-7",
                  "display": "Weight"
                }
              ]
            }
          },
          {
            "code": {
              "coding": [
                {
                  "system": "http://loinc.org",
                  "code": "39156-5",
                  "display": "BMI"
                }
              ]
            }
          },
          {
            "code": {
              "coding": [
                {
                  "system": "http://loinc.org",
                  "code": "8310-5",
                  "display": "Temperature"
                }
              ]
            }
          },
          {
            "code": {
              "coding": [
                {
                  "system": "http://loinc.org",
                  "code": "8459-0",
                  "display": "Systolic Blood Pressure"
                }
              ]
            }
          },
          {
            "code": {
              "coding": [
                {
                  "system": "http://loinc.org",
                  "code": "8453-3",
                  "display": "Diastolic Blood Pressure"
                }
              ]
            }
          }
        ]
      },
      "request": {
        "method": "PUT",
        "url": "http://localhost:8080/cqf-ruler/baseDstu3/Observation/Observation-115671"
      }
    }
  ]
}