{
  "resourceType": "Bundle",
  "type": "transaction",
  "entry": [
    {
      "resource": {
        "resourceType": "Encounter",
        "id": "Encounter-206",
        "status": "finished",
        "class": {
          "system": "http://hl7.org/fhir/encounter-class",
          "code": "other",
          "display": "Other"
        },
        "subject": {
          "reference": "Patient/Patient-6501",
          "display": "Dwight Mitchell McCarty"
        },
        "participant": [
          {
            "period": {
              "start": "2018-06-25T09:36:36-04:00",
              "end": "2018-06-25T09:36:36-04:00"
            },
            "individual": {
              "reference": "Practitioner/Practitioner-2518",
              "display": "Jane Rosemary Saunders MD"
            }
          }
        ],
        "period": {
          "start": "2018-06-25T09:36:36-04:00",
          "end": "2018-06-25T09:36:36-04:00"
        },
        "location": [
          {
            "location": {
              "reference": "Location/Location-1103",
              "display": "Acme Medical Center"
            }
          }
        ],
        "serviceProvider": {
          "reference": "Organization/Organization-1103",
          "display": "Acme Medical Center"
        }
      },
      "request": {
        "method": "PUT",
        "url": "http://localhost:8080/cqf-ruler/baseDstu3/Encounter/Encounter-206"
      }
    },
    {
      "resource": {
        "resourceType": "Immunization",
        "id": "Immunization-666",
        "status": "completed",
        "notGiven": false,
        "vaccineCode": {
          "coding": [
            {
              "system": "http://hl7.org/fhir/sid/cvx",
              "code": "140",
              "display": "Influenza, seasonal, injectable, preservative free"
            }
          ]
        },
        "patient": {
          "reference": "Patient/Patient-6501",
          "display": "Dwight Mitchell McCarty"
        },
        "date": "2018-06-19T09:36:36-04:00",
        "primarySource": true,
        "location": {
          "reference": "Location/Location-1103",
          "display": "Acme Medical Center"
        },
        "practitioner": [
          {
            "actor": {
              "reference": "Practitioner/Practitioner-2518",
              "display": "Jane Rosemary Saunders MD"
            }
          }
        ]
      },
      "request": {
        "method": "PUT",
        "url": "http://localhost:8080/cqf-ruler/baseDstu3/Immunization/Immunization-666"
      }
    },
    {
      "resource": {
        "resourceType": "Immunization",
        "id": "Immunization-667",
        "status": "completed",
        "notGiven": false,
        "vaccineCode": {
          "coding": [
            {
              "system": "http://hl7.org/fhir/sid/cvx",
              "code": "133",
              "display": "Pneumococcal conjugate PCV 13"
            }
          ]
        },
        "patient": {
          "reference": "Patient/Patient-6501",
          "display": "Dwight Mitchell McCarty"
        },
        "date": "2018-06-19T09:36:36-04:00",
        "primarySource": true,
        "location": {
          "reference": "Location/Location-1103",
          "display": "Acme Medical Center"
        },
        "practitioner": [
          {
            "actor": {
              "reference": "Practitioner/Practitioner-2518",
              "display": "Jane Rosemary Saunders MD"
            }
          }
        ]
      },
      "request": {
        "method": "PUT",
        "url": "http://localhost:8080/cqf-ruler/baseDstu3/Immunization/Immunization-667"
      }
    },
    {
      "resource": {
        "resourceType": "Procedure",
        "id": "Procedure-22169",
        "status": "completed",
        "code": {
          "coding": [
            {
              "system": "http://loinc.org",
              "code": "14563-1",
              "display": "Hemoglobin.gastrointestinal [Presence] in Stool --1st specimen"
            }
          ]
        },
        "subject": {
          "reference": "Patient/Patient-6501",
          "display": "Dwight Mitchell McCarty"
        },
        "context": {
          "reference": "Encounter/Encounter-206",
          "display": "Acme Medical Center"
        },
        "performedPeriod": {
          "start": "2018-06-25T09:36:36-04:00",
          "end": "2018-06-25T09:36:36-04:00"
        },
        "performer": [
          {
            "actor": {
              "reference": "Practitioner/Practitioner-2518",
              "display": "Jane Rosemary Saunders MD"
            }
          }
        ],
        "location": {
          "reference": "Location/Location-1103",
          "display": "Acme Medical Center"
        }
      },
      "request": {
        "method": "PUT",
        "url": "http://localhost:8080/cqf-ruler/baseDstu3/Procedure/Procedure-22169"
      }
    },
    {
      "resource": {
        "resourceType": "Observation",
        "id": "Observation-22170",
        "status": "final",
        "code": {
          "coding": [
            {
              "system": "http://loinc.org",
              "code": "27401-9",
              "display": "Hemoglobin.gastrointestinal [Presence] in Stool --6th specimen"
            }
          ]
        },
        "subject": {
          "reference": "Patient/Patient-6501",
          "display": "Dwight Mitchell McCarty"
        },
        "context": {
          "reference": "Encounter/Encounter-206",
          "display": "Acme Medical Center"
        },
        "effectiveDateTime": "2018-06-25T09:36:36-04:00",
        "performer": [
          {
            "reference": "Practitioner/Practitioner-2518",
            "display": "Jane Rosemary Saunders MD"
          }
        ],
        "valueString": "NEGATIVE"
      },
      "request": {
        "method": "PUT",
        "url": "http://localhost:8080/cqf-ruler/baseDstu3/Observation/Observation-22170"
      }
    },
    {
      "resource": {
        "resourceType": "Observation",
        "id": "Observation-22171",
        "status": "final",
        "code": {
          "coding": [
            {
              "system": "http://loinc.org",
              "code": "8480-6",
              "display": "Systolic blood pressure"
            }
          ]
        },
        "subject": {
          "reference": "Patient/Patient-6501",
          "display": "Dwight Mitchell McCarty"
        },
        "context": {
          "reference": "Encounter/Encounter-206",
          "display": "Acme Medical Center"
        },
        "effectiveDateTime": "2018-06-25T09:36:36-04:00",
        "performer": [
          {
            "reference": "Practitioner/Practitioner-2518",
            "display": "Jane Rosemary Saunders MD"
          }
        ],
        "valueQuantity": {
          "value": 120.1221239874381,
          "unit": "mmHg"
        }
      },
      "request": {
        "method": "PUT",
        "url": "http://localhost:8080/cqf-ruler/baseDstu3/Observation/Observation-22171"
      }
    },
    {
      "resource": {
        "resourceType": "Observation",
        "id": "Observation-22172",
        "status": "final",
        "code": {
          "coding": [
            {
              "system": "http://loinc.org",
              "code": "8462-4",
              "display": "Diastolic blood pressure"
            }
          ]
        },
        "subject": {
          "reference": "Patient/Patient-6501",
          "display": "Dwight Mitchell McCarty"
        },
        "context": {
          "reference": "Encounter/Encounter-206",
          "display": "Acme Medical Center"
        },
        "effectiveDateTime": "2018-06-25T09:36:36-04:00",
        "performer": [
          {
            "reference": "Practitioner/Practitioner-2518",
            "display": "Jane Rosemary Saunders MD"
          }
        ],
        "valueQuantity": {
          "value": 100.55004012382986,
          "unit": "mmHg"
        }
      },
      "request": {
        "method": "PUT",
        "url": "http://localhost:8080/cqf-ruler/baseDstu3/Observation/Observation-22172"
      }
    },
    {
      "resource": {
        "resourceType": "Condition",
        "id": "Condition-22173",
        "clinicalStatus": "active",
        "verificationStatus": "confirmed",
        "code": {
          "coding": [
            {
              "system": "http://snomed.info/sct",
              "code": "65518004",
              "display": "Labile diastolic hypertension"
            }
          ]
        },
        "subject": {
          "reference": "Patient/Patient-6501",
          "display": "Dwight Mitchell McCarty"
        },
        "context": {
          "reference": "Encounter/Encounter-206",
          "display": "Acme Medical Center"
        },
        "onsetDateTime": "2018-06-25T09:36:36-04:00",
        "assertedDate": "2018-06-25T09:36:36-04:00",
        "asserter": {
          "reference": "Practitioner/Practitioner-2518",
          "display": "Jane Rosemary Saunders MD"
        }
      },
      "request": {
        "method": "PUT",
        "url": "http://localhost:8080/cqf-ruler/baseDstu3/Condition/Condition-22173"
      }
    },
    {
      "resource": {
        "resourceType": "Observation",
        "id": "Observation-22174",
        "status": "final",
        "category": [
          {
            "coding": [
              {
                "system": "http://hl7.org/fhir/observation-category",
                "code": "vital-signs",
                "display": "vital-signs"
              }
            ]
          }
        ],
        "code": {
          "coding": [
            {
              "system": "http://loinc.org",
              "code": "8716-3",
              "display": "Vital Signs Panel"
            }
          ]
        },
        "subject": {
          "reference": "Patient/Patient-6501",
          "display": "Dwight Mitchell McCarty"
        },
        "context": {
          "reference": "Encounter/Encounter-206",
          "display": "Acme Medical Center"
        },
        "effectivePeriod": {
          "start": "2018-06-25T09:36:36-04:00",
          "end": "2018-06-25T09:36:36-04:00"
        },
        "valueQuantity": {
          "value": 100.55004012382986,
          "unit": "mmHg"
        },
        "component": [
          {
            "code": {
              "coding": [
                {
                  "system": "http://loinc.org",
                  "code": "8302-2",
                  "display": "Height"
                }
              ]
            }
          },
          {
            "code": {
              "coding": [
                {
                  "system": "http://loinc.org",
                  "code": "29463-7",
                  "display": "Weight"
                }
              ]
            }
          },
          {
            "code": {
              "coding": [
                {
                  "system": "http://loinc.org",
                  "code": "39156-5",
                  "display": "BMI"
                }
              ]
            }
          },
          {
            "code": {
              "coding": [
                {
                  "system": "http://loinc.org",
                  "code": "8310-5",
                  "display": "Temperature"
                }
              ]
            }
          },
          {
            "code": {
              "coding": [
                {
                  "system": "http://loinc.org",
                  "code": "8459-0",
                  "display": "Systolic Blood Pressure"
                }
              ]
            }
          },
          {
            "code": {
              "coding": [
                {
                  "system": "http://loinc.org",
                  "code": "8453-3",
                  "display": "Diastolic Blood Pressure"
                }
              ]
            }
          }
        ]
      },
      "request": {
        "method": "PUT",
        "url": "http://localhost:8080/cqf-ruler/baseDstu3/Observation/Observation-22174"
      }
    }
  ]
}