{
  "resourceType": "Bundle",
  "type": "transaction",
  "entry": [
    {
      "resource": {
        "resourceType": "Encounter",
        "id": "Encounter-1061",
        "status": "finished",
        "class": {
          "system": "http://hl7.org/fhir/encounter-class",
          "code": "other",
          "display": "Other"
        },
        "subject": {
          "reference": "Patient/Patient-6490",
          "display": "Carolyn Hickman Vega"
        },
        "participant": [
          {
            "period": {
              "start": "2026-05-28T09:36:36-04:00",
              "end": "2026-06-01T09:36:36-04:00"
            },
            "individual": {
              "reference": "Practitioner/Practitioner-2525",
              "display": "Kyle Christian Ballard MD"
            }
          }
        ],
        "period": {
          "start": "2026-05-28T09:36:36-04:00",
          "end": "2026-06-01T09:36:36-04:00"
        },
        "location": [
          {
            "location": {
              "reference": "Location/Location-1001",
              "display": "Windward General Hospital"
            }
          }
        ],
        "serviceProvider": {
          "reference": "Organization/Organization-1001",
          "display": "Windward General Hospital"
        }
      },
      "request": {
        "method": "PUT",
        "url": "http://localhost:8080/cqf-ruler/baseDstu3/Encounter/Encounter-1061"
      }
    },
    {
      "resource": {
        "resourceType": "Procedure",
        "id": "Procedure-227408",
        "status": "completed",
        "code": {
          "coding": [
            {
              "system": "http://www.ama-assn.org/go/cpt",
              "code": "45349",
              "display": "Sigmoidoscopy, flexible; with endoscopic mucosal resection"
            }
          ]
        },
        "subject": {
          "reference": "Patient/Patient-6490",
          "display": "Carolyn Hickman Vega"
        },
        "context": {
          "reference": "Encounter/Encounter-1061",
          "display": "Windward General Hospital"
        },
        "performedPeriod": {
          "start": "2026-05-28T09:36:36-04:00",
          "end": "2026-05-28T09:36:36-04:00"
        },
        "performer": [
          {
            "actor": {
              "reference": "Practitioner/Practitioner-2525",
              "display": "Kyle Christian Ballard MD"
            }
          }
        ],
        "location": {
          "reference": "Location/Location-1001",
          "display": "Windward General Hospital"
        }
      },
      "request": {
        "method": "PUT",
        "url": "http://localhost:8080/cqf-ruler/baseDstu3/Procedure/Procedure-227408"
      }
    },
    {
      "resource": {
        "resourceType": "Condition",
        "id": "Condition-227409",
        "clinicalStatus": "active",
        "verificationStatus": "confirmed",
        "code": {
          "coding": [
            {
              "system": "http://snomed.info/sct",
              "code": "363510005",
              "display": "Malignant tumor of large intestine"
            }
          ]
        },
        "subject": {
          "reference": "Patient/Patient-6490",
          "display": "Carolyn Hickman Vega"
        },
        "context": {
          "reference": "Encounter/Encounter-1061",
          "display": "Windward General Hospital"
        },
        "onsetDateTime": "2026-05-28T09:36:36-04:00",
        "assertedDate": "2026-05-28T09:36:36-04:00",
        "asserter": {
          "reference": "Practitioner/Practitioner-2525",
          "display": "Kyle Christian Ballard MD"
        }
      },
      "request": {
        "method": "PUT",
        "url": "http://localhost:8080/cqf-ruler/baseDstu3/Condition/Condition-227409"
      }
    },
    {
      "resource": {
        "resourceType": "Observation",
        "id": "Observation-227410",
        "status": "final",
        "code": {
          "coding": [
            {
              "system": "http://snomed.info/sct",
              "code": "112870002",
              "display": "Flexible fiberoptic sigmoidoscopy for removal of foreign body"
            }
          ]
        },
        "subject": {
          "reference": "Patient/Patient-6490",
          "display": "Carolyn Hickman Vega"
        },
        "context": {
          "reference": "Encounter/Encounter-1061",
          "display": "Windward General Hospital"
        },
        "effectiveDateTime": "2026-05-28T09:36:36-04:00",
        "performer": [
          {
            "reference": "Practitioner/Practitioner-2525",
            "display": "Kyle Christian Ballard MD"
          }
        ],
        "valueString": "POSITIVE"
      },
      "request": {
        "method": "PUT",
        "url": "http://localhost:8080/cqf-ruler/baseDstu3/Observation/Observation-227410"
      }
    },
    {
      "resource": {
        "resourceType": "Observation",
        "id": "Observation-227412",
        "status": "final",
        "category": [
          {
            "coding": [
              {
                "system": "http://hl7.org/fhir/observation-category",
                "code": "vital-signs",
                "display": "vital-signs"
              }
            ]
          }
        ],
        "code": {
          "coding": [
            {
              "system": "http://loinc.org",
              "code": "8716-3",
              "display": "Vital Signs Panel"
            }
          ]
        },
        "subject": {
          "reference": "Patient/Patient-6490",
          "display": "Carolyn Hickman Vega"
        },
        "context": {
          "reference": "Encounter/Encounter-1061",
          "display": "Windward General Hospital"
        },
        "effectivePeriod": {
          "start": "2026-06-01T09:36:36-04:00",
          "end": "2026-06-01T09:36:36-04:00"
        },
        "valueQuantity": {
          "value": 110.33966253445054,
          "unit": "mmHg"
        },
        "component": [
          {
            "code": {
              "coding": [
                {
                  "system": "http://loinc.org",
                  "code": "8302-2",
                  "display": "Height"
                }
              ]
            }
          },
          {
            "code": {
              "coding": [
                {
                  "system": "http://loinc.org",
                  "code": "29463-7",
                  "display": "Weight"
                }
              ]
            }
          },
          {
            "code": {
              "coding": [
                {
                  "system": "http://loinc.org",
                  "code": "39156-5",
                  "display": "BMI"
                }
              ]
            }
          },
          {
            "code": {
              "coding": [
                {
                  "system": "http://loinc.org",
                  "code": "8310-5",
                  "display": "Temperature"
                }
              ]
            }
          },
          {
            "code": {
              "coding": [
                {
                  "system": "http://loinc.org",
                  "code": "8459-0",
                  "display": "Systolic Blood Pressure"
                }
              ]
            }
          },
          {
            "code": {
              "coding": [
                {
                  "system": "http://loinc.org",
                  "code": "8453-3",
                  "display": "Diastolic Blood Pressure"
                }
              ]
            }
          }
        ]
      },
      "request": {
        "method": "PUT",
        "url": "http://localhost:8080/cqf-ruler/baseDstu3/Observation/Observation-227412"
      }
    }
  ]
}