{
  "resourceType": "Bundle",
  "type": "transaction",
  "entry": [
    {
      "resource": {
        "resourceType": "Encounter",
        "id": "Encounter-384",
        "status": "finished",
        "class": {
          "system": "http://hl7.org/fhir/encounter-class",
          "code": "other",
          "display": "Other"
        },
        "subject": {
          "reference": "Patient/Patient-1137",
          "display": "Aiden Michael Jones"
        },
        "participant": [
          {
            "period": {
              "start": "2019-04-08T09:36:36-04:00",
              "end": "2019-04-08T09:36:36-04:00"
            },
            "individual": {
              "reference": "Practitioner/Practitioner-2534",
              "display": "Pearl Rita Dawson MD"
            }
          }
        ],
        "period": {
          "start": "2019-04-08T09:36:36-04:00",
          "end": "2019-04-08T09:36:36-04:00"
        },
        "location": [
          {
            "location": {
              "reference": "Location/Location-1101",
              "display": "McKinley Health Center"
            }
          }
        ],
        "serviceProvider": {
          "reference": "Organization/Organization-1101",
          "display": "McKinley Health Center"
        }
      },
      "request": {
        "method": "PUT",
        "url": "http://localhost:8080/cqf-ruler/baseDstu3/Encounter/Encounter-384"
      }
    },
    {
      "resource": {
        "resourceType": "Immunization",
        "id": "Immunization-28767",
        "status": "completed",
        "notGiven": false,
        "vaccineCode": {
          "coding": [
            {
              "system": "http://hl7.org/fhir/sid/cvx",
              "code": "20",
              "display": "DTaP"
            }
          ]
        },
        "patient": {
          "reference": "Patient/Patient-1137",
          "display": "Aiden Michael Jones"
        },
        "date": "2019-04-01T21:36:36-04:00",
        "primarySource": true,
        "location": {
          "reference": "Location/Location-1101",
          "display": "McKinley Health Center"
        },
        "practitioner": [
          {
            "actor": {
              "reference": "Practitioner/Practitioner-2534",
              "display": "Pearl Rita Dawson MD"
            }
          }
        ]
      },
      "request": {
        "method": "PUT",
        "url": "http://localhost:8080/cqf-ruler/baseDstu3/Immunization/Immunization-28767"
      }
    },
    {
      "resource": {
        "resourceType": "Immunization",
        "id": "Immunization-28768",
        "status": "completed",
        "notGiven": false,
        "vaccineCode": {
          "coding": [
            {
              "system": "http://hl7.org/fhir/sid/cvx",
              "code": "140",
              "display": "Influenza, seasonal, injectable, preservative free"
            }
          ]
        },
        "patient": {
          "reference": "Patient/Patient-1137",
          "display": "Aiden Michael Jones"
        },
        "date": "2019-04-01T21:36:36-04:00",
        "primarySource": true,
        "location": {
          "reference": "Location/Location-1101",
          "display": "McKinley Health Center"
        },
        "practitioner": [
          {
            "actor": {
              "reference": "Practitioner/Practitioner-2534",
              "display": "Pearl Rita Dawson MD"
            }
          }
        ]
      },
      "request": {
        "method": "PUT",
        "url": "http://localhost:8080/cqf-ruler/baseDstu3/Immunization/Immunization-28768"
      }
    },
    {
      "resource": {
        "resourceType": "Immunization",
        "id": "Immunization-28769",
        "status": "completed",
        "notGiven": false,
        "vaccineCode": {
          "coding": [
            {
              "system": "http://hl7.org/fhir/sid/cvx",
              "code": "83",
              "display": "Hep A, ped/adol, 2 dose"
            }
          ]
        },
        "patient": {
          "reference": "Patient/Patient-1137",
          "display": "Aiden Michael Jones"
        },
        "date": "2019-04-01T21:36:36-04:00",
        "primarySource": true,
        "location": {
          "reference": "Location/Location-1101",
          "display": "McKinley Health Center"
        },
        "practitioner": [
          {
            "actor": {
              "reference": "Practitioner/Practitioner-2534",
              "display": "Pearl Rita Dawson MD"
            }
          }
        ]
      },
      "request": {
        "method": "PUT",
        "url": "http://localhost:8080/cqf-ruler/baseDstu3/Immunization/Immunization-28769"
      }
    },
    {
      "resource": {
        "resourceType": "Observation",
        "id": "Observation-41848",
        "status": "final",
        "code": {
          "coding": [
            {
              "system": "http://loinc.org",
              "code": "8480-6",
              "display": "Systolic blood pressure"
            }
          ]
        },
        "subject": {
          "reference": "Patient/Patient-1137",
          "display": "Aiden Michael Jones"
        },
        "context": {
          "reference": "Encounter/Encounter-384",
          "display": "McKinley Health Center"
        },
        "effectiveDateTime": "2019-04-08T09:36:36-04:00",
        "performer": [
          {
            "reference": "Practitioner/Practitioner-2534",
            "display": "Pearl Rita Dawson MD"
          }
        ],
        "valueQuantity": {
          "value": 139.64174996723946,
          "unit": "mmHg"
        }
      },
      "request": {
        "method": "PUT",
        "url": "http://localhost:8080/cqf-ruler/baseDstu3/Observation/Observation-41848"
      }
    },
    {
      "resource": {
        "resourceType": "Observation",
        "id": "Observation-41849",
        "status": "final",
        "code": {
          "coding": [
            {
              "system": "http://loinc.org",
              "code": "8462-4",
              "display": "Diastolic blood pressure"
            }
          ]
        },
        "subject": {
          "reference": "Patient/Patient-1137",
          "display": "Aiden Michael Jones"
        },
        "context": {
          "reference": "Encounter/Encounter-384",
          "display": "McKinley Health Center"
        },
        "effectiveDateTime": "2019-04-08T09:36:36-04:00",
        "performer": [
          {
            "reference": "Practitioner/Practitioner-2534",
            "display": "Pearl Rita Dawson MD"
          }
        ],
        "valueQuantity": {
          "value": 60.8584841041127,
          "unit": "mmHg"
        }
      },
      "request": {
        "method": "PUT",
        "url": "http://localhost:8080/cqf-ruler/baseDstu3/Observation/Observation-41849"
      }
    },
    {
      "resource": {
        "resourceType": "Observation",
        "id": "Observation-41850",
        "status": "final",
        "category": [
          {
            "coding": [
              {
                "system": "http://hl7.org/fhir/observation-category",
                "code": "vital-signs",
                "display": "vital-signs"
              }
            ]
          }
        ],
        "code": {
          "coding": [
            {
              "system": "http://loinc.org",
              "code": "8716-3",
              "display": "Vital Signs Panel"
            }
          ]
        },
        "subject": {
          "reference": "Patient/Patient-1137",
          "display": "Aiden Michael Jones"
        },
        "context": {
          "reference": "Encounter/Encounter-384",
          "display": "McKinley Health Center"
        },
        "effectivePeriod": {
          "start": "2019-04-08T09:36:36-04:00",
          "end": "2019-04-08T09:36:36-04:00"
        },
        "valueQuantity": {
          "value": 60.8584841041127,
          "unit": "mmHg"
        },
        "component": [
          {
            "code": {
              "coding": [
                {
                  "system": "http://loinc.org",
                  "code": "8302-2",
                  "display": "Height"
                }
              ]
            }
          },
          {
            "code": {
              "coding": [
                {
                  "system": "http://loinc.org",
                  "code": "29463-7",
                  "display": "Weight"
                }
              ]
            }
          },
          {
            "code": {
              "coding": [
                {
                  "system": "http://loinc.org",
                  "code": "39156-5",
                  "display": "BMI"
                }
              ]
            }
          },
          {
            "code": {
              "coding": [
                {
                  "system": "http://loinc.org",
                  "code": "8310-5",
                  "display": "Temperature"
                }
              ]
            }
          },
          {
            "code": {
              "coding": [
                {
                  "system": "http://loinc.org",
                  "code": "8459-0",
                  "display": "Systolic Blood Pressure"
                }
              ]
            }
          },
          {
            "code": {
              "coding": [
                {
                  "system": "http://loinc.org",
                  "code": "8453-3",
                  "display": "Diastolic Blood Pressure"
                }
              ]
            }
          }
        ]
      },
      "request": {
        "method": "PUT",
        "url": "http://localhost:8080/cqf-ruler/baseDstu3/Observation/Observation-41850"
      }
    }
  ]
}