{
  "resourceType": "Bundle",
  "type": "transaction",
  "entry": [
    {
      "resource": {
        "resourceType": "Encounter",
        "id": "Encounter-403",
        "status": "finished",
        "class": {
          "system": "http://hl7.org/fhir/encounter-class",
          "code": "other",
          "display": "Other"
        },
        "subject": {
          "reference": "Patient/Patient-6507",
          "display": "Samantha Jo King"
        },
        "participant": [
          {
            "period": {
              "start": "2020-01-06T09:36:36-05:00",
              "end": "2020-01-06T09:36:36-05:00"
            },
            "individual": {
              "reference": "Practitioner/Practitioner-2524",
              "display": "Willie Vincent Riddle MD"
            }
          }
        ],
        "period": {
          "start": "2020-01-06T09:36:36-05:00",
          "end": "2020-01-06T09:36:36-05:00"
        },
        "location": [
          {
            "location": {
              "reference": "Location/Location-1103",
              "display": "Acme Medical Center"
            }
          }
        ],
        "serviceProvider": {
          "reference": "Organization/Organization-1103",
          "display": "Acme Medical Center"
        }
      },
      "request": {
        "method": "PUT",
        "url": "http://localhost:8080/cqf-ruler/baseDstu3/Encounter/Encounter-403"
      }
    },
    {
      "resource": {
        "resourceType": "Immunization",
        "id": "Immunization-35287",
        "status": "completed",
        "notGiven": false,
        "vaccineCode": {
          "coding": [
            {
              "system": "http://hl7.org/fhir/sid/cvx",
              "code": "140",
              "display": "Influenza, seasonal, injectable, preservative free"
            }
          ]
        },
        "patient": {
          "reference": "Patient/Patient-6507",
          "display": "Samantha Jo King"
        },
        "date": "2019-12-31T09:36:36-05:00",
        "primarySource": true,
        "location": {
          "reference": "Location/Location-1103",
          "display": "Acme Medical Center"
        },
        "practitioner": [
          {
            "actor": {
              "reference": "Practitioner/Practitioner-2524",
              "display": "Willie Vincent Riddle MD"
            }
          }
        ]
      },
      "request": {
        "method": "PUT",
        "url": "http://localhost:8080/cqf-ruler/baseDstu3/Immunization/Immunization-35287"
      }
    },
    {
      "resource": {
        "resourceType": "Observation",
        "id": "Observation-63210",
        "status": "final",
        "code": {
          "coding": [
            {
              "system": "http://loinc.org",
              "code": "8480-6",
              "display": "Systolic blood pressure"
            }
          ]
        },
        "subject": {
          "reference": "Patient/Patient-6507",
          "display": "Samantha Jo King"
        },
        "context": {
          "reference": "Encounter/Encounter-403",
          "display": "Acme Medical Center"
        },
        "effectiveDateTime": "2020-01-06T09:36:36-05:00",
        "performer": [
          {
            "reference": "Practitioner/Practitioner-2524",
            "display": "Willie Vincent Riddle MD"
          }
        ],
        "valueQuantity": {
          "value": 131.5268805536837,
          "unit": "mmHg"
        }
      },
      "request": {
        "method": "PUT",
        "url": "http://localhost:8080/cqf-ruler/baseDstu3/Observation/Observation-63210"
      }
    },
    {
      "resource": {
        "resourceType": "Observation",
        "id": "Observation-63211",
        "status": "final",
        "code": {
          "coding": [
            {
              "system": "http://loinc.org",
              "code": "8462-4",
              "display": "Diastolic blood pressure"
            }
          ]
        },
        "subject": {
          "reference": "Patient/Patient-6507",
          "display": "Samantha Jo King"
        },
        "context": {
          "reference": "Encounter/Encounter-403",
          "display": "Acme Medical Center"
        },
        "effectiveDateTime": "2020-01-06T09:36:36-05:00",
        "performer": [
          {
            "reference": "Practitioner/Practitioner-2524",
            "display": "Willie Vincent Riddle MD"
          }
        ],
        "valueQuantity": {
          "value": 78.47294061311742,
          "unit": "mmHg"
        }
      },
      "request": {
        "method": "PUT",
        "url": "http://localhost:8080/cqf-ruler/baseDstu3/Observation/Observation-63211"
      }
    },
    {
      "resource": {
        "resourceType": "Observation",
        "id": "Observation-63212",
        "status": "final",
        "category": [
          {
            "coding": [
              {
                "system": "http://hl7.org/fhir/observation-category",
                "code": "vital-signs",
                "display": "vital-signs"
              }
            ]
          }
        ],
        "code": {
          "coding": [
            {
              "system": "http://loinc.org",
              "code": "8716-3",
              "display": "Vital Signs Panel"
            }
          ]
        },
        "subject": {
          "reference": "Patient/Patient-6507",
          "display": "Samantha Jo King"
        },
        "context": {
          "reference": "Encounter/Encounter-403",
          "display": "Acme Medical Center"
        },
        "effectivePeriod": {
          "start": "2020-01-06T09:36:36-05:00",
          "end": "2020-01-06T09:36:36-05:00"
        },
        "valueQuantity": {
          "value": 78.47294061311742,
          "unit": "mmHg"
        },
        "component": [
          {
            "code": {
              "coding": [
                {
                  "system": "http://loinc.org",
                  "code": "8302-2",
                  "display": "Height"
                }
              ]
            }
          },
          {
            "code": {
              "coding": [
                {
                  "system": "http://loinc.org",
                  "code": "29463-7",
                  "display": "Weight"
                }
              ]
            }
          },
          {
            "code": {
              "coding": [
                {
                  "system": "http://loinc.org",
                  "code": "39156-5",
                  "display": "BMI"
                }
              ]
            }
          },
          {
            "code": {
              "coding": [
                {
                  "system": "http://loinc.org",
                  "code": "8310-5",
                  "display": "Temperature"
                }
              ]
            }
          },
          {
            "code": {
              "coding": [
                {
                  "system": "http://loinc.org",
                  "code": "8459-0",
                  "display": "Systolic Blood Pressure"
                }
              ]
            }
          },
          {
            "code": {
              "coding": [
                {
                  "system": "http://loinc.org",
                  "code": "8453-3",
                  "display": "Diastolic Blood Pressure"
                }
              ]
            }
          }
        ]
      },
      "request": {
        "method": "PUT",
        "url": "http://localhost:8080/cqf-ruler/baseDstu3/Observation/Observation-63212"
      }
    }
  ]
}