{
  "resourceType": "Bundle",
  "type": "transaction",
  "entry": [
    {
      "resource": {
        "resourceType": "Encounter",
        "id": "Encounter-440",
        "status": "finished",
        "class": {
          "system": "http://hl7.org/fhir/encounter-class",
          "code": "other",
          "display": "Other"
        },
        "subject": {
          "reference": "Patient/Patient-6546",
          "display": "Andrea Andrade Woodard"
        },
        "participant": [
          {
            "period": {
              "start": "2020-05-25T09:36:36-04:00",
              "end": "2020-05-25T09:36:36-04:00"
            },
            "individual": {
              "reference": "Practitioner/Practitioner-2523",
              "display": "Dean Andrew Davis MD"
            }
          }
        ],
        "period": {
          "start": "2020-05-25T09:36:36-04:00",
          "end": "2020-05-25T09:36:36-04:00"
        },
        "location": [
          {
            "location": {
              "reference": "Location/Location-1102",
              "display": "Pediatric and Adult Medicine"
            }
          }
        ],
        "serviceProvider": {
          "reference": "Organization/Organization-1102",
          "display": "Pediatric and Adult Medicine"
        }
      },
      "request": {
        "method": "PUT",
        "url": "http://localhost:8080/cqf-ruler/baseDstu3/Encounter/Encounter-440"
      }
    },
    {
      "resource": {
        "resourceType": "Immunization",
        "id": "Immunization-46121",
        "status": "completed",
        "notGiven": false,
        "vaccineCode": {
          "coding": [
            {
              "system": "http://hl7.org/fhir/sid/cvx",
              "code": "140",
              "display": "Influenza, seasonal, injectable, preservative free"
            }
          ]
        },
        "patient": {
          "reference": "Patient/Patient-6546",
          "display": "Andrea Andrade Woodard"
        },
        "date": "2020-05-19T09:36:36-04:00",
        "primarySource": true,
        "location": {
          "reference": "Location/Location-1102",
          "display": "Pediatric and Adult Medicine"
        },
        "practitioner": [
          {
            "actor": {
              "reference": "Practitioner/Practitioner-2523",
              "display": "Dean Andrew Davis MD"
            }
          }
        ]
      },
      "request": {
        "method": "PUT",
        "url": "http://localhost:8080/cqf-ruler/baseDstu3/Immunization/Immunization-46121"
      }
    },
    {
      "resource": {
        "resourceType": "Observation",
        "id": "Observation-72234",
        "status": "final",
        "code": {
          "coding": [
            {
              "system": "http://loinc.org",
              "code": "8480-6",
              "display": "Systolic blood pressure"
            }
          ]
        },
        "subject": {
          "reference": "Patient/Patient-6546",
          "display": "Andrea Andrade Woodard"
        },
        "context": {
          "reference": "Encounter/Encounter-440",
          "display": "Pediatric and Adult Medicine"
        },
        "effectiveDateTime": "2020-05-25T09:36:36-04:00",
        "performer": [
          {
            "reference": "Practitioner/Practitioner-2523",
            "display": "Dean Andrew Davis MD"
          }
        ],
        "valueQuantity": {
          "value": 157.07413954153617,
          "unit": "mmHg"
        }
      },
      "request": {
        "method": "PUT",
        "url": "http://localhost:8080/cqf-ruler/baseDstu3/Observation/Observation-72234"
      }
    },
    {
      "resource": {
        "resourceType": "Observation",
        "id": "Observation-72235",
        "status": "final",
        "code": {
          "coding": [
            {
              "system": "http://loinc.org",
              "code": "8462-4",
              "display": "Diastolic blood pressure"
            }
          ]
        },
        "subject": {
          "reference": "Patient/Patient-6546",
          "display": "Andrea Andrade Woodard"
        },
        "context": {
          "reference": "Encounter/Encounter-440",
          "display": "Pediatric and Adult Medicine"
        },
        "effectiveDateTime": "2020-05-25T09:36:36-04:00",
        "performer": [
          {
            "reference": "Practitioner/Practitioner-2523",
            "display": "Dean Andrew Davis MD"
          }
        ],
        "valueQuantity": {
          "value": 84.13576211972564,
          "unit": "mmHg"
        }
      },
      "request": {
        "method": "PUT",
        "url": "http://localhost:8080/cqf-ruler/baseDstu3/Observation/Observation-72235"
      }
    },
    {
      "resource": {
        "resourceType": "Condition",
        "id": "Condition-72236",
        "clinicalStatus": "active",
        "verificationStatus": "confirmed",
        "code": {
          "coding": [
            {
              "system": "http://snomed.info/sct",
              "code": "56218007",
              "display": "Systolic hypertension"
            }
          ]
        },
        "subject": {
          "reference": "Patient/Patient-6546",
          "display": "Andrea Andrade Woodard"
        },
        "context": {
          "reference": "Encounter/Encounter-440",
          "display": "Pediatric and Adult Medicine"
        },
        "onsetDateTime": "2020-05-25T09:36:36-04:00",
        "assertedDate": "2020-05-25T09:36:36-04:00",
        "asserter": {
          "reference": "Practitioner/Practitioner-2523",
          "display": "Dean Andrew Davis MD"
        }
      },
      "request": {
        "method": "PUT",
        "url": "http://localhost:8080/cqf-ruler/baseDstu3/Condition/Condition-72236"
      }
    },
    {
      "resource": {
        "resourceType": "Observation",
        "id": "Observation-72237",
        "status": "final",
        "category": [
          {
            "coding": [
              {
                "system": "http://hl7.org/fhir/observation-category",
                "code": "vital-signs",
                "display": "vital-signs"
              }
            ]
          }
        ],
        "code": {
          "coding": [
            {
              "system": "http://loinc.org",
              "code": "8716-3",
              "display": "Vital Signs Panel"
            }
          ]
        },
        "subject": {
          "reference": "Patient/Patient-6546",
          "display": "Andrea Andrade Woodard"
        },
        "context": {
          "reference": "Encounter/Encounter-440",
          "display": "Pediatric and Adult Medicine"
        },
        "effectivePeriod": {
          "start": "2020-05-25T09:36:36-04:00",
          "end": "2020-05-25T09:36:36-04:00"
        },
        "valueQuantity": {
          "value": 84.13576211972564,
          "unit": "mmHg"
        },
        "component": [
          {
            "code": {
              "coding": [
                {
                  "system": "http://loinc.org",
                  "code": "8302-2",
                  "display": "Height"
                }
              ]
            }
          },
          {
            "code": {
              "coding": [
                {
                  "system": "http://loinc.org",
                  "code": "29463-7",
                  "display": "Weight"
                }
              ]
            }
          },
          {
            "code": {
              "coding": [
                {
                  "system": "http://loinc.org",
                  "code": "39156-5",
                  "display": "BMI"
                }
              ]
            }
          },
          {
            "code": {
              "coding": [
                {
                  "system": "http://loinc.org",
                  "code": "8310-5",
                  "display": "Temperature"
                }
              ]
            }
          },
          {
            "code": {
              "coding": [
                {
                  "system": "http://loinc.org",
                  "code": "8459-0",
                  "display": "Systolic Blood Pressure"
                }
              ]
            }
          },
          {
            "code": {
              "coding": [
                {
                  "system": "http://loinc.org",
                  "code": "8453-3",
                  "display": "Diastolic Blood Pressure"
                }
              ]
            }
          }
        ]
      },
      "request": {
        "method": "PUT",
        "url": "http://localhost:8080/cqf-ruler/baseDstu3/Observation/Observation-72237"
      }
    }
  ]
}