{
  "resourceType": "Bundle",
  "type": "transaction",
  "entry": [
    {
      "resource": {
        "resourceType": "Encounter",
        "id": "Encounter-412",
        "status": "finished",
        "class": {
          "system": "http://hl7.org/fhir/encounter-class",
          "code": "other",
          "display": "Other"
        },
        "subject": {
          "reference": "Patient/Patient-6486",
          "display": "Erika Amy Moore"
        },
        "participant": [
          {
            "period": {
              "start": "2019-01-16T09:36:36-05:00",
              "end": "2019-01-21T09:36:36-05:00"
            },
            "individual": {
              "reference": "Practitioner/Practitioner-2523",
              "display": "Dean Andrew Davis MD"
            }
          }
        ],
        "period": {
          "start": "2019-01-16T09:36:36-05:00",
          "end": "2019-01-21T09:36:36-05:00"
        },
        "location": [
          {
            "location": {
              "reference": "Location/Location-1102",
              "display": "Pediatric and Adult Medicine"
            }
          }
        ],
        "serviceProvider": {
          "reference": "Organization/Organization-1102",
          "display": "Pediatric and Adult Medicine"
        }
      },
      "request": {
        "method": "PUT",
        "url": "http://localhost:8080/cqf-ruler/baseDstu3/Encounter/Encounter-412"
      }
    },
    {
      "resource": {
        "resourceType": "Procedure",
        "id": "Procedure-37462",
        "status": "completed",
        "code": {
          "coding": [
            {
              "system": "http://www.ama-assn.org/go/cpt",
              "code": "19304",
              "display": "Mastectomy, subcutaneous"
            }
          ]
        },
        "subject": {
          "reference": "Patient/Patient-6486",
          "display": "Erika Amy Moore"
        },
        "context": {
          "reference": "Encounter/Encounter-412",
          "display": "Pediatric and Adult Medicine"
        },
        "performedPeriod": {
          "start": "2019-01-16T09:36:36-05:00",
          "end": "2019-01-16T09:36:36-05:00"
        },
        "performer": [
          {
            "actor": {
              "reference": "Practitioner/Practitioner-2523",
              "display": "Dean Andrew Davis MD"
            }
          }
        ],
        "location": {
          "reference": "Location/Location-1102",
          "display": "Pediatric and Adult Medicine"
        }
      },
      "request": {
        "method": "PUT",
        "url": "http://localhost:8080/cqf-ruler/baseDstu3/Procedure/Procedure-37462"
      }
    },
    {
      "resource": {
        "resourceType": "Observation",
        "id": "Observation-37464",
        "status": "final",
        "category": [
          {
            "coding": [
              {
                "system": "http://hl7.org/fhir/observation-category",
                "code": "vital-signs",
                "display": "vital-signs"
              }
            ]
          }
        ],
        "code": {
          "coding": [
            {
              "system": "http://loinc.org",
              "code": "8716-3",
              "display": "Vital Signs Panel"
            }
          ]
        },
        "subject": {
          "reference": "Patient/Patient-6486",
          "display": "Erika Amy Moore"
        },
        "context": {
          "reference": "Encounter/Encounter-412",
          "display": "Pediatric and Adult Medicine"
        },
        "effectivePeriod": {
          "start": "2019-01-21T09:36:36-05:00",
          "end": "2019-01-21T09:36:36-05:00"
        },
        "valueQuantity": {
          "value": 86.81691853737715,
          "unit": "mmHg"
        },
        "component": [
          {
            "code": {
              "coding": [
                {
                  "system": "http://loinc.org",
                  "code": "8302-2",
                  "display": "Height"
                }
              ]
            }
          },
          {
            "code": {
              "coding": [
                {
                  "system": "http://loinc.org",
                  "code": "29463-7",
                  "display": "Weight"
                }
              ]
            }
          },
          {
            "code": {
              "coding": [
                {
                  "system": "http://loinc.org",
                  "code": "39156-5",
                  "display": "BMI"
                }
              ]
            }
          },
          {
            "code": {
              "coding": [
                {
                  "system": "http://loinc.org",
                  "code": "8310-5",
                  "display": "Temperature"
                }
              ]
            }
          },
          {
            "code": {
              "coding": [
                {
                  "system": "http://loinc.org",
                  "code": "8459-0",
                  "display": "Systolic Blood Pressure"
                }
              ]
            }
          },
          {
            "code": {
              "coding": [
                {
                  "system": "http://loinc.org",
                  "code": "8453-3",
                  "display": "Diastolic Blood Pressure"
                }
              ]
            }
          }
        ]
      },
      "request": {
        "method": "PUT",
        "url": "http://localhost:8080/cqf-ruler/baseDstu3/Observation/Observation-37464"
      }
    }
  ]
}