{
  "resourceType": "Bundle",
  "type": "transaction",
  "entry": [
    {
      "resource": {
        "resourceType": "Encounter",
        "id": "Encounter-376",
        "status": "finished",
        "class": {
          "system": "http://hl7.org/fhir/encounter-class",
          "code": "other",
          "display": "Other"
        },
        "subject": {
          "reference": "Patient/Patient-6532",
          "display": "Edith Elaine Brandt"
        },
        "participant": [
          {
            "period": {
              "start": "2021-09-06T09:36:36-04:00",
              "end": "2021-09-06T09:36:36-04:00"
            },
            "individual": {
              "reference": "Practitioner/Practitioner-2529",
              "display": "Stanley Floyd Nielsen MD"
            }
          }
        ],
        "period": {
          "start": "2021-09-06T09:36:36-04:00",
          "end": "2021-09-06T09:36:36-04:00"
        },
        "location": [
          {
            "location": {
              "reference": "Location/Location-1102",
              "display": "Pediatric and Adult Medicine"
            }
          }
        ],
        "serviceProvider": {
          "reference": "Organization/Organization-1102",
          "display": "Pediatric and Adult Medicine"
        }
      },
      "request": {
        "method": "PUT",
        "url": "http://localhost:8080/cqf-ruler/baseDstu3/Encounter/Encounter-376"
      }
    },
    {
      "resource": {
        "resourceType": "Immunization",
        "id": "Immunization-26593",
        "status": "completed",
        "notGiven": false,
        "vaccineCode": {
          "coding": [
            {
              "system": "http://hl7.org/fhir/sid/cvx",
              "code": "140",
              "display": "Influenza, seasonal, injectable, preservative free"
            }
          ]
        },
        "patient": {
          "reference": "Patient/Patient-6532",
          "display": "Edith Elaine Brandt"
        },
        "date": "2021-09-02T09:36:36-04:00",
        "primarySource": true,
        "location": {
          "reference": "Location/Location-1102",
          "display": "Pediatric and Adult Medicine"
        },
        "practitioner": [
          {
            "actor": {
              "reference": "Practitioner/Practitioner-2529",
              "display": "Stanley Floyd Nielsen MD"
            }
          }
        ]
      },
      "request": {
        "method": "PUT",
        "url": "http://localhost:8080/cqf-ruler/baseDstu3/Immunization/Immunization-26593"
      }
    },
    {
      "resource": {
        "resourceType": "Observation",
        "id": "Observation-105424",
        "status": "final",
        "code": {
          "coding": [
            {
              "system": "http://loinc.org",
              "code": "8480-6",
              "display": "Systolic blood pressure"
            }
          ]
        },
        "subject": {
          "reference": "Patient/Patient-6532",
          "display": "Edith Elaine Brandt"
        },
        "context": {
          "reference": "Encounter/Encounter-376",
          "display": "Pediatric and Adult Medicine"
        },
        "effectiveDateTime": "2021-09-06T09:36:36-04:00",
        "performer": [
          {
            "reference": "Practitioner/Practitioner-2529",
            "display": "Stanley Floyd Nielsen MD"
          }
        ],
        "valueQuantity": {
          "value": 155.78075068395577,
          "unit": "mmHg"
        }
      },
      "request": {
        "method": "PUT",
        "url": "http://localhost:8080/cqf-ruler/baseDstu3/Observation/Observation-105424"
      }
    },
    {
      "resource": {
        "resourceType": "Observation",
        "id": "Observation-105425",
        "status": "final",
        "code": {
          "coding": [
            {
              "system": "http://loinc.org",
              "code": "8462-4",
              "display": "Diastolic blood pressure"
            }
          ]
        },
        "subject": {
          "reference": "Patient/Patient-6532",
          "display": "Edith Elaine Brandt"
        },
        "context": {
          "reference": "Encounter/Encounter-376",
          "display": "Pediatric and Adult Medicine"
        },
        "effectiveDateTime": "2021-09-06T09:36:36-04:00",
        "performer": [
          {
            "reference": "Practitioner/Practitioner-2529",
            "display": "Stanley Floyd Nielsen MD"
          }
        ],
        "valueQuantity": {
          "value": 87.40679607559323,
          "unit": "mmHg"
        }
      },
      "request": {
        "method": "PUT",
        "url": "http://localhost:8080/cqf-ruler/baseDstu3/Observation/Observation-105425"
      }
    },
    {
      "resource": {
        "resourceType": "Condition",
        "id": "Condition-105426",
        "clinicalStatus": "active",
        "verificationStatus": "confirmed",
        "code": {
          "coding": [
            {
              "system": "http://snomed.info/sct",
              "code": "65518004",
              "display": "Labile diastolic hypertension"
            }
          ]
        },
        "subject": {
          "reference": "Patient/Patient-6532",
          "display": "Edith Elaine Brandt"
        },
        "context": {
          "reference": "Encounter/Encounter-376",
          "display": "Pediatric and Adult Medicine"
        },
        "onsetDateTime": "2021-09-06T09:36:36-04:00",
        "assertedDate": "2021-09-06T09:36:36-04:00",
        "asserter": {
          "reference": "Practitioner/Practitioner-2529",
          "display": "Stanley Floyd Nielsen MD"
        }
      },
      "request": {
        "method": "PUT",
        "url": "http://localhost:8080/cqf-ruler/baseDstu3/Condition/Condition-105426"
      }
    },
    {
      "resource": {
        "resourceType": "Procedure",
        "id": "Procedure-105427",
        "status": "completed",
        "code": {
          "coding": [
            {
              "system": "http://loinc.org",
              "code": "19766-5",
              "display": "Microscopic observation [Identifier] in Cervical or vaginal smear or scraping by Cyto stain Narrative"
            }
          ]
        },
        "subject": {
          "reference": "Patient/Patient-6532",
          "display": "Edith Elaine Brandt"
        },
        "context": {
          "reference": "Encounter/Encounter-376",
          "display": "Pediatric and Adult Medicine"
        },
        "performedPeriod": {
          "start": "2021-09-06T09:36:36-04:00",
          "end": "2021-09-06T09:36:36-04:00"
        },
        "performer": [
          {
            "actor": {
              "reference": "Practitioner/Practitioner-2529",
              "display": "Stanley Floyd Nielsen MD"
            }
          }
        ],
        "location": {
          "reference": "Location/Location-1102",
          "display": "Pediatric and Adult Medicine"
        }
      },
      "request": {
        "method": "PUT",
        "url": "http://localhost:8080/cqf-ruler/baseDstu3/Procedure/Procedure-105427"
      }
    },
    {
      "resource": {
        "resourceType": "Observation",
        "id": "Observation-105428",
        "status": "final",
        "code": {
          "coding": [
            {
              "system": "http://snomed.info/sct",
              "code": "289829007",
              "display": "Normal uterine cervix (finding)"
            }
          ]
        },
        "subject": {
          "reference": "Patient/Patient-6532",
          "display": "Edith Elaine Brandt"
        },
        "context": {
          "reference": "Encounter/Encounter-376",
          "display": "Pediatric and Adult Medicine"
        },
        "effectiveDateTime": "2021-09-06T09:36:36-04:00",
        "performer": [
          {
            "reference": "Practitioner/Practitioner-2529",
            "display": "Stanley Floyd Nielsen MD"
          }
        ],
        "valueString": "NEGATIVE"
      },
      "request": {
        "method": "PUT",
        "url": "http://localhost:8080/cqf-ruler/baseDstu3/Observation/Observation-105428"
      }
    },
    {
      "resource": {
        "resourceType": "DiagnosticReport",
        "id": "DiagnosticReport-105429",
        "status": "final",
        "code": {
          "coding": [
            {
              "system": "http://loinc.org",
              "code": "42168-5",
              "display": "Breast - right FFD mammogram diagnostic"
            }
          ]
        },
        "subject": {
          "reference": "Patient/Patient-6532",
          "display": "Edith Elaine Brandt"
        },
        "context": {
          "reference": "Encounter/Encounter-376",
          "display": "Pediatric and Adult Medicine"
        },
        "effectivePeriod": {
          "start": "2021-09-06T09:36:36-04:00",
          "end": "2021-09-06T09:36:36-04:00"
        },
        "result": [
          {
            "reference": "Observation/Observation-105428",
            "display": "No_Cancer_Detected"
          }
        ]
      },
      "request": {
        "method": "PUT",
        "url": "http://localhost:8080/cqf-ruler/baseDstu3/DiagnosticReport/DiagnosticReport-105429"
      }
    },
    {
      "resource": {
        "resourceType": "Observation",
        "id": "Observation-105430",
        "status": "final",
        "category": [
          {
            "coding": [
              {
                "system": "http://hl7.org/fhir/observation-category",
                "code": "vital-signs",
                "display": "vital-signs"
              }
            ]
          }
        ],
        "code": {
          "coding": [
            {
              "system": "http://loinc.org",
              "code": "8716-3",
              "display": "Vital Signs Panel"
            }
          ]
        },
        "subject": {
          "reference": "Patient/Patient-6532",
          "display": "Edith Elaine Brandt"
        },
        "context": {
          "reference": "Encounter/Encounter-376",
          "display": "Pediatric and Adult Medicine"
        },
        "effectivePeriod": {
          "start": "2021-09-06T09:36:36-04:00",
          "end": "2021-09-06T09:36:36-04:00"
        },
        "valueQuantity": {
          "value": 87.40679607559323,
          "unit": "mmHg"
        },
        "component": [
          {
            "code": {
              "coding": [
                {
                  "system": "http://loinc.org",
                  "code": "8302-2",
                  "display": "Height"
                }
              ]
            }
          },
          {
            "code": {
              "coding": [
                {
                  "system": "http://loinc.org",
                  "code": "29463-7",
                  "display": "Weight"
                }
              ]
            }
          },
          {
            "code": {
              "coding": [
                {
                  "system": "http://loinc.org",
                  "code": "39156-5",
                  "display": "BMI"
                }
              ]
            }
          },
          {
            "code": {
              "coding": [
                {
                  "system": "http://loinc.org",
                  "code": "8310-5",
                  "display": "Temperature"
                }
              ]
            }
          },
          {
            "code": {
              "coding": [
                {
                  "system": "http://loinc.org",
                  "code": "8459-0",
                  "display": "Systolic Blood Pressure"
                }
              ]
            }
          },
          {
            "code": {
              "coding": [
                {
                  "system": "http://loinc.org",
                  "code": "8453-3",
                  "display": "Diastolic Blood Pressure"
                }
              ]
            }
          }
        ]
      },
      "request": {
        "method": "PUT",
        "url": "http://localhost:8080/cqf-ruler/baseDstu3/Observation/Observation-105430"
      }
    }
  ]
}