{
  "resourceType": "Bundle",
  "type": "transaction",
  "entry": [
    {
      "resource": {
        "resourceType": "Encounter",
        "id": "Encounter-1021",
        "status": "finished",
        "class": {
          "system": "http://hl7.org/fhir/encounter-class",
          "code": "other",
          "display": "Other"
        },
        "subject": {
          "reference": "Patient/Patient-6549",
          "display": "Rick Troy Hanson"
        },
        "participant": [
          {
            "period": {
              "start": "2026-12-14T09:36:36-05:00",
              "end": "2026-12-14T09:36:36-05:00"
            },
            "individual": {
              "reference": "Practitioner/Practitioner-2526",
              "display": "James Woodward Wilkins MD"
            }
          }
        ],
        "period": {
          "start": "2026-12-14T09:36:36-05:00",
          "end": "2026-12-14T09:36:36-05:00"
        },
        "location": [
          {
            "location": {
              "reference": "Location/Location-1105",
              "display": "Bayside Medical Group"
            }
          }
        ],
        "serviceProvider": {
          "reference": "Organization/Organization-1105",
          "display": "Bayside Medical Group"
        }
      },
      "request": {
        "method": "PUT",
        "url": "http://localhost:8080/cqf-ruler/baseDstu3/Encounter/Encounter-1021"
      }
    },
    {
      "resource": {
        "resourceType": "Immunization",
        "id": "Immunization-216220",
        "status": "completed",
        "notGiven": false,
        "vaccineCode": {
          "coding": [
            {
              "system": "http://hl7.org/fhir/sid/cvx",
              "code": "140",
              "display": "Influenza, seasonal, injectable, preservative free"
            }
          ]
        },
        "patient": {
          "reference": "Patient/Patient-6549",
          "display": "Rick Troy Hanson"
        },
        "date": "2026-12-08T09:36:36-05:00",
        "primarySource": true,
        "location": {
          "reference": "Location/Location-1105",
          "display": "Bayside Medical Group"
        },
        "practitioner": [
          {
            "actor": {
              "reference": "Practitioner/Practitioner-2526",
              "display": "James Woodward Wilkins MD"
            }
          }
        ]
      },
      "request": {
        "method": "PUT",
        "url": "http://localhost:8080/cqf-ruler/baseDstu3/Immunization/Immunization-216220"
      }
    },
    {
      "resource": {
        "resourceType": "Immunization",
        "id": "Immunization-216221",
        "status": "completed",
        "notGiven": false,
        "vaccineCode": {
          "coding": [
            {
              "system": "http://hl7.org/fhir/sid/cvx",
              "code": "133",
              "display": "Pneumococcal conjugate PCV 13"
            }
          ]
        },
        "patient": {
          "reference": "Patient/Patient-6549",
          "display": "Rick Troy Hanson"
        },
        "date": "2026-12-08T09:36:36-05:00",
        "primarySource": true,
        "location": {
          "reference": "Location/Location-1105",
          "display": "Bayside Medical Group"
        },
        "practitioner": [
          {
            "actor": {
              "reference": "Practitioner/Practitioner-2526",
              "display": "James Woodward Wilkins MD"
            }
          }
        ]
      },
      "request": {
        "method": "PUT",
        "url": "http://localhost:8080/cqf-ruler/baseDstu3/Immunization/Immunization-216221"
      }
    },
    {
      "resource": {
        "resourceType": "Immunization",
        "id": "Immunization-216222",
        "status": "completed",
        "notGiven": false,
        "vaccineCode": {
          "coding": [
            {
              "system": "http://hl7.org/fhir/sid/cvx",
              "code": "33",
              "display": "pneumococcal polysaccharide vaccine, 23 valent"
            }
          ]
        },
        "patient": {
          "reference": "Patient/Patient-6549",
          "display": "Rick Troy Hanson"
        },
        "date": "2026-12-08T09:36:36-05:00",
        "primarySource": true,
        "location": {
          "reference": "Location/Location-1105",
          "display": "Bayside Medical Group"
        },
        "practitioner": [
          {
            "actor": {
              "reference": "Practitioner/Practitioner-2526",
              "display": "James Woodward Wilkins MD"
            }
          }
        ]
      },
      "request": {
        "method": "PUT",
        "url": "http://localhost:8080/cqf-ruler/baseDstu3/Immunization/Immunization-216222"
      }
    },
    {
      "resource": {
        "resourceType": "Observation",
        "id": "Observation-242450",
        "status": "final",
        "code": {
          "coding": [
            {
              "system": "http://loinc.org",
              "code": "8480-6",
              "display": "Systolic blood pressure"
            }
          ]
        },
        "subject": {
          "reference": "Patient/Patient-6549",
          "display": "Rick Troy Hanson"
        },
        "context": {
          "reference": "Encounter/Encounter-1021",
          "display": "Bayside Medical Group"
        },
        "effectiveDateTime": "2026-12-14T09:36:36-05:00",
        "performer": [
          {
            "reference": "Practitioner/Practitioner-2526",
            "display": "James Woodward Wilkins MD"
          }
        ],
        "valueQuantity": {
          "value": 158.9891903674652,
          "unit": "mmHg"
        }
      },
      "request": {
        "method": "PUT",
        "url": "http://localhost:8080/cqf-ruler/baseDstu3/Observation/Observation-242450"
      }
    },
    {
      "resource": {
        "resourceType": "Observation",
        "id": "Observation-242451",
        "status": "final",
        "code": {
          "coding": [
            {
              "system": "http://loinc.org",
              "code": "8462-4",
              "display": "Diastolic blood pressure"
            }
          ]
        },
        "subject": {
          "reference": "Patient/Patient-6549",
          "display": "Rick Troy Hanson"
        },
        "context": {
          "reference": "Encounter/Encounter-1021",
          "display": "Bayside Medical Group"
        },
        "effectiveDateTime": "2026-12-14T09:36:36-05:00",
        "performer": [
          {
            "reference": "Practitioner/Practitioner-2526",
            "display": "James Woodward Wilkins MD"
          }
        ],
        "valueQuantity": {
          "value": 72.36695214656795,
          "unit": "mmHg"
        }
      },
      "request": {
        "method": "PUT",
        "url": "http://localhost:8080/cqf-ruler/baseDstu3/Observation/Observation-242451"
      }
    },
    {
      "resource": {
        "resourceType": "Condition",
        "id": "Condition-242452",
        "clinicalStatus": "active",
        "verificationStatus": "confirmed",
        "code": {
          "coding": [
            {
              "system": "http://snomed.info/sct",
              "code": "59720008",
              "display": "Sustained diastolic hypertension"
            }
          ]
        },
        "subject": {
          "reference": "Patient/Patient-6549",
          "display": "Rick Troy Hanson"
        },
        "context": {
          "reference": "Encounter/Encounter-1021",
          "display": "Bayside Medical Group"
        },
        "onsetDateTime": "2026-12-14T09:36:36-05:00",
        "assertedDate": "2026-12-14T09:36:36-05:00",
        "asserter": {
          "reference": "Practitioner/Practitioner-2526",
          "display": "James Woodward Wilkins MD"
        }
      },
      "request": {
        "method": "PUT",
        "url": "http://localhost:8080/cqf-ruler/baseDstu3/Condition/Condition-242452"
      }
    },
    {
      "resource": {
        "resourceType": "Observation",
        "id": "Observation-242453",
        "status": "final",
        "category": [
          {
            "coding": [
              {
                "system": "http://hl7.org/fhir/observation-category",
                "code": "vital-signs",
                "display": "vital-signs"
              }
            ]
          }
        ],
        "code": {
          "coding": [
            {
              "system": "http://loinc.org",
              "code": "8716-3",
              "display": "Vital Signs Panel"
            }
          ]
        },
        "subject": {
          "reference": "Patient/Patient-6549",
          "display": "Rick Troy Hanson"
        },
        "context": {
          "reference": "Encounter/Encounter-1021",
          "display": "Bayside Medical Group"
        },
        "effectivePeriod": {
          "start": "2026-12-14T09:36:36-05:00",
          "end": "2026-12-14T09:36:36-05:00"
        },
        "valueQuantity": {
          "value": 72.36695214656795,
          "unit": "mmHg"
        },
        "component": [
          {
            "code": {
              "coding": [
                {
                  "system": "http://loinc.org",
                  "code": "8302-2",
                  "display": "Height"
                }
              ]
            }
          },
          {
            "code": {
              "coding": [
                {
                  "system": "http://loinc.org",
                  "code": "29463-7",
                  "display": "Weight"
                }
              ]
            }
          },
          {
            "code": {
              "coding": [
                {
                  "system": "http://loinc.org",
                  "code": "39156-5",
                  "display": "BMI"
                }
              ]
            }
          },
          {
            "code": {
              "coding": [
                {
                  "system": "http://loinc.org",
                  "code": "8310-5",
                  "display": "Temperature"
                }
              ]
            }
          },
          {
            "code": {
              "coding": [
                {
                  "system": "http://loinc.org",
                  "code": "8459-0",
                  "display": "Systolic Blood Pressure"
                }
              ]
            }
          },
          {
            "code": {
              "coding": [
                {
                  "system": "http://loinc.org",
                  "code": "8453-3",
                  "display": "Diastolic Blood Pressure"
                }
              ]
            }
          }
        ]
      },
      "request": {
        "method": "PUT",
        "url": "http://localhost:8080/cqf-ruler/baseDstu3/Observation/Observation-242453"
      }
    }
  ]
}