{
  "resourceType": "Bundle",
  "type": "transaction",
  "entry": [
    {
      "resource": {
        "resourceType": "Encounter",
        "id": "Encounter-475",
        "status": "finished",
        "class": {
          "system": "http://hl7.org/fhir/encounter-class",
          "code": "other",
          "display": "Other"
        },
        "subject": {
          "reference": "Patient/Patient-1129",
          "display": "Viola Jean Campbell"
        },
        "participant": [
          {
            "period": {
              "start": "2020-09-14T09:36:36-04:00",
              "end": "2020-09-14T09:36:36-04:00"
            },
            "individual": {
              "reference": "Practitioner/Practitioner-2524",
              "display": "Willie Vincent Riddle MD"
            }
          }
        ],
        "period": {
          "start": "2020-09-14T09:36:36-04:00",
          "end": "2020-09-14T09:36:36-04:00"
        },
        "location": [
          {
            "location": {
              "reference": "Location/Location-1103",
              "display": "Acme Medical Center"
            }
          }
        ],
        "serviceProvider": {
          "reference": "Organization/Organization-1103",
          "display": "Acme Medical Center"
        }
      },
      "request": {
        "method": "PUT",
        "url": "http://localhost:8080/cqf-ruler/baseDstu3/Encounter/Encounter-475"
      }
    },
    {
      "resource": {
        "resourceType": "Immunization",
        "id": "Immunization-54768",
        "status": "completed",
        "notGiven": false,
        "vaccineCode": {
          "coding": [
            {
              "system": "http://hl7.org/fhir/sid/cvx",
              "code": "140",
              "display": "Influenza, seasonal, injectable, preservative free"
            }
          ]
        },
        "patient": {
          "reference": "Patient/Patient-1129",
          "display": "Viola Jean Campbell"
        },
        "date": "2020-09-08T09:36:36-04:00",
        "primarySource": true,
        "location": {
          "reference": "Location/Location-1103",
          "display": "Acme Medical Center"
        },
        "practitioner": [
          {
            "actor": {
              "reference": "Practitioner/Practitioner-2524",
              "display": "Willie Vincent Riddle MD"
            }
          }
        ]
      },
      "request": {
        "method": "PUT",
        "url": "http://localhost:8080/cqf-ruler/baseDstu3/Immunization/Immunization-54768"
      }
    },
    {
      "resource": {
        "resourceType": "Observation",
        "id": "Observation-80981",
        "status": "final",
        "code": {
          "coding": [
            {
              "system": "http://loinc.org",
              "code": "8480-6",
              "display": "Systolic blood pressure"
            }
          ]
        },
        "subject": {
          "reference": "Patient/Patient-1129",
          "display": "Viola Jean Campbell"
        },
        "context": {
          "reference": "Encounter/Encounter-475",
          "display": "Acme Medical Center"
        },
        "effectiveDateTime": "2020-09-14T09:36:36-04:00",
        "performer": [
          {
            "reference": "Practitioner/Practitioner-2524",
            "display": "Willie Vincent Riddle MD"
          }
        ],
        "valueQuantity": {
          "value": 141.72500824483825,
          "unit": "mmHg"
        }
      },
      "request": {
        "method": "PUT",
        "url": "http://localhost:8080/cqf-ruler/baseDstu3/Observation/Observation-80981"
      }
    },
    {
      "resource": {
        "resourceType": "Observation",
        "id": "Observation-80982",
        "status": "final",
        "code": {
          "coding": [
            {
              "system": "http://loinc.org",
              "code": "8462-4",
              "display": "Diastolic blood pressure"
            }
          ]
        },
        "subject": {
          "reference": "Patient/Patient-1129",
          "display": "Viola Jean Campbell"
        },
        "context": {
          "reference": "Encounter/Encounter-475",
          "display": "Acme Medical Center"
        },
        "effectiveDateTime": "2020-09-14T09:36:36-04:00",
        "performer": [
          {
            "reference": "Practitioner/Practitioner-2524",
            "display": "Willie Vincent Riddle MD"
          }
        ],
        "valueQuantity": {
          "value": 66.57861864700396,
          "unit": "mmHg"
        }
      },
      "request": {
        "method": "PUT",
        "url": "http://localhost:8080/cqf-ruler/baseDstu3/Observation/Observation-80982"
      }
    },
    {
      "resource": {
        "resourceType": "Condition",
        "id": "Condition-80983",
        "clinicalStatus": "active",
        "verificationStatus": "confirmed",
        "code": {
          "coding": [
            {
              "system": "http://snomed.info/sct",
              "code": "59621000",
              "display": "Essential hypertension"
            }
          ]
        },
        "subject": {
          "reference": "Patient/Patient-1129",
          "display": "Viola Jean Campbell"
        },
        "context": {
          "reference": "Encounter/Encounter-475",
          "display": "Acme Medical Center"
        },
        "onsetDateTime": "2020-09-14T09:36:36-04:00",
        "assertedDate": "2020-09-14T09:36:36-04:00",
        "asserter": {
          "reference": "Practitioner/Practitioner-2524",
          "display": "Willie Vincent Riddle MD"
        }
      },
      "request": {
        "method": "PUT",
        "url": "http://localhost:8080/cqf-ruler/baseDstu3/Condition/Condition-80983"
      }
    },
    {
      "resource": {
        "resourceType": "Procedure",
        "id": "Procedure-80984",
        "status": "completed",
        "code": {
          "coding": [
            {
              "system": "http://snomed.info/sct",
              "code": "43204002",
              "display": "Bilateral mammography (procedure)"
            }
          ]
        },
        "subject": {
          "reference": "Patient/Patient-1129",
          "display": "Viola Jean Campbell"
        },
        "context": {
          "reference": "Encounter/Encounter-475",
          "display": "Acme Medical Center"
        },
        "performedPeriod": {
          "start": "2020-09-14T09:36:36-04:00",
          "end": "2020-09-14T09:36:36-04:00"
        },
        "performer": [
          {
            "actor": {
              "reference": "Practitioner/Practitioner-2524",
              "display": "Willie Vincent Riddle MD"
            }
          }
        ],
        "location": {
          "reference": "Location/Location-1103",
          "display": "Acme Medical Center"
        }
      },
      "request": {
        "method": "PUT",
        "url": "http://localhost:8080/cqf-ruler/baseDstu3/Procedure/Procedure-80984"
      }
    },
    {
      "resource": {
        "resourceType": "Observation",
        "id": "Observation-80986",
        "status": "final",
        "code": {
          "coding": [
            {
              "system": "http://snomed.info/sct",
              "code": "397145000",
              "display": "Mammography assessment (Category 5) - Highly suggestive of malignancy"
            }
          ]
        },
        "subject": {
          "reference": "Patient/Patient-1129",
          "display": "Viola Jean Campbell"
        },
        "context": {
          "reference": "Encounter/Encounter-475",
          "display": "Acme Medical Center"
        },
        "effectiveDateTime": "2020-09-14T09:36:36-04:00",
        "performer": [
          {
            "reference": "Practitioner/Practitioner-2524",
            "display": "Willie Vincent Riddle MD"
          }
        ],
        "valueString": "POSITIVE"
      },
      "request": {
        "method": "PUT",
        "url": "http://localhost:8080/cqf-ruler/baseDstu3/Observation/Observation-80986"
      }
    },
    {
      "resource": {
        "resourceType": "DiagnosticReport",
        "id": "DiagnosticReport-80987",
        "status": "final",
        "code": {
          "coding": [
            {
              "system": "http://loinc.org",
              "code": "69150-1",
              "display": "Breast implant - left Mammogram diagnostic"
            }
          ]
        },
        "subject": {
          "reference": "Patient/Patient-1129",
          "display": "Viola Jean Campbell"
        },
        "context": {
          "reference": "Encounter/Encounter-475",
          "display": "Acme Medical Center"
        },
        "effectivePeriod": {
          "start": "2020-09-14T09:36:36-04:00",
          "end": "2020-09-14T09:36:36-04:00"
        },
        "result": [
          {
            "reference": "Observation/Observation-80986",
            "display": "Breast_Cancer_Observation"
          }
        ]
      },
      "request": {
        "method": "PUT",
        "url": "http://localhost:8080/cqf-ruler/baseDstu3/DiagnosticReport/DiagnosticReport-80987"
      }
    },
    {
      "resource": {
        "resourceType": "Observation",
        "id": "Observation-80988",
        "status": "final",
        "category": [
          {
            "coding": [
              {
                "system": "http://hl7.org/fhir/observation-category",
                "code": "vital-signs",
                "display": "vital-signs"
              }
            ]
          }
        ],
        "code": {
          "coding": [
            {
              "system": "http://loinc.org",
              "code": "8716-3",
              "display": "Vital Signs Panel"
            }
          ]
        },
        "subject": {
          "reference": "Patient/Patient-1129",
          "display": "Viola Jean Campbell"
        },
        "context": {
          "reference": "Encounter/Encounter-475",
          "display": "Acme Medical Center"
        },
        "effectivePeriod": {
          "start": "2020-09-14T09:36:36-04:00",
          "end": "2020-09-14T09:36:36-04:00"
        },
        "valueQuantity": {
          "value": 66.57861864700396,
          "unit": "mmHg"
        },
        "component": [
          {
            "code": {
              "coding": [
                {
                  "system": "http://loinc.org",
                  "code": "8302-2",
                  "display": "Height"
                }
              ]
            }
          },
          {
            "code": {
              "coding": [
                {
                  "system": "http://loinc.org",
                  "code": "29463-7",
                  "display": "Weight"
                }
              ]
            }
          },
          {
            "code": {
              "coding": [
                {
                  "system": "http://loinc.org",
                  "code": "39156-5",
                  "display": "BMI"
                }
              ]
            }
          },
          {
            "code": {
              "coding": [
                {
                  "system": "http://loinc.org",
                  "code": "8310-5",
                  "display": "Temperature"
                }
              ]
            }
          },
          {
            "code": {
              "coding": [
                {
                  "system": "http://loinc.org",
                  "code": "8459-0",
                  "display": "Systolic Blood Pressure"
                }
              ]
            }
          },
          {
            "code": {
              "coding": [
                {
                  "system": "http://loinc.org",
                  "code": "8453-3",
                  "display": "Diastolic Blood Pressure"
                }
              ]
            }
          }
        ]
      },
      "request": {
        "method": "PUT",
        "url": "http://localhost:8080/cqf-ruler/baseDstu3/Observation/Observation-80988"
      }
    }
  ]
}