{
  "resourceType": "Bundle",
  "type": "transaction",
  "entry": [
    {
      "resource": {
        "resourceType": "Encounter",
        "id": "Encounter-1079",
        "status": "finished",
        "class": {
          "system": "http://hl7.org/fhir/encounter-class",
          "code": "other",
          "display": "Other"
        },
        "subject": {
          "reference": "Patient/Patient-6491",
          "display": "Rosa Bullock Berg"
        },
        "participant": [
          {
            "period": {
              "start": "2027-08-02T09:36:36-04:00",
              "end": "2027-08-02T09:36:36-04:00"
            },
            "individual": {
              "reference": "Practitioner/Practitioner-2528",
              "display": "Tanya Sally Wheeler MD"
            }
          }
        ],
        "period": {
          "start": "2027-08-02T09:36:36-04:00",
          "end": "2027-08-02T09:36:36-04:00"
        },
        "location": [
          {
            "location": {
              "reference": "Location/Location-1101",
              "display": "McKinley Health Center"
            }
          }
        ],
        "serviceProvider": {
          "reference": "Organization/Organization-1101",
          "display": "McKinley Health Center"
        }
      },
      "request": {
        "method": "PUT",
        "url": "http://localhost:8080/cqf-ruler/baseDstu3/Encounter/Encounter-1079"
      }
    },
    {
      "resource": {
        "resourceType": "Immunization",
        "id": "Immunization-231736",
        "status": "completed",
        "notGiven": false,
        "vaccineCode": {
          "coding": [
            {
              "system": "http://hl7.org/fhir/sid/cvx",
              "code": "140",
              "display": "Influenza, seasonal, injectable, preservative free"
            }
          ]
        },
        "patient": {
          "reference": "Patient/Patient-6491",
          "display": "Rosa Bullock Berg"
        },
        "date": "2027-07-27T09:36:36-04:00",
        "primarySource": true,
        "location": {
          "reference": "Location/Location-1101",
          "display": "McKinley Health Center"
        },
        "practitioner": [
          {
            "actor": {
              "reference": "Practitioner/Practitioner-2528",
              "display": "Tanya Sally Wheeler MD"
            }
          }
        ]
      },
      "request": {
        "method": "PUT",
        "url": "http://localhost:8080/cqf-ruler/baseDstu3/Immunization/Immunization-231736"
      }
    },
    {
      "resource": {
        "resourceType": "Procedure",
        "id": "Procedure-257503",
        "status": "completed",
        "code": {
          "coding": [
            {
              "system": "http://loinc.org",
              "code": "57905-2",
              "display": "Hemoglobin.gastrointestinal [Presence] in Stool by Immunologic method --1st specimen"
            }
          ]
        },
        "subject": {
          "reference": "Patient/Patient-6491",
          "display": "Rosa Bullock Berg"
        },
        "context": {
          "reference": "Encounter/Encounter-1079",
          "display": "McKinley Health Center"
        },
        "performedPeriod": {
          "start": "2027-08-02T09:36:36-04:00",
          "end": "2027-08-02T09:36:36-04:00"
        },
        "performer": [
          {
            "actor": {
              "reference": "Practitioner/Practitioner-2528",
              "display": "Tanya Sally Wheeler MD"
            }
          }
        ],
        "location": {
          "reference": "Location/Location-1101",
          "display": "McKinley Health Center"
        }
      },
      "request": {
        "method": "PUT",
        "url": "http://localhost:8080/cqf-ruler/baseDstu3/Procedure/Procedure-257503"
      }
    },
    {
      "resource": {
        "resourceType": "Observation",
        "id": "Observation-257504",
        "status": "final",
        "code": {
          "coding": [
            {
              "system": "http://loinc.org",
              "code": "56490-6",
              "display": "Hemoglobin.gastrointestinal [Presence] in Stool by Immunologic method --2nd specimen"
            }
          ]
        },
        "subject": {
          "reference": "Patient/Patient-6491",
          "display": "Rosa Bullock Berg"
        },
        "context": {
          "reference": "Encounter/Encounter-1079",
          "display": "McKinley Health Center"
        },
        "effectiveDateTime": "2027-08-02T09:36:36-04:00",
        "performer": [
          {
            "reference": "Practitioner/Practitioner-2528",
            "display": "Tanya Sally Wheeler MD"
          }
        ],
        "valueString": "NEGATIVE"
      },
      "request": {
        "method": "PUT",
        "url": "http://localhost:8080/cqf-ruler/baseDstu3/Observation/Observation-257504"
      }
    },
    {
      "resource": {
        "resourceType": "Observation",
        "id": "Observation-257505",
        "status": "final",
        "code": {
          "coding": [
            {
              "system": "http://loinc.org",
              "code": "8480-6",
              "display": "Systolic blood pressure"
            }
          ]
        },
        "subject": {
          "reference": "Patient/Patient-6491",
          "display": "Rosa Bullock Berg"
        },
        "context": {
          "reference": "Encounter/Encounter-1079",
          "display": "McKinley Health Center"
        },
        "effectiveDateTime": "2027-08-02T09:36:36-04:00",
        "performer": [
          {
            "reference": "Practitioner/Practitioner-2528",
            "display": "Tanya Sally Wheeler MD"
          }
        ],
        "valueQuantity": {
          "value": 153.34104833685214,
          "unit": "mmHg"
        }
      },
      "request": {
        "method": "PUT",
        "url": "http://localhost:8080/cqf-ruler/baseDstu3/Observation/Observation-257505"
      }
    },
    {
      "resource": {
        "resourceType": "Observation",
        "id": "Observation-257506",
        "status": "final",
        "code": {
          "coding": [
            {
              "system": "http://loinc.org",
              "code": "8462-4",
              "display": "Diastolic blood pressure"
            }
          ]
        },
        "subject": {
          "reference": "Patient/Patient-6491",
          "display": "Rosa Bullock Berg"
        },
        "context": {
          "reference": "Encounter/Encounter-1079",
          "display": "McKinley Health Center"
        },
        "effectiveDateTime": "2027-08-02T09:36:36-04:00",
        "performer": [
          {
            "reference": "Practitioner/Practitioner-2528",
            "display": "Tanya Sally Wheeler MD"
          }
        ],
        "valueQuantity": {
          "value": 119.97130936990604,
          "unit": "mmHg"
        }
      },
      "request": {
        "method": "PUT",
        "url": "http://localhost:8080/cqf-ruler/baseDstu3/Observation/Observation-257506"
      }
    },
    {
      "resource": {
        "resourceType": "Condition",
        "id": "Condition-257507",
        "clinicalStatus": "active",
        "verificationStatus": "confirmed",
        "code": {
          "coding": [
            {
              "system": "http://snomed.info/sct",
              "code": "48146000",
              "display": "Diastolic hypertension"
            }
          ]
        },
        "subject": {
          "reference": "Patient/Patient-6491",
          "display": "Rosa Bullock Berg"
        },
        "context": {
          "reference": "Encounter/Encounter-1079",
          "display": "McKinley Health Center"
        },
        "onsetDateTime": "2027-08-02T09:36:36-04:00",
        "assertedDate": "2027-08-02T09:36:36-04:00",
        "asserter": {
          "reference": "Practitioner/Practitioner-2528",
          "display": "Tanya Sally Wheeler MD"
        }
      },
      "request": {
        "method": "PUT",
        "url": "http://localhost:8080/cqf-ruler/baseDstu3/Condition/Condition-257507"
      }
    },
    {
      "resource": {
        "resourceType": "Procedure",
        "id": "Procedure-257508",
        "status": "completed",
        "code": {
          "coding": [
            {
              "system": "http://loinc.org",
              "code": "33717-0",
              "display": "Cytology Cervical or vaginal smear or scraping study"
            }
          ]
        },
        "subject": {
          "reference": "Patient/Patient-6491",
          "display": "Rosa Bullock Berg"
        },
        "context": {
          "reference": "Encounter/Encounter-1079",
          "display": "McKinley Health Center"
        },
        "performedPeriod": {
          "start": "2027-08-02T09:36:36-04:00",
          "end": "2027-08-02T09:36:36-04:00"
        },
        "performer": [
          {
            "actor": {
              "reference": "Practitioner/Practitioner-2528",
              "display": "Tanya Sally Wheeler MD"
            }
          }
        ],
        "location": {
          "reference": "Location/Location-1101",
          "display": "McKinley Health Center"
        }
      },
      "request": {
        "method": "PUT",
        "url": "http://localhost:8080/cqf-ruler/baseDstu3/Procedure/Procedure-257508"
      }
    },
    {
      "resource": {
        "resourceType": "Observation",
        "id": "Observation-257509",
        "status": "final",
        "code": {
          "coding": [
            {
              "system": "http://snomed.info/sct",
              "code": "289829007",
              "display": "Normal uterine cervix (finding)"
            }
          ]
        },
        "subject": {
          "reference": "Patient/Patient-6491",
          "display": "Rosa Bullock Berg"
        },
        "context": {
          "reference": "Encounter/Encounter-1079",
          "display": "McKinley Health Center"
        },
        "effectiveDateTime": "2027-08-02T09:36:36-04:00",
        "performer": [
          {
            "reference": "Practitioner/Practitioner-2528",
            "display": "Tanya Sally Wheeler MD"
          }
        ],
        "valueString": "NEGATIVE"
      },
      "request": {
        "method": "PUT",
        "url": "http://localhost:8080/cqf-ruler/baseDstu3/Observation/Observation-257509"
      }
    },
    {
      "resource": {
        "resourceType": "DiagnosticReport",
        "id": "DiagnosticReport-257510",
        "status": "final",
        "code": {
          "coding": [
            {
              "system": "http://loinc.org",
              "code": "37768-9",
              "display": "Breast - right Mammogram 2 views"
            }
          ]
        },
        "subject": {
          "reference": "Patient/Patient-6491",
          "display": "Rosa Bullock Berg"
        },
        "context": {
          "reference": "Encounter/Encounter-1079",
          "display": "McKinley Health Center"
        },
        "effectivePeriod": {
          "start": "2027-08-02T09:36:36-04:00",
          "end": "2027-08-02T09:36:36-04:00"
        },
        "result": [
          {
            "reference": "Observation/Observation-257509",
            "display": "No_Cancer_Detected"
          }
        ]
      },
      "request": {
        "method": "PUT",
        "url": "http://localhost:8080/cqf-ruler/baseDstu3/DiagnosticReport/DiagnosticReport-257510"
      }
    },
    {
      "resource": {
        "resourceType": "Observation",
        "id": "Observation-257511",
        "status": "final",
        "category": [
          {
            "coding": [
              {
                "system": "http://hl7.org/fhir/observation-category",
                "code": "vital-signs",
                "display": "vital-signs"
              }
            ]
          }
        ],
        "code": {
          "coding": [
            {
              "system": "http://loinc.org",
              "code": "8716-3",
              "display": "Vital Signs Panel"
            }
          ]
        },
        "subject": {
          "reference": "Patient/Patient-6491",
          "display": "Rosa Bullock Berg"
        },
        "context": {
          "reference": "Encounter/Encounter-1079",
          "display": "McKinley Health Center"
        },
        "effectivePeriod": {
          "start": "2027-08-02T09:36:36-04:00",
          "end": "2027-08-02T09:36:36-04:00"
        },
        "valueQuantity": {
          "value": 119.97130936990604,
          "unit": "mmHg"
        },
        "component": [
          {
            "code": {
              "coding": [
                {
                  "system": "http://loinc.org",
                  "code": "8302-2",
                  "display": "Height"
                }
              ]
            }
          },
          {
            "code": {
              "coding": [
                {
                  "system": "http://loinc.org",
                  "code": "29463-7",
                  "display": "Weight"
                }
              ]
            }
          },
          {
            "code": {
              "coding": [
                {
                  "system": "http://loinc.org",
                  "code": "39156-5",
                  "display": "BMI"
                }
              ]
            }
          },
          {
            "code": {
              "coding": [
                {
                  "system": "http://loinc.org",
                  "code": "8310-5",
                  "display": "Temperature"
                }
              ]
            }
          },
          {
            "code": {
              "coding": [
                {
                  "system": "http://loinc.org",
                  "code": "8459-0",
                  "display": "Systolic Blood Pressure"
                }
              ]
            }
          },
          {
            "code": {
              "coding": [
                {
                  "system": "http://loinc.org",
                  "code": "8453-3",
                  "display": "Diastolic Blood Pressure"
                }
              ]
            }
          }
        ]
      },
      "request": {
        "method": "PUT",
        "url": "http://localhost:8080/cqf-ruler/baseDstu3/Observation/Observation-257511"
      }
    }
  ]
}