{
  "resourceType": "Bundle",
  "type": "transaction",
  "entry": [
    {
      "resource": {
        "resourceType": "Encounter",
        "id": "Encounter-1105",
        "status": "finished",
        "class": {
          "system": "http://hl7.org/fhir/encounter-class",
          "code": "other",
          "display": "Other"
        },
        "subject": {
          "reference": "Patient/Patient-6535",
          "display": "Barbara April Howe"
        },
        "participant": [
          {
            "period": {
              "start": "2026-10-30T09:36:36-04:00",
              "end": "2026-11-02T09:36:36-05:00"
            },
            "individual": {
              "reference": "Practitioner/Practitioner-2525",
              "display": "Kyle Christian Ballard MD"
            }
          }
        ],
        "period": {
          "start": "2026-10-30T09:36:36-04:00",
          "end": "2026-11-02T09:36:36-05:00"
        },
        "location": [
          {
            "location": {
              "reference": "Location/Location-1001",
              "display": "Windward General Hospital"
            }
          }
        ],
        "serviceProvider": {
          "reference": "Organization/Organization-1001",
          "display": "Windward General Hospital"
        }
      },
      "request": {
        "method": "PUT",
        "url": "http://localhost:8080/cqf-ruler/baseDstu3/Encounter/Encounter-1105"
      }
    },
    {
      "resource": {
        "resourceType": "Procedure",
        "id": "Procedure-238441",
        "status": "completed",
        "code": {
          "coding": [
            {
              "system": "http://www.ama-assn.org/go/cpt",
              "code": "45335",
              "display": "Sigmoidoscopy, flexible; with directed submucosal injection(s), any substance"
            }
          ]
        },
        "subject": {
          "reference": "Patient/Patient-6535",
          "display": "Barbara April Howe"
        },
        "context": {
          "reference": "Encounter/Encounter-1105",
          "display": "Windward General Hospital"
        },
        "performedPeriod": {
          "start": "2026-10-30T09:36:36-04:00",
          "end": "2026-10-30T09:36:36-04:00"
        },
        "performer": [
          {
            "actor": {
              "reference": "Practitioner/Practitioner-2525",
              "display": "Kyle Christian Ballard MD"
            }
          }
        ],
        "location": {
          "reference": "Location/Location-1001",
          "display": "Windward General Hospital"
        }
      },
      "request": {
        "method": "PUT",
        "url": "http://localhost:8080/cqf-ruler/baseDstu3/Procedure/Procedure-238441"
      }
    },
    {
      "resource": {
        "resourceType": "Observation",
        "id": "Observation-238442",
        "status": "final",
        "code": {
          "coding": [
            {
              "system": "http://www.ama-assn.org/go/cpt",
              "code": "45341",
              "display": "Sigmoidoscopy, flexible; with endoscopic ultrasound examination"
            }
          ]
        },
        "subject": {
          "reference": "Patient/Patient-6535",
          "display": "Barbara April Howe"
        },
        "context": {
          "reference": "Encounter/Encounter-1105",
          "display": "Windward General Hospital"
        },
        "effectiveDateTime": "2026-10-30T09:36:36-04:00",
        "performer": [
          {
            "reference": "Practitioner/Practitioner-2525",
            "display": "Kyle Christian Ballard MD"
          }
        ],
        "valueString": "NEGATIVE"
      },
      "request": {
        "method": "PUT",
        "url": "http://localhost:8080/cqf-ruler/baseDstu3/Observation/Observation-238442"
      }
    },
    {
      "resource": {
        "resourceType": "Observation",
        "id": "Observation-238444",
        "status": "final",
        "category": [
          {
            "coding": [
              {
                "system": "http://hl7.org/fhir/observation-category",
                "code": "vital-signs",
                "display": "vital-signs"
              }
            ]
          }
        ],
        "code": {
          "coding": [
            {
              "system": "http://loinc.org",
              "code": "8716-3",
              "display": "Vital Signs Panel"
            }
          ]
        },
        "subject": {
          "reference": "Patient/Patient-6535",
          "display": "Barbara April Howe"
        },
        "context": {
          "reference": "Encounter/Encounter-1105",
          "display": "Windward General Hospital"
        },
        "effectivePeriod": {
          "start": "2026-11-02T09:36:36-05:00",
          "end": "2026-11-02T09:36:36-05:00"
        },
        "valueQuantity": {
          "value": 82.0463316299657,
          "unit": "mmHg"
        },
        "component": [
          {
            "code": {
              "coding": [
                {
                  "system": "http://loinc.org",
                  "code": "8302-2",
                  "display": "Height"
                }
              ]
            }
          },
          {
            "code": {
              "coding": [
                {
                  "system": "http://loinc.org",
                  "code": "29463-7",
                  "display": "Weight"
                }
              ]
            }
          },
          {
            "code": {
              "coding": [
                {
                  "system": "http://loinc.org",
                  "code": "39156-5",
                  "display": "BMI"
                }
              ]
            }
          },
          {
            "code": {
              "coding": [
                {
                  "system": "http://loinc.org",
                  "code": "8310-5",
                  "display": "Temperature"
                }
              ]
            }
          },
          {
            "code": {
              "coding": [
                {
                  "system": "http://loinc.org",
                  "code": "8459-0",
                  "display": "Systolic Blood Pressure"
                }
              ]
            }
          },
          {
            "code": {
              "coding": [
                {
                  "system": "http://loinc.org",
                  "code": "8453-3",
                  "display": "Diastolic Blood Pressure"
                }
              ]
            }
          }
        ]
      },
      "request": {
        "method": "PUT",
        "url": "http://localhost:8080/cqf-ruler/baseDstu3/Observation/Observation-238444"
      }
    }
  ]
}