{
  "resourceType": "Bundle",
  "type": "transaction",
  "entry": [
    {
      "resource": {
        "resourceType": "Encounter",
        "id": "Encounter-483",
        "status": "finished",
        "class": {
          "system": "http://hl7.org/fhir/encounter-class",
          "code": "other",
          "display": "Other"
        },
        "subject": {
          "reference": "Patient/Patient-6540",
          "display": "Helen Marjorie Medina"
        },
        "participant": [
          {
            "period": {
              "start": "2021-10-25T09:36:36-04:00",
              "end": "2021-10-25T09:36:36-04:00"
            },
            "individual": {
              "reference": "Practitioner/Practitioner-2517",
              "display": "Cathy Shannon Warner MD"
            }
          }
        ],
        "period": {
          "start": "2021-10-25T09:36:36-04:00",
          "end": "2021-10-25T09:36:36-04:00"
        },
        "location": [
          {
            "location": {
              "reference": "Location/Location-1102",
              "display": "Pediatric and Adult Medicine"
            }
          }
        ],
        "serviceProvider": {
          "reference": "Organization/Organization-1102",
          "display": "Pediatric and Adult Medicine"
        }
      },
      "request": {
        "method": "PUT",
        "url": "http://localhost:8080/cqf-ruler/baseDstu3/Encounter/Encounter-483"
      }
    },
    {
      "resource": {
        "resourceType": "Immunization",
        "id": "Immunization-57066",
        "status": "completed",
        "notGiven": false,
        "vaccineCode": {
          "coding": [
            {
              "system": "http://hl7.org/fhir/sid/cvx",
              "code": "140",
              "display": "Influenza, seasonal, injectable, preservative free"
            }
          ]
        },
        "patient": {
          "reference": "Patient/Patient-6540",
          "display": "Helen Marjorie Medina"
        },
        "date": "2021-10-20T09:36:36-04:00",
        "primarySource": true,
        "location": {
          "reference": "Location/Location-1102",
          "display": "Pediatric and Adult Medicine"
        },
        "practitioner": [
          {
            "actor": {
              "reference": "Practitioner/Practitioner-2517",
              "display": "Cathy Shannon Warner MD"
            }
          }
        ]
      },
      "request": {
        "method": "PUT",
        "url": "http://localhost:8080/cqf-ruler/baseDstu3/Immunization/Immunization-57066"
      }
    },
    {
      "resource": {
        "resourceType": "Procedure",
        "id": "Procedure-109181",
        "status": "completed",
        "code": {
          "coding": [
            {
              "system": "http://loinc.org",
              "code": "2335-8",
              "display": "Hemoglobin.gastrointestinal [Presence] in Stool"
            }
          ]
        },
        "subject": {
          "reference": "Patient/Patient-6540",
          "display": "Helen Marjorie Medina"
        },
        "context": {
          "reference": "Encounter/Encounter-483",
          "display": "Pediatric and Adult Medicine"
        },
        "performedPeriod": {
          "start": "2021-10-25T09:36:36-04:00",
          "end": "2021-10-25T09:36:36-04:00"
        },
        "performer": [
          {
            "actor": {
              "reference": "Practitioner/Practitioner-2517",
              "display": "Cathy Shannon Warner MD"
            }
          }
        ],
        "location": {
          "reference": "Location/Location-1102",
          "display": "Pediatric and Adult Medicine"
        }
      },
      "request": {
        "method": "PUT",
        "url": "http://localhost:8080/cqf-ruler/baseDstu3/Procedure/Procedure-109181"
      }
    },
    {
      "resource": {
        "resourceType": "Observation",
        "id": "Observation-109182",
        "status": "final",
        "code": {
          "coding": [
            {
              "system": "http://loinc.org",
              "code": "12503-9",
              "display": "Hemoglobin.gastrointestinal [Presence] in Stool --4th specimen"
            }
          ]
        },
        "subject": {
          "reference": "Patient/Patient-6540",
          "display": "Helen Marjorie Medina"
        },
        "context": {
          "reference": "Encounter/Encounter-483",
          "display": "Pediatric and Adult Medicine"
        },
        "effectiveDateTime": "2021-10-25T09:36:36-04:00",
        "performer": [
          {
            "reference": "Practitioner/Practitioner-2517",
            "display": "Cathy Shannon Warner MD"
          }
        ],
        "valueString": "NEGATIVE"
      },
      "request": {
        "method": "PUT",
        "url": "http://localhost:8080/cqf-ruler/baseDstu3/Observation/Observation-109182"
      }
    },
    {
      "resource": {
        "resourceType": "Observation",
        "id": "Observation-109183",
        "status": "final",
        "code": {
          "coding": [
            {
              "system": "http://loinc.org",
              "code": "8480-6",
              "display": "Systolic blood pressure"
            }
          ]
        },
        "subject": {
          "reference": "Patient/Patient-6540",
          "display": "Helen Marjorie Medina"
        },
        "context": {
          "reference": "Encounter/Encounter-483",
          "display": "Pediatric and Adult Medicine"
        },
        "effectiveDateTime": "2021-10-25T09:36:36-04:00",
        "performer": [
          {
            "reference": "Practitioner/Practitioner-2517",
            "display": "Cathy Shannon Warner MD"
          }
        ],
        "valueQuantity": {
          "value": 121.62929865346196,
          "unit": "mmHg"
        }
      },
      "request": {
        "method": "PUT",
        "url": "http://localhost:8080/cqf-ruler/baseDstu3/Observation/Observation-109183"
      }
    },
    {
      "resource": {
        "resourceType": "Observation",
        "id": "Observation-109184",
        "status": "final",
        "code": {
          "coding": [
            {
              "system": "http://loinc.org",
              "code": "8462-4",
              "display": "Diastolic blood pressure"
            }
          ]
        },
        "subject": {
          "reference": "Patient/Patient-6540",
          "display": "Helen Marjorie Medina"
        },
        "context": {
          "reference": "Encounter/Encounter-483",
          "display": "Pediatric and Adult Medicine"
        },
        "effectiveDateTime": "2021-10-25T09:36:36-04:00",
        "performer": [
          {
            "reference": "Practitioner/Practitioner-2517",
            "display": "Cathy Shannon Warner MD"
          }
        ],
        "valueQuantity": {
          "value": 117.24512891865668,
          "unit": "mmHg"
        }
      },
      "request": {
        "method": "PUT",
        "url": "http://localhost:8080/cqf-ruler/baseDstu3/Observation/Observation-109184"
      }
    },
    {
      "resource": {
        "resourceType": "Condition",
        "id": "Condition-109185",
        "clinicalStatus": "active",
        "verificationStatus": "confirmed",
        "code": {
          "coding": [
            {
              "system": "http://hl7.org/fhir/sid/icd-9-cm",
              "code": "401.1",
              "display": "Benign essential hypertension"
            }
          ]
        },
        "subject": {
          "reference": "Patient/Patient-6540",
          "display": "Helen Marjorie Medina"
        },
        "context": {
          "reference": "Encounter/Encounter-483",
          "display": "Pediatric and Adult Medicine"
        },
        "onsetDateTime": "2021-10-25T09:36:36-04:00",
        "assertedDate": "2021-10-25T09:36:36-04:00",
        "asserter": {
          "reference": "Practitioner/Practitioner-2517",
          "display": "Cathy Shannon Warner MD"
        }
      },
      "request": {
        "method": "PUT",
        "url": "http://localhost:8080/cqf-ruler/baseDstu3/Condition/Condition-109185"
      }
    },
    {
      "resource": {
        "resourceType": "Procedure",
        "id": "Procedure-109186",
        "status": "completed",
        "code": {
          "coding": [
            {
              "system": "http://snomed.info/sct",
              "code": "43204002",
              "display": "Bilateral mammography (procedure)"
            }
          ]
        },
        "subject": {
          "reference": "Patient/Patient-6540",
          "display": "Helen Marjorie Medina"
        },
        "context": {
          "reference": "Encounter/Encounter-483",
          "display": "Pediatric and Adult Medicine"
        },
        "performedPeriod": {
          "start": "2021-10-25T09:36:36-04:00",
          "end": "2021-10-25T09:36:36-04:00"
        },
        "performer": [
          {
            "actor": {
              "reference": "Practitioner/Practitioner-2517",
              "display": "Cathy Shannon Warner MD"
            }
          }
        ],
        "location": {
          "reference": "Location/Location-1102",
          "display": "Pediatric and Adult Medicine"
        }
      },
      "request": {
        "method": "PUT",
        "url": "http://localhost:8080/cqf-ruler/baseDstu3/Procedure/Procedure-109186"
      }
    },
    {
      "resource": {
        "resourceType": "Observation",
        "id": "Observation-109187",
        "status": "final",
        "code": {
          "coding": [
            {
              "system": "http://snomed.info/sct",
              "code": "168749009",
              "display": "Mammography normal (finding)"
            }
          ]
        },
        "subject": {
          "reference": "Patient/Patient-6540",
          "display": "Helen Marjorie Medina"
        },
        "context": {
          "reference": "Encounter/Encounter-483",
          "display": "Pediatric and Adult Medicine"
        },
        "effectiveDateTime": "2021-10-25T09:36:36-04:00",
        "performer": [
          {
            "reference": "Practitioner/Practitioner-2517",
            "display": "Cathy Shannon Warner MD"
          }
        ],
        "valueString": "NEGATIVE"
      },
      "request": {
        "method": "PUT",
        "url": "http://localhost:8080/cqf-ruler/baseDstu3/Observation/Observation-109187"
      }
    },
    {
      "resource": {
        "resourceType": "DiagnosticReport",
        "id": "DiagnosticReport-109188",
        "status": "final",
        "code": {
          "coding": [
            {
              "system": "http://loinc.org",
              "code": "42168-5",
              "display": "Breast - right FFD mammogram diagnostic"
            }
          ]
        },
        "subject": {
          "reference": "Patient/Patient-6540",
          "display": "Helen Marjorie Medina"
        },
        "context": {
          "reference": "Encounter/Encounter-483",
          "display": "Pediatric and Adult Medicine"
        },
        "effectivePeriod": {
          "start": "2021-10-25T09:36:36-04:00",
          "end": "2021-10-25T09:36:36-04:00"
        },
        "result": [
          {
            "reference": "Observation/Observation-109187",
            "display": "No_Cancer_Detected"
          }
        ]
      },
      "request": {
        "method": "PUT",
        "url": "http://localhost:8080/cqf-ruler/baseDstu3/DiagnosticReport/DiagnosticReport-109188"
      }
    },
    {
      "resource": {
        "resourceType": "Procedure",
        "id": "Procedure-109189",
        "status": "completed",
        "code": {
          "coding": [
            {
              "system": "http://loinc.org",
              "code": "19765-7",
              "display": "Microscopic observation [Identifier] in Cervical or vaginal smear or scraping by Cyto stain"
            }
          ]
        },
        "subject": {
          "reference": "Patient/Patient-6540",
          "display": "Helen Marjorie Medina"
        },
        "context": {
          "reference": "Encounter/Encounter-483",
          "display": "Pediatric and Adult Medicine"
        },
        "performedPeriod": {
          "start": "2021-10-25T09:36:36-04:00",
          "end": "2021-10-25T09:36:36-04:00"
        },
        "performer": [
          {
            "actor": {
              "reference": "Practitioner/Practitioner-2517",
              "display": "Cathy Shannon Warner MD"
            }
          }
        ],
        "location": {
          "reference": "Location/Location-1102",
          "display": "Pediatric and Adult Medicine"
        }
      },
      "request": {
        "method": "PUT",
        "url": "http://localhost:8080/cqf-ruler/baseDstu3/Procedure/Procedure-109189"
      }
    },
    {
      "resource": {
        "resourceType": "Observation",
        "id": "Observation-109190",
        "status": "final",
        "code": {
          "coding": [
            {
              "system": "http://snomed.info/sct",
              "code": "289829007",
              "display": "Normal uterine cervix (finding)"
            }
          ]
        },
        "subject": {
          "reference": "Patient/Patient-6540",
          "display": "Helen Marjorie Medina"
        },
        "context": {
          "reference": "Encounter/Encounter-483",
          "display": "Pediatric and Adult Medicine"
        },
        "effectiveDateTime": "2021-10-25T09:36:36-04:00",
        "performer": [
          {
            "reference": "Practitioner/Practitioner-2517",
            "display": "Cathy Shannon Warner MD"
          }
        ],
        "valueString": "NEGATIVE"
      },
      "request": {
        "method": "PUT",
        "url": "http://localhost:8080/cqf-ruler/baseDstu3/Observation/Observation-109190"
      }
    },
    {
      "resource": {
        "resourceType": "DiagnosticReport",
        "id": "DiagnosticReport-109191",
        "status": "final",
        "code": {
          "coding": [
            {
              "system": "http://loinc.org",
              "code": "38071-7",
              "display": "Breast implant - bilateral Mammogram"
            }
          ]
        },
        "subject": {
          "reference": "Patient/Patient-6540",
          "display": "Helen Marjorie Medina"
        },
        "context": {
          "reference": "Encounter/Encounter-483",
          "display": "Pediatric and Adult Medicine"
        },
        "effectivePeriod": {
          "start": "2021-10-25T09:36:36-04:00",
          "end": "2021-10-25T09:36:36-04:00"
        },
        "result": [
          {
            "reference": "Observation/Observation-109190",
            "display": "No_Cancer_Detected"
          }
        ]
      },
      "request": {
        "method": "PUT",
        "url": "http://localhost:8080/cqf-ruler/baseDstu3/DiagnosticReport/DiagnosticReport-109191"
      }
    },
    {
      "resource": {
        "resourceType": "Observation",
        "id": "Observation-109192",
        "status": "final",
        "category": [
          {
            "coding": [
              {
                "system": "http://hl7.org/fhir/observation-category",
                "code": "vital-signs",
                "display": "vital-signs"
              }
            ]
          }
        ],
        "code": {
          "coding": [
            {
              "system": "http://loinc.org",
              "code": "8716-3",
              "display": "Vital Signs Panel"
            }
          ]
        },
        "subject": {
          "reference": "Patient/Patient-6540",
          "display": "Helen Marjorie Medina"
        },
        "context": {
          "reference": "Encounter/Encounter-483",
          "display": "Pediatric and Adult Medicine"
        },
        "effectivePeriod": {
          "start": "2021-10-25T09:36:36-04:00",
          "end": "2021-10-25T09:36:36-04:00"
        },
        "valueQuantity": {
          "value": 117.24512891865668,
          "unit": "mmHg"
        },
        "component": [
          {
            "code": {
              "coding": [
                {
                  "system": "http://loinc.org",
                  "code": "8302-2",
                  "display": "Height"
                }
              ]
            }
          },
          {
            "code": {
              "coding": [
                {
                  "system": "http://loinc.org",
                  "code": "29463-7",
                  "display": "Weight"
                }
              ]
            }
          },
          {
            "code": {
              "coding": [
                {
                  "system": "http://loinc.org",
                  "code": "39156-5",
                  "display": "BMI"
                }
              ]
            }
          },
          {
            "code": {
              "coding": [
                {
                  "system": "http://loinc.org",
                  "code": "8310-5",
                  "display": "Temperature"
                }
              ]
            }
          },
          {
            "code": {
              "coding": [
                {
                  "system": "http://loinc.org",
                  "code": "8459-0",
                  "display": "Systolic Blood Pressure"
                }
              ]
            }
          },
          {
            "code": {
              "coding": [
                {
                  "system": "http://loinc.org",
                  "code": "8453-3",
                  "display": "Diastolic Blood Pressure"
                }
              ]
            }
          }
        ]
      },
      "request": {
        "method": "PUT",
        "url": "http://localhost:8080/cqf-ruler/baseDstu3/Observation/Observation-109192"
      }
    }
  ]
}