{
  "resourceType": "Bundle",
  "type": "transaction",
  "entry": [
    {
      "resource": {
        "resourceType": "Encounter",
        "id": "Encounter-506",
        "status": "finished",
        "class": {
          "system": "http://hl7.org/fhir/encounter-class",
          "code": "other",
          "display": "Other"
        },
        "subject": {
          "reference": "Patient/Patient-6514",
          "display": "Victoria Palmer Gray"
        },
        "participant": [
          {
            "period": {
              "start": "2021-01-25T09:36:36-05:00",
              "end": "2021-01-25T09:36:36-05:00"
            },
            "individual": {
              "reference": "Practitioner/Practitioner-2531",
              "display": "Tracy Hampton Boone MD"
            }
          }
        ],
        "period": {
          "start": "2021-01-25T09:36:36-05:00",
          "end": "2021-01-25T09:36:36-05:00"
        },
        "location": [
          {
            "location": {
              "reference": "Location/Location-1104",
              "display": "Bay Area Family Practice"
            }
          }
        ],
        "serviceProvider": {
          "reference": "Organization/Organization-1104",
          "display": "Bay Area Family Practice"
        }
      },
      "request": {
        "method": "PUT",
        "url": "http://localhost:8080/cqf-ruler/baseDstu3/Encounter/Encounter-506"
      }
    },
    {
      "resource": {
        "resourceType": "Immunization",
        "id": "Immunization-63566",
        "status": "completed",
        "notGiven": false,
        "vaccineCode": {
          "coding": [
            {
              "system": "http://hl7.org/fhir/sid/cvx",
              "code": "140",
              "display": "Influenza, seasonal, injectable, preservative free"
            }
          ]
        },
        "patient": {
          "reference": "Patient/Patient-6514",
          "display": "Victoria Palmer Gray"
        },
        "date": "2021-01-19T09:36:36-05:00",
        "primarySource": true,
        "location": {
          "reference": "Location/Location-1104",
          "display": "Bay Area Family Practice"
        },
        "practitioner": [
          {
            "actor": {
              "reference": "Practitioner/Practitioner-2531",
              "display": "Tracy Hampton Boone MD"
            }
          }
        ]
      },
      "request": {
        "method": "PUT",
        "url": "http://localhost:8080/cqf-ruler/baseDstu3/Immunization/Immunization-63566"
      }
    },
    {
      "resource": {
        "resourceType": "Procedure",
        "id": "Procedure-89605",
        "status": "completed",
        "code": {
          "coding": [
            {
              "system": "http://loinc.org",
              "code": "57905-2",
              "display": "Hemoglobin.gastrointestinal [Presence] in Stool by Immunologic method --1st specimen"
            }
          ]
        },
        "subject": {
          "reference": "Patient/Patient-6514",
          "display": "Victoria Palmer Gray"
        },
        "context": {
          "reference": "Encounter/Encounter-506",
          "display": "Bay Area Family Practice"
        },
        "performedPeriod": {
          "start": "2021-01-25T09:36:36-05:00",
          "end": "2021-01-25T09:36:36-05:00"
        },
        "performer": [
          {
            "actor": {
              "reference": "Practitioner/Practitioner-2531",
              "display": "Tracy Hampton Boone MD"
            }
          }
        ],
        "location": {
          "reference": "Location/Location-1104",
          "display": "Bay Area Family Practice"
        }
      },
      "request": {
        "method": "PUT",
        "url": "http://localhost:8080/cqf-ruler/baseDstu3/Procedure/Procedure-89605"
      }
    },
    {
      "resource": {
        "resourceType": "Observation",
        "id": "Observation-89606",
        "status": "final",
        "code": {
          "coding": [
            {
              "system": "http://loinc.org",
              "code": "14565-6",
              "display": "Hemoglobin.gastrointestinal [Presence] in Stool --3rd specimen"
            }
          ]
        },
        "subject": {
          "reference": "Patient/Patient-6514",
          "display": "Victoria Palmer Gray"
        },
        "context": {
          "reference": "Encounter/Encounter-506",
          "display": "Bay Area Family Practice"
        },
        "effectiveDateTime": "2021-01-25T09:36:36-05:00",
        "performer": [
          {
            "reference": "Practitioner/Practitioner-2531",
            "display": "Tracy Hampton Boone MD"
          }
        ],
        "valueString": "POSITIVE"
      },
      "request": {
        "method": "PUT",
        "url": "http://localhost:8080/cqf-ruler/baseDstu3/Observation/Observation-89606"
      }
    },
    {
      "resource": {
        "resourceType": "Observation",
        "id": "Observation-89607",
        "status": "final",
        "code": {
          "coding": [
            {
              "system": "http://loinc.org",
              "code": "8480-6",
              "display": "Systolic blood pressure"
            }
          ]
        },
        "subject": {
          "reference": "Patient/Patient-6514",
          "display": "Victoria Palmer Gray"
        },
        "context": {
          "reference": "Encounter/Encounter-506",
          "display": "Bay Area Family Practice"
        },
        "effectiveDateTime": "2021-01-25T09:36:36-05:00",
        "performer": [
          {
            "reference": "Practitioner/Practitioner-2531",
            "display": "Tracy Hampton Boone MD"
          }
        ],
        "valueQuantity": {
          "value": 146.91213751550953,
          "unit": "mmHg"
        }
      },
      "request": {
        "method": "PUT",
        "url": "http://localhost:8080/cqf-ruler/baseDstu3/Observation/Observation-89607"
      }
    },
    {
      "resource": {
        "resourceType": "Observation",
        "id": "Observation-89608",
        "status": "final",
        "code": {
          "coding": [
            {
              "system": "http://loinc.org",
              "code": "8462-4",
              "display": "Diastolic blood pressure"
            }
          ]
        },
        "subject": {
          "reference": "Patient/Patient-6514",
          "display": "Victoria Palmer Gray"
        },
        "context": {
          "reference": "Encounter/Encounter-506",
          "display": "Bay Area Family Practice"
        },
        "effectiveDateTime": "2021-01-25T09:36:36-05:00",
        "performer": [
          {
            "reference": "Practitioner/Practitioner-2531",
            "display": "Tracy Hampton Boone MD"
          }
        ],
        "valueQuantity": {
          "value": 60.501546059863394,
          "unit": "mmHg"
        }
      },
      "request": {
        "method": "PUT",
        "url": "http://localhost:8080/cqf-ruler/baseDstu3/Observation/Observation-89608"
      }
    },
    {
      "resource": {
        "resourceType": "Condition",
        "id": "Condition-89609",
        "clinicalStatus": "active",
        "verificationStatus": "confirmed",
        "code": {
          "coding": [
            {
              "system": "http://snomed.info/sct",
              "code": "10725009",
              "display": "Benign hypertension"
            }
          ]
        },
        "subject": {
          "reference": "Patient/Patient-6514",
          "display": "Victoria Palmer Gray"
        },
        "context": {
          "reference": "Encounter/Encounter-506",
          "display": "Bay Area Family Practice"
        },
        "onsetDateTime": "2021-01-25T09:36:36-05:00",
        "assertedDate": "2021-01-25T09:36:36-05:00",
        "asserter": {
          "reference": "Practitioner/Practitioner-2531",
          "display": "Tracy Hampton Boone MD"
        }
      },
      "request": {
        "method": "PUT",
        "url": "http://localhost:8080/cqf-ruler/baseDstu3/Condition/Condition-89609"
      }
    },
    {
      "resource": {
        "resourceType": "Procedure",
        "id": "Procedure-89610",
        "status": "completed",
        "code": {
          "coding": [
            {
              "system": "http://loinc.org",
              "code": "19765-7",
              "display": "Microscopic observation [Identifier] in Cervical or vaginal smear or scraping by Cyto stain"
            }
          ]
        },
        "subject": {
          "reference": "Patient/Patient-6514",
          "display": "Victoria Palmer Gray"
        },
        "context": {
          "reference": "Encounter/Encounter-506",
          "display": "Bay Area Family Practice"
        },
        "performedPeriod": {
          "start": "2021-01-25T09:36:36-05:00",
          "end": "2021-01-25T09:36:36-05:00"
        },
        "performer": [
          {
            "actor": {
              "reference": "Practitioner/Practitioner-2531",
              "display": "Tracy Hampton Boone MD"
            }
          }
        ],
        "location": {
          "reference": "Location/Location-1104",
          "display": "Bay Area Family Practice"
        }
      },
      "request": {
        "method": "PUT",
        "url": "http://localhost:8080/cqf-ruler/baseDstu3/Procedure/Procedure-89610"
      }
    },
    {
      "resource": {
        "resourceType": "Observation",
        "id": "Observation-89611",
        "status": "final",
        "code": {
          "coding": [
            {
              "system": "http://snomed.info/sct",
              "code": "289829007",
              "display": "Normal uterine cervix (finding)"
            }
          ]
        },
        "subject": {
          "reference": "Patient/Patient-6514",
          "display": "Victoria Palmer Gray"
        },
        "context": {
          "reference": "Encounter/Encounter-506",
          "display": "Bay Area Family Practice"
        },
        "effectiveDateTime": "2021-01-25T09:36:36-05:00",
        "performer": [
          {
            "reference": "Practitioner/Practitioner-2531",
            "display": "Tracy Hampton Boone MD"
          }
        ],
        "valueString": "NEGATIVE"
      },
      "request": {
        "method": "PUT",
        "url": "http://localhost:8080/cqf-ruler/baseDstu3/Observation/Observation-89611"
      }
    },
    {
      "resource": {
        "resourceType": "DiagnosticReport",
        "id": "DiagnosticReport-89612",
        "status": "final",
        "code": {
          "coding": [
            {
              "system": "http://loinc.org",
              "code": "39150-8",
              "display": "Breast FFD mammogram Post Localization"
            }
          ]
        },
        "subject": {
          "reference": "Patient/Patient-6514",
          "display": "Victoria Palmer Gray"
        },
        "context": {
          "reference": "Encounter/Encounter-506",
          "display": "Bay Area Family Practice"
        },
        "effectivePeriod": {
          "start": "2021-01-25T09:36:36-05:00",
          "end": "2021-01-25T09:36:36-05:00"
        },
        "result": [
          {
            "reference": "Observation/Observation-89611",
            "display": "No_Cancer_Detected"
          }
        ]
      },
      "request": {
        "method": "PUT",
        "url": "http://localhost:8080/cqf-ruler/baseDstu3/DiagnosticReport/DiagnosticReport-89612"
      }
    },
    {
      "resource": {
        "resourceType": "Observation",
        "id": "Observation-89613",
        "status": "final",
        "category": [
          {
            "coding": [
              {
                "system": "http://hl7.org/fhir/observation-category",
                "code": "vital-signs",
                "display": "vital-signs"
              }
            ]
          }
        ],
        "code": {
          "coding": [
            {
              "system": "http://loinc.org",
              "code": "8716-3",
              "display": "Vital Signs Panel"
            }
          ]
        },
        "subject": {
          "reference": "Patient/Patient-6514",
          "display": "Victoria Palmer Gray"
        },
        "context": {
          "reference": "Encounter/Encounter-506",
          "display": "Bay Area Family Practice"
        },
        "effectivePeriod": {
          "start": "2021-01-25T09:36:36-05:00",
          "end": "2021-01-25T09:36:36-05:00"
        },
        "valueQuantity": {
          "value": 60.501546059863394,
          "unit": "mmHg"
        },
        "component": [
          {
            "code": {
              "coding": [
                {
                  "system": "http://loinc.org",
                  "code": "8302-2",
                  "display": "Height"
                }
              ]
            }
          },
          {
            "code": {
              "coding": [
                {
                  "system": "http://loinc.org",
                  "code": "29463-7",
                  "display": "Weight"
                }
              ]
            }
          },
          {
            "code": {
              "coding": [
                {
                  "system": "http://loinc.org",
                  "code": "39156-5",
                  "display": "BMI"
                }
              ]
            }
          },
          {
            "code": {
              "coding": [
                {
                  "system": "http://loinc.org",
                  "code": "8310-5",
                  "display": "Temperature"
                }
              ]
            }
          },
          {
            "code": {
              "coding": [
                {
                  "system": "http://loinc.org",
                  "code": "8459-0",
                  "display": "Systolic Blood Pressure"
                }
              ]
            }
          },
          {
            "code": {
              "coding": [
                {
                  "system": "http://loinc.org",
                  "code": "8453-3",
                  "display": "Diastolic Blood Pressure"
                }
              ]
            }
          }
        ]
      },
      "request": {
        "method": "PUT",
        "url": "http://localhost:8080/cqf-ruler/baseDstu3/Observation/Observation-89613"
      }
    }
  ]
}