{
  "resourceType": "Bundle",
  "type": "transaction",
  "entry": [
    {
      "resource": {
        "resourceType": "Encounter",
        "id": "Encounter-361",
        "status": "finished",
        "class": {
          "system": "http://hl7.org/fhir/encounter-class",
          "code": "other",
          "display": "Other"
        },
        "subject": {
          "reference": "Patient/Patient-1138",
          "display": "Donna Lynn Jones"
        },
        "participant": [
          {
            "period": {
              "start": "2019-07-22T09:36:36-04:00",
              "end": "2019-07-22T09:36:36-04:00"
            },
            "individual": {
              "reference": "Practitioner/Practitioner-2532",
              "display": "Chad Espinoza Potter MD"
            }
          }
        ],
        "period": {
          "start": "2019-07-22T09:36:36-04:00",
          "end": "2019-07-22T09:36:36-04:00"
        },
        "location": [
          {
            "location": {
              "reference": "Location/Location-1105",
              "display": "Bayside Medical Group"
            }
          }
        ],
        "serviceProvider": {
          "reference": "Organization/Organization-1105",
          "display": "Bayside Medical Group"
        }
      },
      "request": {
        "method": "PUT",
        "url": "http://localhost:8080/cqf-ruler/baseDstu3/Encounter/Encounter-361"
      }
    },
    {
      "resource": {
        "resourceType": "Immunization",
        "id": "Immunization-24331",
        "status": "completed",
        "notGiven": false,
        "vaccineCode": {
          "coding": [
            {
              "system": "http://hl7.org/fhir/sid/cvx",
              "code": "140",
              "display": "Influenza, seasonal, injectable, preservative free"
            }
          ]
        },
        "patient": {
          "reference": "Patient/Patient-1138",
          "display": "Donna Lynn Jones"
        },
        "date": "2019-07-16T09:36:36-04:00",
        "primarySource": true,
        "location": {
          "reference": "Location/Location-1105",
          "display": "Bayside Medical Group"
        },
        "practitioner": [
          {
            "actor": {
              "reference": "Practitioner/Practitioner-2532",
              "display": "Chad Espinoza Potter MD"
            }
          }
        ]
      },
      "request": {
        "method": "PUT",
        "url": "http://localhost:8080/cqf-ruler/baseDstu3/Immunization/Immunization-24331"
      }
    },
    {
      "resource": {
        "resourceType": "Procedure",
        "id": "Procedure-50460",
        "status": "completed",
        "code": {
          "coding": [
            {
              "system": "http://loinc.org",
              "code": "27401-9",
              "display": "Hemoglobin.gastrointestinal [Presence] in Stool --6th specimen"
            }
          ]
        },
        "subject": {
          "reference": "Patient/Patient-1138",
          "display": "Donna Lynn Jones"
        },
        "context": {
          "reference": "Encounter/Encounter-361",
          "display": "Bayside Medical Group"
        },
        "performedPeriod": {
          "start": "2019-07-22T09:36:36-04:00",
          "end": "2019-07-22T09:36:36-04:00"
        },
        "performer": [
          {
            "actor": {
              "reference": "Practitioner/Practitioner-2532",
              "display": "Chad Espinoza Potter MD"
            }
          }
        ],
        "location": {
          "reference": "Location/Location-1105",
          "display": "Bayside Medical Group"
        }
      },
      "request": {
        "method": "PUT",
        "url": "http://localhost:8080/cqf-ruler/baseDstu3/Procedure/Procedure-50460"
      }
    },
    {
      "resource": {
        "resourceType": "Observation",
        "id": "Observation-50461",
        "status": "final",
        "code": {
          "coding": [
            {
              "system": "http://loinc.org",
              "code": "12504-7",
              "display": "Hemoglobin.gastrointestinal [Presence] in Stool --5th specimen"
            }
          ]
        },
        "subject": {
          "reference": "Patient/Patient-1138",
          "display": "Donna Lynn Jones"
        },
        "context": {
          "reference": "Encounter/Encounter-361",
          "display": "Bayside Medical Group"
        },
        "effectiveDateTime": "2019-07-22T09:36:36-04:00",
        "performer": [
          {
            "reference": "Practitioner/Practitioner-2532",
            "display": "Chad Espinoza Potter MD"
          }
        ],
        "valueString": "POSITIVE"
      },
      "request": {
        "method": "PUT",
        "url": "http://localhost:8080/cqf-ruler/baseDstu3/Observation/Observation-50461"
      }
    },
    {
      "resource": {
        "resourceType": "Observation",
        "id": "Observation-50462",
        "status": "final",
        "code": {
          "coding": [
            {
              "system": "http://loinc.org",
              "code": "8480-6",
              "display": "Systolic blood pressure"
            }
          ]
        },
        "subject": {
          "reference": "Patient/Patient-1138",
          "display": "Donna Lynn Jones"
        },
        "context": {
          "reference": "Encounter/Encounter-361",
          "display": "Bayside Medical Group"
        },
        "effectiveDateTime": "2019-07-22T09:36:36-04:00",
        "performer": [
          {
            "reference": "Practitioner/Practitioner-2532",
            "display": "Chad Espinoza Potter MD"
          }
        ],
        "valueQuantity": {
          "value": 165.4350576347943,
          "unit": "mmHg"
        }
      },
      "request": {
        "method": "PUT",
        "url": "http://localhost:8080/cqf-ruler/baseDstu3/Observation/Observation-50462"
      }
    },
    {
      "resource": {
        "resourceType": "Observation",
        "id": "Observation-50463",
        "status": "final",
        "code": {
          "coding": [
            {
              "system": "http://loinc.org",
              "code": "8462-4",
              "display": "Diastolic blood pressure"
            }
          ]
        },
        "subject": {
          "reference": "Patient/Patient-1138",
          "display": "Donna Lynn Jones"
        },
        "context": {
          "reference": "Encounter/Encounter-361",
          "display": "Bayside Medical Group"
        },
        "effectiveDateTime": "2019-07-22T09:36:36-04:00",
        "performer": [
          {
            "reference": "Practitioner/Practitioner-2532",
            "display": "Chad Espinoza Potter MD"
          }
        ],
        "valueQuantity": {
          "value": 64.16513344257982,
          "unit": "mmHg"
        }
      },
      "request": {
        "method": "PUT",
        "url": "http://localhost:8080/cqf-ruler/baseDstu3/Observation/Observation-50463"
      }
    },
    {
      "resource": {
        "resourceType": "Condition",
        "id": "Condition-50464",
        "clinicalStatus": "active",
        "verificationStatus": "confirmed",
        "code": {
          "coding": [
            {
              "system": "http://snomed.info/sct",
              "code": "65518004",
              "display": "Labile diastolic hypertension"
            }
          ]
        },
        "subject": {
          "reference": "Patient/Patient-1138",
          "display": "Donna Lynn Jones"
        },
        "context": {
          "reference": "Encounter/Encounter-361",
          "display": "Bayside Medical Group"
        },
        "onsetDateTime": "2019-07-22T09:36:36-04:00",
        "assertedDate": "2019-07-22T09:36:36-04:00",
        "asserter": {
          "reference": "Practitioner/Practitioner-2532",
          "display": "Chad Espinoza Potter MD"
        }
      },
      "request": {
        "method": "PUT",
        "url": "http://localhost:8080/cqf-ruler/baseDstu3/Condition/Condition-50464"
      }
    },
    {
      "resource": {
        "resourceType": "Procedure",
        "id": "Procedure-50465",
        "status": "completed",
        "code": {
          "coding": [
            {
              "system": "http://snomed.info/sct",
              "code": "43204002",
              "display": "Bilateral mammography (procedure)"
            }
          ]
        },
        "subject": {
          "reference": "Patient/Patient-1138",
          "display": "Donna Lynn Jones"
        },
        "context": {
          "reference": "Encounter/Encounter-361",
          "display": "Bayside Medical Group"
        },
        "performedPeriod": {
          "start": "2019-07-22T09:36:36-04:00",
          "end": "2019-07-22T09:36:36-04:00"
        },
        "performer": [
          {
            "actor": {
              "reference": "Practitioner/Practitioner-2532",
              "display": "Chad Espinoza Potter MD"
            }
          }
        ],
        "location": {
          "reference": "Location/Location-1105",
          "display": "Bayside Medical Group"
        }
      },
      "request": {
        "method": "PUT",
        "url": "http://localhost:8080/cqf-ruler/baseDstu3/Procedure/Procedure-50465"
      }
    },
    {
      "resource": {
        "resourceType": "Observation",
        "id": "Observation-50466",
        "status": "final",
        "code": {
          "coding": [
            {
              "system": "http://snomed.info/sct",
              "code": "168749009",
              "display": "Mammography normal (finding)"
            }
          ]
        },
        "subject": {
          "reference": "Patient/Patient-1138",
          "display": "Donna Lynn Jones"
        },
        "context": {
          "reference": "Encounter/Encounter-361",
          "display": "Bayside Medical Group"
        },
        "effectiveDateTime": "2019-07-22T09:36:36-04:00",
        "performer": [
          {
            "reference": "Practitioner/Practitioner-2532",
            "display": "Chad Espinoza Potter MD"
          }
        ],
        "valueString": "NEGATIVE"
      },
      "request": {
        "method": "PUT",
        "url": "http://localhost:8080/cqf-ruler/baseDstu3/Observation/Observation-50466"
      }
    },
    {
      "resource": {
        "resourceType": "DiagnosticReport",
        "id": "DiagnosticReport-50467",
        "status": "final",
        "code": {
          "coding": [
            {
              "system": "http://loinc.org",
              "code": "37551-9",
              "display": "Breast Mammogram spot"
            }
          ]
        },
        "subject": {
          "reference": "Patient/Patient-1138",
          "display": "Donna Lynn Jones"
        },
        "context": {
          "reference": "Encounter/Encounter-361",
          "display": "Bayside Medical Group"
        },
        "effectivePeriod": {
          "start": "2019-07-22T09:36:36-04:00",
          "end": "2019-07-22T09:36:36-04:00"
        },
        "result": [
          {
            "reference": "Observation/Observation-50466",
            "display": "No_Cancer_Detected"
          }
        ]
      },
      "request": {
        "method": "PUT",
        "url": "http://localhost:8080/cqf-ruler/baseDstu3/DiagnosticReport/DiagnosticReport-50467"
      }
    },
    {
      "resource": {
        "resourceType": "Procedure",
        "id": "Procedure-50468",
        "status": "completed",
        "code": {
          "coding": [
            {
              "system": "http://loinc.org",
              "code": "47527-7",
              "display": "Cytology report of Cervical or vaginal smear or scraping Cyto stain.thin prep"
            }
          ]
        },
        "subject": {
          "reference": "Patient/Patient-1138",
          "display": "Donna Lynn Jones"
        },
        "context": {
          "reference": "Encounter/Encounter-361",
          "display": "Bayside Medical Group"
        },
        "performedPeriod": {
          "start": "2019-07-22T09:36:36-04:00",
          "end": "2019-07-22T09:36:36-04:00"
        },
        "performer": [
          {
            "actor": {
              "reference": "Practitioner/Practitioner-2532",
              "display": "Chad Espinoza Potter MD"
            }
          }
        ],
        "location": {
          "reference": "Location/Location-1105",
          "display": "Bayside Medical Group"
        }
      },
      "request": {
        "method": "PUT",
        "url": "http://localhost:8080/cqf-ruler/baseDstu3/Procedure/Procedure-50468"
      }
    },
    {
      "resource": {
        "resourceType": "Observation",
        "id": "Observation-50469",
        "status": "final",
        "code": {
          "coding": [
            {
              "system": "http://snomed.info/sct",
              "code": "289829007",
              "display": "Normal uterine cervix (finding)"
            }
          ]
        },
        "subject": {
          "reference": "Patient/Patient-1138",
          "display": "Donna Lynn Jones"
        },
        "context": {
          "reference": "Encounter/Encounter-361",
          "display": "Bayside Medical Group"
        },
        "effectiveDateTime": "2019-07-22T09:36:36-04:00",
        "performer": [
          {
            "reference": "Practitioner/Practitioner-2532",
            "display": "Chad Espinoza Potter MD"
          }
        ],
        "valueString": "NEGATIVE"
      },
      "request": {
        "method": "PUT",
        "url": "http://localhost:8080/cqf-ruler/baseDstu3/Observation/Observation-50469"
      }
    },
    {
      "resource": {
        "resourceType": "DiagnosticReport",
        "id": "DiagnosticReport-50470",
        "status": "final",
        "code": {
          "coding": [
            {
              "system": "http://loinc.org",
              "code": "39152-4",
              "display": "Breast FFD mammogram diagnostic"
            }
          ]
        },
        "subject": {
          "reference": "Patient/Patient-1138",
          "display": "Donna Lynn Jones"
        },
        "context": {
          "reference": "Encounter/Encounter-361",
          "display": "Bayside Medical Group"
        },
        "effectivePeriod": {
          "start": "2019-07-22T09:36:36-04:00",
          "end": "2019-07-22T09:36:36-04:00"
        },
        "result": [
          {
            "reference": "Observation/Observation-50469",
            "display": "No_Cancer_Detected"
          }
        ]
      },
      "request": {
        "method": "PUT",
        "url": "http://localhost:8080/cqf-ruler/baseDstu3/DiagnosticReport/DiagnosticReport-50470"
      }
    },
    {
      "resource": {
        "resourceType": "Observation",
        "id": "Observation-50471",
        "status": "final",
        "category": [
          {
            "coding": [
              {
                "system": "http://hl7.org/fhir/observation-category",
                "code": "vital-signs",
                "display": "vital-signs"
              }
            ]
          }
        ],
        "code": {
          "coding": [
            {
              "system": "http://loinc.org",
              "code": "8716-3",
              "display": "Vital Signs Panel"
            }
          ]
        },
        "subject": {
          "reference": "Patient/Patient-1138",
          "display": "Donna Lynn Jones"
        },
        "context": {
          "reference": "Encounter/Encounter-361",
          "display": "Bayside Medical Group"
        },
        "effectivePeriod": {
          "start": "2019-07-22T09:36:36-04:00",
          "end": "2019-07-22T09:36:36-04:00"
        },
        "valueQuantity": {
          "value": 64.16513344257982,
          "unit": "mmHg"
        },
        "component": [
          {
            "code": {
              "coding": [
                {
                  "system": "http://loinc.org",
                  "code": "8302-2",
                  "display": "Height"
                }
              ]
            }
          },
          {
            "code": {
              "coding": [
                {
                  "system": "http://loinc.org",
                  "code": "29463-7",
                  "display": "Weight"
                }
              ]
            }
          },
          {
            "code": {
              "coding": [
                {
                  "system": "http://loinc.org",
                  "code": "39156-5",
                  "display": "BMI"
                }
              ]
            }
          },
          {
            "code": {
              "coding": [
                {
                  "system": "http://loinc.org",
                  "code": "8310-5",
                  "display": "Temperature"
                }
              ]
            }
          },
          {
            "code": {
              "coding": [
                {
                  "system": "http://loinc.org",
                  "code": "8459-0",
                  "display": "Systolic Blood Pressure"
                }
              ]
            }
          },
          {
            "code": {
              "coding": [
                {
                  "system": "http://loinc.org",
                  "code": "8453-3",
                  "display": "Diastolic Blood Pressure"
                }
              ]
            }
          }
        ]
      },
      "request": {
        "method": "PUT",
        "url": "http://localhost:8080/cqf-ruler/baseDstu3/Observation/Observation-50471"
      }
    }
  ]
}