{
  "resourceType": "Bundle",
  "type": "transaction",
  "entry": [
    {
      "resource": {
        "resourceType": "Encounter",
        "id": "Encounter-613",
        "status": "finished",
        "class": {
          "system": "http://hl7.org/fhir/encounter-class",
          "code": "other",
          "display": "Other"
        },
        "subject": {
          "reference": "Patient/Patient-6499",
          "display": "Pauline Shepherd Sweeney"
        },
        "participant": [
          {
            "period": {
              "start": "2022-04-04T09:36:36-04:00",
              "end": "2022-04-04T09:36:36-04:00"
            },
            "individual": {
              "reference": "Practitioner/Practitioner-2516",
              "display": "Agnes Tammy Larson MD"
            }
          }
        ],
        "period": {
          "start": "2022-04-04T09:36:36-04:00",
          "end": "2022-04-04T09:36:36-04:00"
        },
        "location": [
          {
            "location": {
              "reference": "Location/Location-1101",
              "display": "McKinley Health Center"
            }
          }
        ],
        "serviceProvider": {
          "reference": "Organization/Organization-1101",
          "display": "McKinley Health Center"
        }
      },
      "request": {
        "method": "PUT",
        "url": "http://localhost:8080/cqf-ruler/baseDstu3/Encounter/Encounter-613"
      }
    },
    {
      "resource": {
        "resourceType": "Immunization",
        "id": "Immunization-93969",
        "status": "completed",
        "notGiven": false,
        "vaccineCode": {
          "coding": [
            {
              "system": "http://hl7.org/fhir/sid/cvx",
              "code": "140",
              "display": "Influenza, seasonal, injectable, preservative free"
            }
          ]
        },
        "patient": {
          "reference": "Patient/Patient-6499",
          "display": "Pauline Shepherd Sweeney"
        },
        "date": "2022-03-29T09:36:36-04:00",
        "primarySource": true,
        "location": {
          "reference": "Location/Location-1101",
          "display": "McKinley Health Center"
        },
        "practitioner": [
          {
            "actor": {
              "reference": "Practitioner/Practitioner-2516",
              "display": "Agnes Tammy Larson MD"
            }
          }
        ]
      },
      "request": {
        "method": "PUT",
        "url": "http://localhost:8080/cqf-ruler/baseDstu3/Immunization/Immunization-93969"
      }
    },
    {
      "resource": {
        "resourceType": "Procedure",
        "id": "Procedure-121521",
        "status": "completed",
        "code": {
          "coding": [
            {
              "system": "http://loinc.org",
              "code": "29771-3",
              "display": "Hemoglobin.gastrointestinal [Presence] in Stool by Immunologic method"
            }
          ]
        },
        "subject": {
          "reference": "Patient/Patient-6499",
          "display": "Pauline Shepherd Sweeney"
        },
        "context": {
          "reference": "Encounter/Encounter-613",
          "display": "McKinley Health Center"
        },
        "performedPeriod": {
          "start": "2022-04-04T09:36:36-04:00",
          "end": "2022-04-04T09:36:36-04:00"
        },
        "performer": [
          {
            "actor": {
              "reference": "Practitioner/Practitioner-2516",
              "display": "Agnes Tammy Larson MD"
            }
          }
        ],
        "location": {
          "reference": "Location/Location-1101",
          "display": "McKinley Health Center"
        }
      },
      "request": {
        "method": "PUT",
        "url": "http://localhost:8080/cqf-ruler/baseDstu3/Procedure/Procedure-121521"
      }
    },
    {
      "resource": {
        "resourceType": "Observation",
        "id": "Observation-121522",
        "status": "final",
        "code": {
          "coding": [
            {
              "system": "http://loinc.org",
              "code": "56491-4",
              "display": "Hemoglobin.gastrointestinal [Presence] in Stool by Immunologic method --3rd specimen"
            }
          ]
        },
        "subject": {
          "reference": "Patient/Patient-6499",
          "display": "Pauline Shepherd Sweeney"
        },
        "context": {
          "reference": "Encounter/Encounter-613",
          "display": "McKinley Health Center"
        },
        "effectiveDateTime": "2022-04-04T09:36:36-04:00",
        "performer": [
          {
            "reference": "Practitioner/Practitioner-2516",
            "display": "Agnes Tammy Larson MD"
          }
        ],
        "valueString": "NEGATIVE"
      },
      "request": {
        "method": "PUT",
        "url": "http://localhost:8080/cqf-ruler/baseDstu3/Observation/Observation-121522"
      }
    },
    {
      "resource": {
        "resourceType": "Observation",
        "id": "Observation-121523",
        "status": "final",
        "code": {
          "coding": [
            {
              "system": "http://loinc.org",
              "code": "8480-6",
              "display": "Systolic blood pressure"
            }
          ]
        },
        "subject": {
          "reference": "Patient/Patient-6499",
          "display": "Pauline Shepherd Sweeney"
        },
        "context": {
          "reference": "Encounter/Encounter-613",
          "display": "McKinley Health Center"
        },
        "effectiveDateTime": "2022-04-04T09:36:36-04:00",
        "performer": [
          {
            "reference": "Practitioner/Practitioner-2516",
            "display": "Agnes Tammy Larson MD"
          }
        ],
        "valueQuantity": {
          "value": 143.8904207838746,
          "unit": "mmHg"
        }
      },
      "request": {
        "method": "PUT",
        "url": "http://localhost:8080/cqf-ruler/baseDstu3/Observation/Observation-121523"
      }
    },
    {
      "resource": {
        "resourceType": "Observation",
        "id": "Observation-121524",
        "status": "final",
        "code": {
          "coding": [
            {
              "system": "http://loinc.org",
              "code": "8462-4",
              "display": "Diastolic blood pressure"
            }
          ]
        },
        "subject": {
          "reference": "Patient/Patient-6499",
          "display": "Pauline Shepherd Sweeney"
        },
        "context": {
          "reference": "Encounter/Encounter-613",
          "display": "McKinley Health Center"
        },
        "effectiveDateTime": "2022-04-04T09:36:36-04:00",
        "performer": [
          {
            "reference": "Practitioner/Practitioner-2516",
            "display": "Agnes Tammy Larson MD"
          }
        ],
        "valueQuantity": {
          "value": 93.8815198307219,
          "unit": "mmHg"
        }
      },
      "request": {
        "method": "PUT",
        "url": "http://localhost:8080/cqf-ruler/baseDstu3/Observation/Observation-121524"
      }
    },
    {
      "resource": {
        "resourceType": "Condition",
        "id": "Condition-121525",
        "clinicalStatus": "active",
        "verificationStatus": "confirmed",
        "code": {
          "coding": [
            {
              "system": "http://snomed.info/sct",
              "code": "78975002",
              "display": "Malignant essential hypertension"
            }
          ]
        },
        "subject": {
          "reference": "Patient/Patient-6499",
          "display": "Pauline Shepherd Sweeney"
        },
        "context": {
          "reference": "Encounter/Encounter-613",
          "display": "McKinley Health Center"
        },
        "onsetDateTime": "2022-04-04T09:36:36-04:00",
        "assertedDate": "2022-04-04T09:36:36-04:00",
        "asserter": {
          "reference": "Practitioner/Practitioner-2516",
          "display": "Agnes Tammy Larson MD"
        }
      },
      "request": {
        "method": "PUT",
        "url": "http://localhost:8080/cqf-ruler/baseDstu3/Condition/Condition-121525"
      }
    },
    {
      "resource": {
        "resourceType": "Observation",
        "id": "Observation-121526",
        "status": "final",
        "category": [
          {
            "coding": [
              {
                "system": "http://hl7.org/fhir/observation-category",
                "code": "vital-signs",
                "display": "vital-signs"
              }
            ]
          }
        ],
        "code": {
          "coding": [
            {
              "system": "http://loinc.org",
              "code": "8716-3",
              "display": "Vital Signs Panel"
            }
          ]
        },
        "subject": {
          "reference": "Patient/Patient-6499",
          "display": "Pauline Shepherd Sweeney"
        },
        "context": {
          "reference": "Encounter/Encounter-613",
          "display": "McKinley Health Center"
        },
        "effectivePeriod": {
          "start": "2022-04-04T09:36:36-04:00",
          "end": "2022-04-04T09:36:36-04:00"
        },
        "valueQuantity": {
          "value": 93.8815198307219,
          "unit": "mmHg"
        },
        "component": [
          {
            "code": {
              "coding": [
                {
                  "system": "http://loinc.org",
                  "code": "8302-2",
                  "display": "Height"
                }
              ]
            }
          },
          {
            "code": {
              "coding": [
                {
                  "system": "http://loinc.org",
                  "code": "29463-7",
                  "display": "Weight"
                }
              ]
            }
          },
          {
            "code": {
              "coding": [
                {
                  "system": "http://loinc.org",
                  "code": "39156-5",
                  "display": "BMI"
                }
              ]
            }
          },
          {
            "code": {
              "coding": [
                {
                  "system": "http://loinc.org",
                  "code": "8310-5",
                  "display": "Temperature"
                }
              ]
            }
          },
          {
            "code": {
              "coding": [
                {
                  "system": "http://loinc.org",
                  "code": "8459-0",
                  "display": "Systolic Blood Pressure"
                }
              ]
            }
          },
          {
            "code": {
              "coding": [
                {
                  "system": "http://loinc.org",
                  "code": "8453-3",
                  "display": "Diastolic Blood Pressure"
                }
              ]
            }
          }
        ]
      },
      "request": {
        "method": "PUT",
        "url": "http://localhost:8080/cqf-ruler/baseDstu3/Observation/Observation-121526"
      }
    }
  ]
}