{
  "resourceType": "Bundle",
  "type": "transaction",
  "entry": [
    {
      "resource": {
        "resourceType": "Encounter",
        "id": "Encounter-349",
        "status": "finished",
        "class": {
          "system": "http://hl7.org/fhir/encounter-class",
          "code": "other",
          "display": "Other"
        },
        "subject": {
          "reference": "Patient/Patient-6510",
          "display": "Jeffery Frank Gray"
        },
        "participant": [
          {
            "period": {
              "start": "2020-06-15T09:36:36-04:00",
              "end": "2020-06-15T09:36:36-04:00"
            },
            "individual": {
              "reference": "Practitioner/Practitioner-2527",
              "display": "Lee Chris Mejia MD"
            }
          }
        ],
        "period": {
          "start": "2020-06-15T09:36:36-04:00",
          "end": "2020-06-15T09:36:36-04:00"
        },
        "location": [
          {
            "location": {
              "reference": "Location/Location-1106",
              "display": "Cranston Family Medical"
            }
          }
        ],
        "serviceProvider": {
          "reference": "Organization/Organization-1106",
          "display": "Cranston Family Medical"
        }
      },
      "request": {
        "method": "PUT",
        "url": "http://localhost:8080/cqf-ruler/baseDstu3/Encounter/Encounter-349"
      }
    },
    {
      "resource": {
        "resourceType": "Immunization",
        "id": "Immunization-21020",
        "status": "completed",
        "notGiven": false,
        "vaccineCode": {
          "coding": [
            {
              "system": "http://hl7.org/fhir/sid/cvx",
              "code": "140",
              "display": "Influenza, seasonal, injectable, preservative free"
            }
          ]
        },
        "patient": {
          "reference": "Patient/Patient-6510",
          "display": "Jeffery Frank Gray"
        },
        "date": "2020-06-10T09:36:36-04:00",
        "primarySource": true,
        "location": {
          "reference": "Location/Location-1106",
          "display": "Cranston Family Medical"
        },
        "practitioner": [
          {
            "actor": {
              "reference": "Practitioner/Practitioner-2527",
              "display": "Lee Chris Mejia MD"
            }
          }
        ]
      },
      "request": {
        "method": "PUT",
        "url": "http://localhost:8080/cqf-ruler/baseDstu3/Immunization/Immunization-21020"
      }
    },
    {
      "resource": {
        "resourceType": "Procedure",
        "id": "Procedure-74397",
        "status": "completed",
        "code": {
          "coding": [
            {
              "system": "http://loinc.org",
              "code": "12504-7",
              "display": "Hemoglobin.gastrointestinal [Presence] in Stool --5th specimen"
            }
          ]
        },
        "subject": {
          "reference": "Patient/Patient-6510",
          "display": "Jeffery Frank Gray"
        },
        "context": {
          "reference": "Encounter/Encounter-349",
          "display": "Cranston Family Medical"
        },
        "performedPeriod": {
          "start": "2020-06-15T09:36:36-04:00",
          "end": "2020-06-15T09:36:36-04:00"
        },
        "performer": [
          {
            "actor": {
              "reference": "Practitioner/Practitioner-2527",
              "display": "Lee Chris Mejia MD"
            }
          }
        ],
        "location": {
          "reference": "Location/Location-1106",
          "display": "Cranston Family Medical"
        }
      },
      "request": {
        "method": "PUT",
        "url": "http://localhost:8080/cqf-ruler/baseDstu3/Procedure/Procedure-74397"
      }
    },
    {
      "resource": {
        "resourceType": "Observation",
        "id": "Observation-74398",
        "status": "final",
        "code": {
          "coding": [
            {
              "system": "http://loinc.org",
              "code": "27926-5",
              "display": "Hemoglobin.gastrointestinal [Presence] in Stool --8th specimen"
            }
          ]
        },
        "subject": {
          "reference": "Patient/Patient-6510",
          "display": "Jeffery Frank Gray"
        },
        "context": {
          "reference": "Encounter/Encounter-349",
          "display": "Cranston Family Medical"
        },
        "effectiveDateTime": "2020-06-15T09:36:36-04:00",
        "performer": [
          {
            "reference": "Practitioner/Practitioner-2527",
            "display": "Lee Chris Mejia MD"
          }
        ],
        "valueString": "NEGATIVE"
      },
      "request": {
        "method": "PUT",
        "url": "http://localhost:8080/cqf-ruler/baseDstu3/Observation/Observation-74398"
      }
    },
    {
      "resource": {
        "resourceType": "Observation",
        "id": "Observation-74399",
        "status": "final",
        "code": {
          "coding": [
            {
              "system": "http://loinc.org",
              "code": "8480-6",
              "display": "Systolic blood pressure"
            }
          ]
        },
        "subject": {
          "reference": "Patient/Patient-6510",
          "display": "Jeffery Frank Gray"
        },
        "context": {
          "reference": "Encounter/Encounter-349",
          "display": "Cranston Family Medical"
        },
        "effectiveDateTime": "2020-06-15T09:36:36-04:00",
        "performer": [
          {
            "reference": "Practitioner/Practitioner-2527",
            "display": "Lee Chris Mejia MD"
          }
        ],
        "valueQuantity": {
          "value": 157.28289230714452,
          "unit": "mmHg"
        }
      },
      "request": {
        "method": "PUT",
        "url": "http://localhost:8080/cqf-ruler/baseDstu3/Observation/Observation-74399"
      }
    },
    {
      "resource": {
        "resourceType": "Observation",
        "id": "Observation-74400",
        "status": "final",
        "code": {
          "coding": [
            {
              "system": "http://loinc.org",
              "code": "8462-4",
              "display": "Diastolic blood pressure"
            }
          ]
        },
        "subject": {
          "reference": "Patient/Patient-6510",
          "display": "Jeffery Frank Gray"
        },
        "context": {
          "reference": "Encounter/Encounter-349",
          "display": "Cranston Family Medical"
        },
        "effectiveDateTime": "2020-06-15T09:36:36-04:00",
        "performer": [
          {
            "reference": "Practitioner/Practitioner-2527",
            "display": "Lee Chris Mejia MD"
          }
        ],
        "valueQuantity": {
          "value": 95.81419052703306,
          "unit": "mmHg"
        }
      },
      "request": {
        "method": "PUT",
        "url": "http://localhost:8080/cqf-ruler/baseDstu3/Observation/Observation-74400"
      }
    },
    {
      "resource": {
        "resourceType": "Condition",
        "id": "Condition-74401",
        "clinicalStatus": "active",
        "verificationStatus": "confirmed",
        "code": {
          "coding": [
            {
              "system": "http://snomed.info/sct",
              "code": "46481004",
              "display": "Low-renin essential hypertension"
            }
          ]
        },
        "subject": {
          "reference": "Patient/Patient-6510",
          "display": "Jeffery Frank Gray"
        },
        "context": {
          "reference": "Encounter/Encounter-349",
          "display": "Cranston Family Medical"
        },
        "onsetDateTime": "2020-06-15T09:36:36-04:00",
        "assertedDate": "2020-06-15T09:36:36-04:00",
        "asserter": {
          "reference": "Practitioner/Practitioner-2527",
          "display": "Lee Chris Mejia MD"
        }
      },
      "request": {
        "method": "PUT",
        "url": "http://localhost:8080/cqf-ruler/baseDstu3/Condition/Condition-74401"
      }
    },
    {
      "resource": {
        "resourceType": "Observation",
        "id": "Observation-74402",
        "status": "final",
        "category": [
          {
            "coding": [
              {
                "system": "http://hl7.org/fhir/observation-category",
                "code": "vital-signs",
                "display": "vital-signs"
              }
            ]
          }
        ],
        "code": {
          "coding": [
            {
              "system": "http://loinc.org",
              "code": "8716-3",
              "display": "Vital Signs Panel"
            }
          ]
        },
        "subject": {
          "reference": "Patient/Patient-6510",
          "display": "Jeffery Frank Gray"
        },
        "context": {
          "reference": "Encounter/Encounter-349",
          "display": "Cranston Family Medical"
        },
        "effectivePeriod": {
          "start": "2020-06-15T09:36:36-04:00",
          "end": "2020-06-15T09:36:36-04:00"
        },
        "valueQuantity": {
          "value": 95.81419052703306,
          "unit": "mmHg"
        },
        "component": [
          {
            "code": {
              "coding": [
                {
                  "system": "http://loinc.org",
                  "code": "8302-2",
                  "display": "Height"
                }
              ]
            }
          },
          {
            "code": {
              "coding": [
                {
                  "system": "http://loinc.org",
                  "code": "29463-7",
                  "display": "Weight"
                }
              ]
            }
          },
          {
            "code": {
              "coding": [
                {
                  "system": "http://loinc.org",
                  "code": "39156-5",
                  "display": "BMI"
                }
              ]
            }
          },
          {
            "code": {
              "coding": [
                {
                  "system": "http://loinc.org",
                  "code": "8310-5",
                  "display": "Temperature"
                }
              ]
            }
          },
          {
            "code": {
              "coding": [
                {
                  "system": "http://loinc.org",
                  "code": "8459-0",
                  "display": "Systolic Blood Pressure"
                }
              ]
            }
          },
          {
            "code": {
              "coding": [
                {
                  "system": "http://loinc.org",
                  "code": "8453-3",
                  "display": "Diastolic Blood Pressure"
                }
              ]
            }
          }
        ]
      },
      "request": {
        "method": "PUT",
        "url": "http://localhost:8080/cqf-ruler/baseDstu3/Observation/Observation-74402"
      }
    }
  ]
}