{
  "resourceType": "Bundle",
  "type": "transaction",
  "entry": [
    {
      "resource": {
        "resourceType": "Encounter",
        "id": "Encounter-398",
        "status": "finished",
        "class": {
          "system": "http://hl7.org/fhir/encounter-class",
          "code": "other",
          "display": "Other"
        },
        "subject": {
          "reference": "Patient/Patient-6547",
          "display": "Jordan Webb Moses Jr"
        },
        "participant": [
          {
            "period": {
              "start": "2019-12-23T09:36:36-05:00",
              "end": "2019-12-23T09:36:36-05:00"
            },
            "individual": {
              "reference": "Practitioner/Practitioner-2524",
              "display": "Willie Vincent Riddle MD"
            }
          }
        ],
        "period": {
          "start": "2019-12-23T09:36:36-05:00",
          "end": "2019-12-23T09:36:36-05:00"
        },
        "location": [
          {
            "location": {
              "reference": "Location/Location-1103",
              "display": "Acme Medical Center"
            }
          }
        ],
        "serviceProvider": {
          "reference": "Organization/Organization-1103",
          "display": "Acme Medical Center"
        }
      },
      "request": {
        "method": "PUT",
        "url": "http://localhost:8080/cqf-ruler/baseDstu3/Encounter/Encounter-398"
      }
    },
    {
      "resource": {
        "resourceType": "Immunization",
        "id": "Immunization-35244",
        "status": "completed",
        "notGiven": false,
        "vaccineCode": {
          "coding": [
            {
              "system": "http://hl7.org/fhir/sid/cvx",
              "code": "140",
              "display": "Influenza, seasonal, injectable, preservative free"
            }
          ]
        },
        "patient": {
          "reference": "Patient/Patient-6547",
          "display": "Jordan Webb Moses Jr"
        },
        "date": "2019-12-17T09:36:36-05:00",
        "primarySource": true,
        "location": {
          "reference": "Location/Location-1103",
          "display": "Acme Medical Center"
        },
        "practitioner": [
          {
            "actor": {
              "reference": "Practitioner/Practitioner-2524",
              "display": "Willie Vincent Riddle MD"
            }
          }
        ]
      },
      "request": {
        "method": "PUT",
        "url": "http://localhost:8080/cqf-ruler/baseDstu3/Immunization/Immunization-35244"
      }
    },
    {
      "resource": {
        "resourceType": "Procedure",
        "id": "Procedure-61375",
        "status": "completed",
        "code": {
          "coding": [
            {
              "system": "http://loinc.org",
              "code": "29771-3",
              "display": "Hemoglobin.gastrointestinal [Presence] in Stool by Immunologic method"
            }
          ]
        },
        "subject": {
          "reference": "Patient/Patient-6547",
          "display": "Jordan Webb Moses Jr"
        },
        "context": {
          "reference": "Encounter/Encounter-398",
          "display": "Acme Medical Center"
        },
        "performedPeriod": {
          "start": "2019-12-23T09:36:36-05:00",
          "end": "2019-12-23T09:36:36-05:00"
        },
        "performer": [
          {
            "actor": {
              "reference": "Practitioner/Practitioner-2524",
              "display": "Willie Vincent Riddle MD"
            }
          }
        ],
        "location": {
          "reference": "Location/Location-1103",
          "display": "Acme Medical Center"
        }
      },
      "request": {
        "method": "PUT",
        "url": "http://localhost:8080/cqf-ruler/baseDstu3/Procedure/Procedure-61375"
      }
    },
    {
      "resource": {
        "resourceType": "Observation",
        "id": "Observation-61376",
        "status": "final",
        "code": {
          "coding": [
            {
              "system": "http://loinc.org",
              "code": "57905-2",
              "display": "Hemoglobin.gastrointestinal [Presence] in Stool by Immunologic method --1st specimen"
            }
          ]
        },
        "subject": {
          "reference": "Patient/Patient-6547",
          "display": "Jordan Webb Moses Jr"
        },
        "context": {
          "reference": "Encounter/Encounter-398",
          "display": "Acme Medical Center"
        },
        "effectiveDateTime": "2019-12-23T09:36:36-05:00",
        "performer": [
          {
            "reference": "Practitioner/Practitioner-2524",
            "display": "Willie Vincent Riddle MD"
          }
        ],
        "valueString": "NEGATIVE"
      },
      "request": {
        "method": "PUT",
        "url": "http://localhost:8080/cqf-ruler/baseDstu3/Observation/Observation-61376"
      }
    },
    {
      "resource": {
        "resourceType": "Observation",
        "id": "Observation-61377",
        "status": "final",
        "code": {
          "coding": [
            {
              "system": "http://loinc.org",
              "code": "8480-6",
              "display": "Systolic blood pressure"
            }
          ]
        },
        "subject": {
          "reference": "Patient/Patient-6547",
          "display": "Jordan Webb Moses Jr"
        },
        "context": {
          "reference": "Encounter/Encounter-398",
          "display": "Acme Medical Center"
        },
        "effectiveDateTime": "2019-12-23T09:36:36-05:00",
        "performer": [
          {
            "reference": "Practitioner/Practitioner-2524",
            "display": "Willie Vincent Riddle MD"
          }
        ],
        "valueQuantity": {
          "value": 131.31271900862865,
          "unit": "mmHg"
        }
      },
      "request": {
        "method": "PUT",
        "url": "http://localhost:8080/cqf-ruler/baseDstu3/Observation/Observation-61377"
      }
    },
    {
      "resource": {
        "resourceType": "Observation",
        "id": "Observation-61378",
        "status": "final",
        "code": {
          "coding": [
            {
              "system": "http://loinc.org",
              "code": "8462-4",
              "display": "Diastolic blood pressure"
            }
          ]
        },
        "subject": {
          "reference": "Patient/Patient-6547",
          "display": "Jordan Webb Moses Jr"
        },
        "context": {
          "reference": "Encounter/Encounter-398",
          "display": "Acme Medical Center"
        },
        "effectiveDateTime": "2019-12-23T09:36:36-05:00",
        "performer": [
          {
            "reference": "Practitioner/Practitioner-2524",
            "display": "Willie Vincent Riddle MD"
          }
        ],
        "valueQuantity": {
          "value": 102.41645608498293,
          "unit": "mmHg"
        }
      },
      "request": {
        "method": "PUT",
        "url": "http://localhost:8080/cqf-ruler/baseDstu3/Observation/Observation-61378"
      }
    },
    {
      "resource": {
        "resourceType": "Condition",
        "id": "Condition-61379",
        "clinicalStatus": "active",
        "verificationStatus": "confirmed",
        "code": {
          "coding": [
            {
              "system": "http://snomed.info/sct",
              "code": "429457004",
              "display": "Systolic essential hypertension"
            }
          ]
        },
        "subject": {
          "reference": "Patient/Patient-6547",
          "display": "Jordan Webb Moses Jr"
        },
        "context": {
          "reference": "Encounter/Encounter-398",
          "display": "Acme Medical Center"
        },
        "onsetDateTime": "2019-12-23T09:36:36-05:00",
        "assertedDate": "2019-12-23T09:36:36-05:00",
        "asserter": {
          "reference": "Practitioner/Practitioner-2524",
          "display": "Willie Vincent Riddle MD"
        }
      },
      "request": {
        "method": "PUT",
        "url": "http://localhost:8080/cqf-ruler/baseDstu3/Condition/Condition-61379"
      }
    },
    {
      "resource": {
        "resourceType": "Observation",
        "id": "Observation-61380",
        "status": "final",
        "category": [
          {
            "coding": [
              {
                "system": "http://hl7.org/fhir/observation-category",
                "code": "vital-signs",
                "display": "vital-signs"
              }
            ]
          }
        ],
        "code": {
          "coding": [
            {
              "system": "http://loinc.org",
              "code": "8716-3",
              "display": "Vital Signs Panel"
            }
          ]
        },
        "subject": {
          "reference": "Patient/Patient-6547",
          "display": "Jordan Webb Moses Jr"
        },
        "context": {
          "reference": "Encounter/Encounter-398",
          "display": "Acme Medical Center"
        },
        "effectivePeriod": {
          "start": "2019-12-23T09:36:36-05:00",
          "end": "2019-12-23T09:36:36-05:00"
        },
        "valueQuantity": {
          "value": 102.41645608498293,
          "unit": "mmHg"
        },
        "component": [
          {
            "code": {
              "coding": [
                {
                  "system": "http://loinc.org",
                  "code": "8302-2",
                  "display": "Height"
                }
              ]
            }
          },
          {
            "code": {
              "coding": [
                {
                  "system": "http://loinc.org",
                  "code": "29463-7",
                  "display": "Weight"
                }
              ]
            }
          },
          {
            "code": {
              "coding": [
                {
                  "system": "http://loinc.org",
                  "code": "39156-5",
                  "display": "BMI"
                }
              ]
            }
          },
          {
            "code": {
              "coding": [
                {
                  "system": "http://loinc.org",
                  "code": "8310-5",
                  "display": "Temperature"
                }
              ]
            }
          },
          {
            "code": {
              "coding": [
                {
                  "system": "http://loinc.org",
                  "code": "8459-0",
                  "display": "Systolic Blood Pressure"
                }
              ]
            }
          },
          {
            "code": {
              "coding": [
                {
                  "system": "http://loinc.org",
                  "code": "8453-3",
                  "display": "Diastolic Blood Pressure"
                }
              ]
            }
          }
        ]
      },
      "request": {
        "method": "PUT",
        "url": "http://localhost:8080/cqf-ruler/baseDstu3/Observation/Observation-61380"
      }
    }
  ]
}