{
  "resourceType": "Bundle",
  "type": "transaction",
  "entry": [
    {
      "resource": {
        "resourceType": "Encounter",
        "id": "Encounter-605",
        "status": "finished",
        "class": {
          "system": "http://hl7.org/fhir/encounter-class",
          "code": "other",
          "display": "Other"
        },
        "subject": {
          "reference": "Patient/Patient-6525",
          "display": "Fred Michael Walsh"
        },
        "participant": [
          {
            "period": {
              "start": "2021-08-30T09:36:36-04:00",
              "end": "2021-08-30T09:36:36-04:00"
            },
            "individual": {
              "reference": "Practitioner/Practitioner-2522",
              "display": "Lois Jean Kent MD"
            }
          }
        ],
        "period": {
          "start": "2021-08-30T09:36:36-04:00",
          "end": "2021-08-30T09:36:36-04:00"
        },
        "location": [
          {
            "location": {
              "reference": "Location/Location-1101",
              "display": "McKinley Health Center"
            }
          }
        ],
        "serviceProvider": {
          "reference": "Organization/Organization-1101",
          "display": "McKinley Health Center"
        }
      },
      "request": {
        "method": "PUT",
        "url": "http://localhost:8080/cqf-ruler/baseDstu3/Encounter/Encounter-605"
      }
    },
    {
      "resource": {
        "resourceType": "Immunization",
        "id": "Immunization-91786",
        "status": "completed",
        "notGiven": false,
        "vaccineCode": {
          "coding": [
            {
              "system": "http://hl7.org/fhir/sid/cvx",
              "code": "20",
              "display": "DTaP"
            }
          ]
        },
        "patient": {
          "reference": "Patient/Patient-6525",
          "display": "Fred Michael Walsh"
        },
        "date": "2021-08-23T22:36:36-04:00",
        "primarySource": true,
        "location": {
          "reference": "Location/Location-1101",
          "display": "McKinley Health Center"
        },
        "practitioner": [
          {
            "actor": {
              "reference": "Practitioner/Practitioner-2522",
              "display": "Lois Jean Kent MD"
            }
          }
        ]
      },
      "request": {
        "method": "PUT",
        "url": "http://localhost:8080/cqf-ruler/baseDstu3/Immunization/Immunization-91786"
      }
    },
    {
      "resource": {
        "resourceType": "Immunization",
        "id": "Immunization-91787",
        "status": "completed",
        "notGiven": false,
        "vaccineCode": {
          "coding": [
            {
              "system": "http://hl7.org/fhir/sid/cvx",
              "code": "140",
              "display": "Influenza, seasonal, injectable, preservative free"
            }
          ]
        },
        "patient": {
          "reference": "Patient/Patient-6525",
          "display": "Fred Michael Walsh"
        },
        "date": "2021-08-23T22:36:36-04:00",
        "primarySource": true,
        "location": {
          "reference": "Location/Location-1101",
          "display": "McKinley Health Center"
        },
        "practitioner": [
          {
            "actor": {
              "reference": "Practitioner/Practitioner-2522",
              "display": "Lois Jean Kent MD"
            }
          }
        ]
      },
      "request": {
        "method": "PUT",
        "url": "http://localhost:8080/cqf-ruler/baseDstu3/Immunization/Immunization-91787"
      }
    },
    {
      "resource": {
        "resourceType": "Immunization",
        "id": "Immunization-91788",
        "status": "completed",
        "notGiven": false,
        "vaccineCode": {
          "coding": [
            {
              "system": "http://hl7.org/fhir/sid/cvx",
              "code": "10",
              "display": "IPV"
            }
          ]
        },
        "patient": {
          "reference": "Patient/Patient-6525",
          "display": "Fred Michael Walsh"
        },
        "date": "2021-08-23T22:36:36-04:00",
        "primarySource": true,
        "location": {
          "reference": "Location/Location-1101",
          "display": "McKinley Health Center"
        },
        "practitioner": [
          {
            "actor": {
              "reference": "Practitioner/Practitioner-2522",
              "display": "Lois Jean Kent MD"
            }
          }
        ]
      },
      "request": {
        "method": "PUT",
        "url": "http://localhost:8080/cqf-ruler/baseDstu3/Immunization/Immunization-91788"
      }
    },
    {
      "resource": {
        "resourceType": "Immunization",
        "id": "Immunization-91789",
        "status": "completed",
        "notGiven": false,
        "vaccineCode": {
          "coding": [
            {
              "system": "http://hl7.org/fhir/sid/cvx",
              "code": "03",
              "display": "MMR"
            }
          ]
        },
        "patient": {
          "reference": "Patient/Patient-6525",
          "display": "Fred Michael Walsh"
        },
        "date": "2021-08-23T22:36:36-04:00",
        "primarySource": true,
        "location": {
          "reference": "Location/Location-1101",
          "display": "McKinley Health Center"
        },
        "practitioner": [
          {
            "actor": {
              "reference": "Practitioner/Practitioner-2522",
              "display": "Lois Jean Kent MD"
            }
          }
        ]
      },
      "request": {
        "method": "PUT",
        "url": "http://localhost:8080/cqf-ruler/baseDstu3/Immunization/Immunization-91789"
      }
    },
    {
      "resource": {
        "resourceType": "Immunization",
        "id": "Immunization-91790",
        "status": "completed",
        "notGiven": false,
        "vaccineCode": {
          "coding": [
            {
              "system": "http://hl7.org/fhir/sid/cvx",
              "code": "21",
              "display": "varicella"
            }
          ]
        },
        "patient": {
          "reference": "Patient/Patient-6525",
          "display": "Fred Michael Walsh"
        },
        "date": "2021-08-23T22:36:36-04:00",
        "primarySource": true,
        "location": {
          "reference": "Location/Location-1101",
          "display": "McKinley Health Center"
        },
        "practitioner": [
          {
            "actor": {
              "reference": "Practitioner/Practitioner-2522",
              "display": "Lois Jean Kent MD"
            }
          }
        ]
      },
      "request": {
        "method": "PUT",
        "url": "http://localhost:8080/cqf-ruler/baseDstu3/Immunization/Immunization-91790"
      }
    },
    {
      "resource": {
        "resourceType": "Observation",
        "id": "Observation-104803",
        "status": "final",
        "code": {
          "coding": [
            {
              "system": "http://loinc.org",
              "code": "8480-6",
              "display": "Systolic blood pressure"
            }
          ]
        },
        "subject": {
          "reference": "Patient/Patient-6525",
          "display": "Fred Michael Walsh"
        },
        "context": {
          "reference": "Encounter/Encounter-605",
          "display": "McKinley Health Center"
        },
        "effectiveDateTime": "2021-08-30T09:36:36-04:00",
        "performer": [
          {
            "reference": "Practitioner/Practitioner-2522",
            "display": "Lois Jean Kent MD"
          }
        ],
        "valueQuantity": {
          "value": 155.63292548996566,
          "unit": "mmHg"
        }
      },
      "request": {
        "method": "PUT",
        "url": "http://localhost:8080/cqf-ruler/baseDstu3/Observation/Observation-104803"
      }
    },
    {
      "resource": {
        "resourceType": "Observation",
        "id": "Observation-104804",
        "status": "final",
        "code": {
          "coding": [
            {
              "system": "http://loinc.org",
              "code": "8462-4",
              "display": "Diastolic blood pressure"
            }
          ]
        },
        "subject": {
          "reference": "Patient/Patient-6525",
          "display": "Fred Michael Walsh"
        },
        "context": {
          "reference": "Encounter/Encounter-605",
          "display": "McKinley Health Center"
        },
        "effectiveDateTime": "2021-08-30T09:36:36-04:00",
        "performer": [
          {
            "reference": "Practitioner/Practitioner-2522",
            "display": "Lois Jean Kent MD"
          }
        ],
        "valueQuantity": {
          "value": 109.06266874313286,
          "unit": "mmHg"
        }
      },
      "request": {
        "method": "PUT",
        "url": "http://localhost:8080/cqf-ruler/baseDstu3/Observation/Observation-104804"
      }
    },
    {
      "resource": {
        "resourceType": "Condition",
        "id": "Condition-104805",
        "clinicalStatus": "active",
        "verificationStatus": "confirmed",
        "code": {
          "coding": [
            {
              "system": "http://snomed.info/sct",
              "code": "1201005",
              "display": "Benign essential hypertension"
            }
          ]
        },
        "subject": {
          "reference": "Patient/Patient-6525",
          "display": "Fred Michael Walsh"
        },
        "context": {
          "reference": "Encounter/Encounter-605",
          "display": "McKinley Health Center"
        },
        "onsetDateTime": "2021-08-30T09:36:36-04:00",
        "assertedDate": "2021-08-30T09:36:36-04:00",
        "asserter": {
          "reference": "Practitioner/Practitioner-2522",
          "display": "Lois Jean Kent MD"
        }
      },
      "request": {
        "method": "PUT",
        "url": "http://localhost:8080/cqf-ruler/baseDstu3/Condition/Condition-104805"
      }
    },
    {
      "resource": {
        "resourceType": "Observation",
        "id": "Observation-104806",
        "status": "final",
        "category": [
          {
            "coding": [
              {
                "system": "http://hl7.org/fhir/observation-category",
                "code": "vital-signs",
                "display": "vital-signs"
              }
            ]
          }
        ],
        "code": {
          "coding": [
            {
              "system": "http://loinc.org",
              "code": "8716-3",
              "display": "Vital Signs Panel"
            }
          ]
        },
        "subject": {
          "reference": "Patient/Patient-6525",
          "display": "Fred Michael Walsh"
        },
        "context": {
          "reference": "Encounter/Encounter-605",
          "display": "McKinley Health Center"
        },
        "effectivePeriod": {
          "start": "2021-08-30T09:36:36-04:00",
          "end": "2021-08-30T09:36:36-04:00"
        },
        "valueQuantity": {
          "value": 109.06266874313286,
          "unit": "mmHg"
        },
        "component": [
          {
            "code": {
              "coding": [
                {
                  "system": "http://loinc.org",
                  "code": "8302-2",
                  "display": "Height"
                }
              ]
            }
          },
          {
            "code": {
              "coding": [
                {
                  "system": "http://loinc.org",
                  "code": "29463-7",
                  "display": "Weight"
                }
              ]
            }
          },
          {
            "code": {
              "coding": [
                {
                  "system": "http://loinc.org",
                  "code": "39156-5",
                  "display": "BMI"
                }
              ]
            }
          },
          {
            "code": {
              "coding": [
                {
                  "system": "http://loinc.org",
                  "code": "8310-5",
                  "display": "Temperature"
                }
              ]
            }
          },
          {
            "code": {
              "coding": [
                {
                  "system": "http://loinc.org",
                  "code": "8459-0",
                  "display": "Systolic Blood Pressure"
                }
              ]
            }
          },
          {
            "code": {
              "coding": [
                {
                  "system": "http://loinc.org",
                  "code": "8453-3",
                  "display": "Diastolic Blood Pressure"
                }
              ]
            }
          }
        ]
      },
      "request": {
        "method": "PUT",
        "url": "http://localhost:8080/cqf-ruler/baseDstu3/Observation/Observation-104806"
      }
    }
  ]
}