{
  "resourceType": "Bundle",
  "type": "transaction",
  "entry": [
    {
      "resource": {
        "resourceType": "Encounter",
        "id": "Encounter-410",
        "status": "finished",
        "class": {
          "system": "http://hl7.org/fhir/encounter-class",
          "code": "other",
          "display": "Other"
        },
        "subject": {
          "reference": "Patient/Patient-6514",
          "display": "Victoria Palmer Gray"
        },
        "participant": [
          {
            "period": {
              "start": "2020-01-20T09:36:36-05:00",
              "end": "2020-01-20T09:36:36-05:00"
            },
            "individual": {
              "reference": "Practitioner/Practitioner-2531",
              "display": "Tracy Hampton Boone MD"
            }
          }
        ],
        "period": {
          "start": "2020-01-20T09:36:36-05:00",
          "end": "2020-01-20T09:36:36-05:00"
        },
        "location": [
          {
            "location": {
              "reference": "Location/Location-1104",
              "display": "Bay Area Family Practice"
            }
          }
        ],
        "serviceProvider": {
          "reference": "Organization/Organization-1104",
          "display": "Bay Area Family Practice"
        }
      },
      "request": {
        "method": "PUT",
        "url": "http://localhost:8080/cqf-ruler/baseDstu3/Encounter/Encounter-410"
      }
    },
    {
      "resource": {
        "resourceType": "Immunization",
        "id": "Immunization-37452",
        "status": "completed",
        "notGiven": false,
        "vaccineCode": {
          "coding": [
            {
              "system": "http://hl7.org/fhir/sid/cvx",
              "code": "140",
              "display": "Influenza, seasonal, injectable, preservative free"
            }
          ]
        },
        "patient": {
          "reference": "Patient/Patient-6514",
          "display": "Victoria Palmer Gray"
        },
        "date": "2020-01-14T09:36:36-05:00",
        "primarySource": true,
        "location": {
          "reference": "Location/Location-1104",
          "display": "Bay Area Family Practice"
        },
        "practitioner": [
          {
            "actor": {
              "reference": "Practitioner/Practitioner-2531",
              "display": "Tracy Hampton Boone MD"
            }
          }
        ]
      },
      "request": {
        "method": "PUT",
        "url": "http://localhost:8080/cqf-ruler/baseDstu3/Immunization/Immunization-37452"
      }
    },
    {
      "resource": {
        "resourceType": "Procedure",
        "id": "Procedure-63552",
        "status": "completed",
        "code": {
          "coding": [
            {
              "system": "http://loinc.org",
              "code": "57905-2",
              "display": "Hemoglobin.gastrointestinal [Presence] in Stool by Immunologic method --1st specimen"
            }
          ]
        },
        "subject": {
          "reference": "Patient/Patient-6514",
          "display": "Victoria Palmer Gray"
        },
        "context": {
          "reference": "Encounter/Encounter-410",
          "display": "Bay Area Family Practice"
        },
        "performedPeriod": {
          "start": "2020-01-20T09:36:36-05:00",
          "end": "2020-01-20T09:36:36-05:00"
        },
        "performer": [
          {
            "actor": {
              "reference": "Practitioner/Practitioner-2531",
              "display": "Tracy Hampton Boone MD"
            }
          }
        ],
        "location": {
          "reference": "Location/Location-1104",
          "display": "Bay Area Family Practice"
        }
      },
      "request": {
        "method": "PUT",
        "url": "http://localhost:8080/cqf-ruler/baseDstu3/Procedure/Procedure-63552"
      }
    },
    {
      "resource": {
        "resourceType": "Observation",
        "id": "Observation-63553",
        "status": "final",
        "code": {
          "coding": [
            {
              "system": "http://loinc.org",
              "code": "27925-7",
              "display": "Hemoglobin.gastrointestinal [Presence] in Stool --7th specimen"
            }
          ]
        },
        "subject": {
          "reference": "Patient/Patient-6514",
          "display": "Victoria Palmer Gray"
        },
        "context": {
          "reference": "Encounter/Encounter-410",
          "display": "Bay Area Family Practice"
        },
        "effectiveDateTime": "2020-01-20T09:36:36-05:00",
        "performer": [
          {
            "reference": "Practitioner/Practitioner-2531",
            "display": "Tracy Hampton Boone MD"
          }
        ],
        "valueString": "NEGATIVE"
      },
      "request": {
        "method": "PUT",
        "url": "http://localhost:8080/cqf-ruler/baseDstu3/Observation/Observation-63553"
      }
    },
    {
      "resource": {
        "resourceType": "Observation",
        "id": "Observation-63554",
        "status": "final",
        "code": {
          "coding": [
            {
              "system": "http://loinc.org",
              "code": "8480-6",
              "display": "Systolic blood pressure"
            }
          ]
        },
        "subject": {
          "reference": "Patient/Patient-6514",
          "display": "Victoria Palmer Gray"
        },
        "context": {
          "reference": "Encounter/Encounter-410",
          "display": "Bay Area Family Practice"
        },
        "effectiveDateTime": "2020-01-20T09:36:36-05:00",
        "performer": [
          {
            "reference": "Practitioner/Practitioner-2531",
            "display": "Tracy Hampton Boone MD"
          }
        ],
        "valueQuantity": {
          "value": 166.66128711874856,
          "unit": "mmHg"
        }
      },
      "request": {
        "method": "PUT",
        "url": "http://localhost:8080/cqf-ruler/baseDstu3/Observation/Observation-63554"
      }
    },
    {
      "resource": {
        "resourceType": "Observation",
        "id": "Observation-63555",
        "status": "final",
        "code": {
          "coding": [
            {
              "system": "http://loinc.org",
              "code": "8462-4",
              "display": "Diastolic blood pressure"
            }
          ]
        },
        "subject": {
          "reference": "Patient/Patient-6514",
          "display": "Victoria Palmer Gray"
        },
        "context": {
          "reference": "Encounter/Encounter-410",
          "display": "Bay Area Family Practice"
        },
        "effectiveDateTime": "2020-01-20T09:36:36-05:00",
        "performer": [
          {
            "reference": "Practitioner/Practitioner-2531",
            "display": "Tracy Hampton Boone MD"
          }
        ],
        "valueQuantity": {
          "value": 83.03692353522308,
          "unit": "mmHg"
        }
      },
      "request": {
        "method": "PUT",
        "url": "http://localhost:8080/cqf-ruler/baseDstu3/Observation/Observation-63555"
      }
    },
    {
      "resource": {
        "resourceType": "Condition",
        "id": "Condition-63556",
        "clinicalStatus": "active",
        "verificationStatus": "confirmed",
        "code": {
          "coding": [
            {
              "system": "http://snomed.info/sct",
              "code": "59720008",
              "display": "Sustained diastolic hypertension"
            }
          ]
        },
        "subject": {
          "reference": "Patient/Patient-6514",
          "display": "Victoria Palmer Gray"
        },
        "context": {
          "reference": "Encounter/Encounter-410",
          "display": "Bay Area Family Practice"
        },
        "onsetDateTime": "2020-01-20T09:36:36-05:00",
        "assertedDate": "2020-01-20T09:36:36-05:00",
        "asserter": {
          "reference": "Practitioner/Practitioner-2531",
          "display": "Tracy Hampton Boone MD"
        }
      },
      "request": {
        "method": "PUT",
        "url": "http://localhost:8080/cqf-ruler/baseDstu3/Condition/Condition-63556"
      }
    },
    {
      "resource": {
        "resourceType": "Procedure",
        "id": "Procedure-63557",
        "status": "completed",
        "code": {
          "coding": [
            {
              "system": "http://snomed.info/sct",
              "code": "43204002",
              "display": "Bilateral mammography (procedure)"
            }
          ]
        },
        "subject": {
          "reference": "Patient/Patient-6514",
          "display": "Victoria Palmer Gray"
        },
        "context": {
          "reference": "Encounter/Encounter-410",
          "display": "Bay Area Family Practice"
        },
        "performedPeriod": {
          "start": "2020-01-20T09:36:36-05:00",
          "end": "2020-01-20T09:36:36-05:00"
        },
        "performer": [
          {
            "actor": {
              "reference": "Practitioner/Practitioner-2531",
              "display": "Tracy Hampton Boone MD"
            }
          }
        ],
        "location": {
          "reference": "Location/Location-1104",
          "display": "Bay Area Family Practice"
        }
      },
      "request": {
        "method": "PUT",
        "url": "http://localhost:8080/cqf-ruler/baseDstu3/Procedure/Procedure-63557"
      }
    },
    {
      "resource": {
        "resourceType": "Observation",
        "id": "Observation-63559",
        "status": "final",
        "code": {
          "coding": [
            {
              "system": "http://snomed.info/sct",
              "code": "397145000",
              "display": "Mammography assessment (Category 5) - Highly suggestive of malignancy"
            }
          ]
        },
        "subject": {
          "reference": "Patient/Patient-6514",
          "display": "Victoria Palmer Gray"
        },
        "context": {
          "reference": "Encounter/Encounter-410",
          "display": "Bay Area Family Practice"
        },
        "effectiveDateTime": "2020-01-20T09:36:36-05:00",
        "performer": [
          {
            "reference": "Practitioner/Practitioner-2531",
            "display": "Tracy Hampton Boone MD"
          }
        ],
        "valueString": "POSITIVE"
      },
      "request": {
        "method": "PUT",
        "url": "http://localhost:8080/cqf-ruler/baseDstu3/Observation/Observation-63559"
      }
    },
    {
      "resource": {
        "resourceType": "DiagnosticReport",
        "id": "DiagnosticReport-63560",
        "status": "final",
        "code": {
          "coding": [
            {
              "system": "http://loinc.org",
              "code": "37551-9",
              "display": "Breast Mammogram spot"
            }
          ]
        },
        "subject": {
          "reference": "Patient/Patient-6514",
          "display": "Victoria Palmer Gray"
        },
        "context": {
          "reference": "Encounter/Encounter-410",
          "display": "Bay Area Family Practice"
        },
        "effectivePeriod": {
          "start": "2020-01-20T09:36:36-05:00",
          "end": "2020-01-20T09:36:36-05:00"
        },
        "result": [
          {
            "reference": "Observation/Observation-63559",
            "display": "Breast_Cancer_Observation"
          }
        ]
      },
      "request": {
        "method": "PUT",
        "url": "http://localhost:8080/cqf-ruler/baseDstu3/DiagnosticReport/DiagnosticReport-63560"
      }
    },
    {
      "resource": {
        "resourceType": "Procedure",
        "id": "Procedure-63561",
        "status": "completed",
        "code": {
          "coding": [
            {
              "system": "http://loinc.org",
              "code": "47527-7",
              "display": "Cytology report of Cervical or vaginal smear or scraping Cyto stain.thin prep"
            }
          ]
        },
        "subject": {
          "reference": "Patient/Patient-6514",
          "display": "Victoria Palmer Gray"
        },
        "context": {
          "reference": "Encounter/Encounter-410",
          "display": "Bay Area Family Practice"
        },
        "performedPeriod": {
          "start": "2020-01-20T09:36:36-05:00",
          "end": "2020-01-20T09:36:36-05:00"
        },
        "performer": [
          {
            "actor": {
              "reference": "Practitioner/Practitioner-2531",
              "display": "Tracy Hampton Boone MD"
            }
          }
        ],
        "location": {
          "reference": "Location/Location-1104",
          "display": "Bay Area Family Practice"
        }
      },
      "request": {
        "method": "PUT",
        "url": "http://localhost:8080/cqf-ruler/baseDstu3/Procedure/Procedure-63561"
      }
    },
    {
      "resource": {
        "resourceType": "Observation",
        "id": "Observation-63562",
        "status": "final",
        "code": {
          "coding": [
            {
              "system": "http://snomed.info/sct",
              "code": "289829007",
              "display": "Normal uterine cervix (finding)"
            }
          ]
        },
        "subject": {
          "reference": "Patient/Patient-6514",
          "display": "Victoria Palmer Gray"
        },
        "context": {
          "reference": "Encounter/Encounter-410",
          "display": "Bay Area Family Practice"
        },
        "effectiveDateTime": "2020-01-20T09:36:36-05:00",
        "performer": [
          {
            "reference": "Practitioner/Practitioner-2531",
            "display": "Tracy Hampton Boone MD"
          }
        ],
        "valueString": "NEGATIVE"
      },
      "request": {
        "method": "PUT",
        "url": "http://localhost:8080/cqf-ruler/baseDstu3/Observation/Observation-63562"
      }
    },
    {
      "resource": {
        "resourceType": "DiagnosticReport",
        "id": "DiagnosticReport-63563",
        "status": "final",
        "code": {
          "coding": [
            {
              "system": "http://loinc.org",
              "code": "48475-8",
              "display": "Breast implant - bilateral Mammogram diagnostic"
            }
          ]
        },
        "subject": {
          "reference": "Patient/Patient-6514",
          "display": "Victoria Palmer Gray"
        },
        "context": {
          "reference": "Encounter/Encounter-410",
          "display": "Bay Area Family Practice"
        },
        "effectivePeriod": {
          "start": "2020-01-20T09:36:36-05:00",
          "end": "2020-01-20T09:36:36-05:00"
        },
        "result": [
          {
            "reference": "Observation/Observation-63562",
            "display": "No_Cancer_Detected"
          }
        ]
      },
      "request": {
        "method": "PUT",
        "url": "http://localhost:8080/cqf-ruler/baseDstu3/DiagnosticReport/DiagnosticReport-63563"
      }
    },
    {
      "resource": {
        "resourceType": "Observation",
        "id": "Observation-63564",
        "status": "final",
        "category": [
          {
            "coding": [
              {
                "system": "http://hl7.org/fhir/observation-category",
                "code": "vital-signs",
                "display": "vital-signs"
              }
            ]
          }
        ],
        "code": {
          "coding": [
            {
              "system": "http://loinc.org",
              "code": "8716-3",
              "display": "Vital Signs Panel"
            }
          ]
        },
        "subject": {
          "reference": "Patient/Patient-6514",
          "display": "Victoria Palmer Gray"
        },
        "context": {
          "reference": "Encounter/Encounter-410",
          "display": "Bay Area Family Practice"
        },
        "effectivePeriod": {
          "start": "2020-01-20T09:36:36-05:00",
          "end": "2020-01-20T09:36:36-05:00"
        },
        "valueQuantity": {
          "value": 83.03692353522308,
          "unit": "mmHg"
        },
        "component": [
          {
            "code": {
              "coding": [
                {
                  "system": "http://loinc.org",
                  "code": "8302-2",
                  "display": "Height"
                }
              ]
            }
          },
          {
            "code": {
              "coding": [
                {
                  "system": "http://loinc.org",
                  "code": "29463-7",
                  "display": "Weight"
                }
              ]
            }
          },
          {
            "code": {
              "coding": [
                {
                  "system": "http://loinc.org",
                  "code": "39156-5",
                  "display": "BMI"
                }
              ]
            }
          },
          {
            "code": {
              "coding": [
                {
                  "system": "http://loinc.org",
                  "code": "8310-5",
                  "display": "Temperature"
                }
              ]
            }
          },
          {
            "code": {
              "coding": [
                {
                  "system": "http://loinc.org",
                  "code": "8459-0",
                  "display": "Systolic Blood Pressure"
                }
              ]
            }
          },
          {
            "code": {
              "coding": [
                {
                  "system": "http://loinc.org",
                  "code": "8453-3",
                  "display": "Diastolic Blood Pressure"
                }
              ]
            }
          }
        ]
      },
      "request": {
        "method": "PUT",
        "url": "http://localhost:8080/cqf-ruler/baseDstu3/Observation/Observation-63564"
      }
    }
  ]
}