{
  "resourceType": "Bundle",
  "type": "transaction",
  "entry": [
    {
      "resource": {
        "resourceType": "Encounter",
        "id": "Encounter-187",
        "status": "finished",
        "class": {
          "system": "http://hl7.org/fhir/encounter-class",
          "code": "other",
          "display": "Other"
        },
        "subject": {
          "reference": "Patient/Patient-1136",
          "display": "Angelica Desiree Jones"
        },
        "participant": [
          {
            "period": {
              "start": "2019-09-23T09:36:36-04:00",
              "end": "2019-09-23T09:36:36-04:00"
            },
            "individual": {
              "reference": "Practitioner/Practitioner-2533",
              "display": "Lena Dickerson Ballard MD"
            }
          }
        ],
        "period": {
          "start": "2019-09-23T09:36:36-04:00",
          "end": "2019-09-23T09:36:36-04:00"
        },
        "location": [
          {
            "location": {
              "reference": "Location/Location-1106",
              "display": "Cranston Family Medical"
            }
          }
        ],
        "serviceProvider": {
          "reference": "Organization/Organization-1106",
          "display": "Cranston Family Medical"
        }
      },
      "request": {
        "method": "PUT",
        "url": "http://localhost:8080/cqf-ruler/baseDstu3/Encounter/Encounter-187"
      }
    },
    {
      "resource": {
        "resourceType": "Immunization",
        "id": "Immunization-184",
        "status": "completed",
        "notGiven": false,
        "vaccineCode": {
          "coding": [
            {
              "system": "http://hl7.org/fhir/sid/cvx",
              "code": "140",
              "display": "Influenza, seasonal, injectable, preservative free"
            }
          ]
        },
        "patient": {
          "reference": "Patient/Patient-1136",
          "display": "Angelica Desiree Jones"
        },
        "date": "2019-09-19T09:36:36-04:00",
        "primarySource": true,
        "location": {
          "reference": "Location/Location-1106",
          "display": "Cranston Family Medical"
        },
        "practitioner": [
          {
            "actor": {
              "reference": "Practitioner/Practitioner-2533",
              "display": "Lena Dickerson Ballard MD"
            }
          }
        ]
      },
      "request": {
        "method": "PUT",
        "url": "http://localhost:8080/cqf-ruler/baseDstu3/Immunization/Immunization-184"
      }
    },
    {
      "resource": {
        "resourceType": "Observation",
        "id": "Observation-54877",
        "status": "final",
        "code": {
          "coding": [
            {
              "system": "http://loinc.org",
              "code": "8480-6",
              "display": "Systolic blood pressure"
            }
          ]
        },
        "subject": {
          "reference": "Patient/Patient-1136",
          "display": "Angelica Desiree Jones"
        },
        "context": {
          "reference": "Encounter/Encounter-187",
          "display": "Cranston Family Medical"
        },
        "effectiveDateTime": "2019-09-23T09:36:36-04:00",
        "performer": [
          {
            "reference": "Practitioner/Practitioner-2533",
            "display": "Lena Dickerson Ballard MD"
          }
        ],
        "valueQuantity": {
          "value": 149.48544050323738,
          "unit": "mmHg"
        }
      },
      "request": {
        "method": "PUT",
        "url": "http://localhost:8080/cqf-ruler/baseDstu3/Observation/Observation-54877"
      }
    },
    {
      "resource": {
        "resourceType": "Observation",
        "id": "Observation-54878",
        "status": "final",
        "code": {
          "coding": [
            {
              "system": "http://loinc.org",
              "code": "8462-4",
              "display": "Diastolic blood pressure"
            }
          ]
        },
        "subject": {
          "reference": "Patient/Patient-1136",
          "display": "Angelica Desiree Jones"
        },
        "context": {
          "reference": "Encounter/Encounter-187",
          "display": "Cranston Family Medical"
        },
        "effectiveDateTime": "2019-09-23T09:36:36-04:00",
        "performer": [
          {
            "reference": "Practitioner/Practitioner-2533",
            "display": "Lena Dickerson Ballard MD"
          }
        ],
        "valueQuantity": {
          "value": 87.51566824307568,
          "unit": "mmHg"
        }
      },
      "request": {
        "method": "PUT",
        "url": "http://localhost:8080/cqf-ruler/baseDstu3/Observation/Observation-54878"
      }
    },
    {
      "resource": {
        "resourceType": "Condition",
        "id": "Condition-54879",
        "clinicalStatus": "active",
        "verificationStatus": "confirmed",
        "code": {
          "coding": [
            {
              "system": "http://snomed.info/sct",
              "code": "78975002",
              "display": "Malignant essential hypertension"
            }
          ]
        },
        "subject": {
          "reference": "Patient/Patient-1136",
          "display": "Angelica Desiree Jones"
        },
        "context": {
          "reference": "Encounter/Encounter-187",
          "display": "Cranston Family Medical"
        },
        "onsetDateTime": "2019-09-23T09:36:36-04:00",
        "assertedDate": "2019-09-23T09:36:36-04:00",
        "asserter": {
          "reference": "Practitioner/Practitioner-2533",
          "display": "Lena Dickerson Ballard MD"
        }
      },
      "request": {
        "method": "PUT",
        "url": "http://localhost:8080/cqf-ruler/baseDstu3/Condition/Condition-54879"
      }
    },
    {
      "resource": {
        "resourceType": "Procedure",
        "id": "Procedure-54880",
        "status": "completed",
        "code": {
          "coding": [
            {
              "system": "http://loinc.org",
              "code": "19766-5",
              "display": "Microscopic observation [Identifier] in Cervical or vaginal smear or scraping by Cyto stain Narrative"
            }
          ]
        },
        "subject": {
          "reference": "Patient/Patient-1136",
          "display": "Angelica Desiree Jones"
        },
        "context": {
          "reference": "Encounter/Encounter-187",
          "display": "Cranston Family Medical"
        },
        "performedPeriod": {
          "start": "2019-09-23T09:36:36-04:00",
          "end": "2019-09-23T09:36:36-04:00"
        },
        "performer": [
          {
            "actor": {
              "reference": "Practitioner/Practitioner-2533",
              "display": "Lena Dickerson Ballard MD"
            }
          }
        ],
        "location": {
          "reference": "Location/Location-1106",
          "display": "Cranston Family Medical"
        }
      },
      "request": {
        "method": "PUT",
        "url": "http://localhost:8080/cqf-ruler/baseDstu3/Procedure/Procedure-54880"
      }
    },
    {
      "resource": {
        "resourceType": "Observation",
        "id": "Observation-54881",
        "status": "final",
        "code": {
          "coding": [
            {
              "system": "http://snomed.info/sct",
              "code": "289829007",
              "display": "Normal uterine cervix (finding)"
            }
          ]
        },
        "subject": {
          "reference": "Patient/Patient-1136",
          "display": "Angelica Desiree Jones"
        },
        "context": {
          "reference": "Encounter/Encounter-187",
          "display": "Cranston Family Medical"
        },
        "effectiveDateTime": "2019-09-23T09:36:36-04:00",
        "performer": [
          {
            "reference": "Practitioner/Practitioner-2533",
            "display": "Lena Dickerson Ballard MD"
          }
        ],
        "valueString": "NEGATIVE"
      },
      "request": {
        "method": "PUT",
        "url": "http://localhost:8080/cqf-ruler/baseDstu3/Observation/Observation-54881"
      }
    },
    {
      "resource": {
        "resourceType": "DiagnosticReport",
        "id": "DiagnosticReport-54882",
        "status": "final",
        "code": {
          "coding": [
            {
              "system": "http://loinc.org",
              "code": "46380-2",
              "display": "Breast Implant - unilateral Mammogram"
            }
          ]
        },
        "subject": {
          "reference": "Patient/Patient-1136",
          "display": "Angelica Desiree Jones"
        },
        "context": {
          "reference": "Encounter/Encounter-187",
          "display": "Cranston Family Medical"
        },
        "effectivePeriod": {
          "start": "2019-09-23T09:36:36-04:00",
          "end": "2019-09-23T09:36:36-04:00"
        },
        "result": [
          {
            "reference": "Observation/Observation-54881",
            "display": "No_Cancer_Detected"
          }
        ]
      },
      "request": {
        "method": "PUT",
        "url": "http://localhost:8080/cqf-ruler/baseDstu3/DiagnosticReport/DiagnosticReport-54882"
      }
    },
    {
      "resource": {
        "resourceType": "Observation",
        "id": "Observation-54883",
        "status": "final",
        "category": [
          {
            "coding": [
              {
                "system": "http://hl7.org/fhir/observation-category",
                "code": "vital-signs",
                "display": "vital-signs"
              }
            ]
          }
        ],
        "code": {
          "coding": [
            {
              "system": "http://loinc.org",
              "code": "8716-3",
              "display": "Vital Signs Panel"
            }
          ]
        },
        "subject": {
          "reference": "Patient/Patient-1136",
          "display": "Angelica Desiree Jones"
        },
        "context": {
          "reference": "Encounter/Encounter-187",
          "display": "Cranston Family Medical"
        },
        "effectivePeriod": {
          "start": "2019-09-23T09:36:36-04:00",
          "end": "2019-09-23T09:36:36-04:00"
        },
        "valueQuantity": {
          "value": 87.51566824307568,
          "unit": "mmHg"
        },
        "component": [
          {
            "code": {
              "coding": [
                {
                  "system": "http://loinc.org",
                  "code": "8302-2",
                  "display": "Height"
                }
              ]
            }
          },
          {
            "code": {
              "coding": [
                {
                  "system": "http://loinc.org",
                  "code": "29463-7",
                  "display": "Weight"
                }
              ]
            }
          },
          {
            "code": {
              "coding": [
                {
                  "system": "http://loinc.org",
                  "code": "39156-5",
                  "display": "BMI"
                }
              ]
            }
          },
          {
            "code": {
              "coding": [
                {
                  "system": "http://loinc.org",
                  "code": "8310-5",
                  "display": "Temperature"
                }
              ]
            }
          },
          {
            "code": {
              "coding": [
                {
                  "system": "http://loinc.org",
                  "code": "8459-0",
                  "display": "Systolic Blood Pressure"
                }
              ]
            }
          },
          {
            "code": {
              "coding": [
                {
                  "system": "http://loinc.org",
                  "code": "8453-3",
                  "display": "Diastolic Blood Pressure"
                }
              ]
            }
          }
        ]
      },
      "request": {
        "method": "PUT",
        "url": "http://localhost:8080/cqf-ruler/baseDstu3/Observation/Observation-54883"
      }
    }
  ]
}