{
  "resourceType": "Bundle",
  "type": "transaction",
  "entry": [
    {
      "resource": {
        "resourceType": "Encounter",
        "id": "Encounter-462",
        "status": "finished",
        "class": {
          "system": "http://hl7.org/fhir/encounter-class",
          "code": "other",
          "display": "Other"
        },
        "subject": {
          "reference": "Patient/Patient-1138",
          "display": "Donna Lynn Jones"
        },
        "participant": [
          {
            "period": {
              "start": "2019-08-01T09:36:36-04:00",
              "end": "2019-08-05T09:36:36-04:00"
            },
            "individual": {
              "reference": "Practitioner/Practitioner-2532",
              "display": "Chad Espinoza Potter MD"
            }
          }
        ],
        "period": {
          "start": "2019-08-01T09:36:36-04:00",
          "end": "2019-08-05T09:36:36-04:00"
        },
        "location": [
          {
            "location": {
              "reference": "Location/Location-1002",
              "display": "Gift of Mercy Hospital"
            }
          }
        ],
        "serviceProvider": {
          "reference": "Organization/Organization-1002",
          "display": "Gift of Mercy Hospital"
        }
      },
      "request": {
        "method": "PUT",
        "url": "http://localhost:8080/cqf-ruler/baseDstu3/Encounter/Encounter-462"
      }
    },
    {
      "resource": {
        "resourceType": "Procedure",
        "id": "Procedure-51000",
        "status": "completed",
        "code": {
          "coding": [
            {
              "system": "http://www.ama-assn.org/go/cpt",
              "code": "45379",
              "display": "Colonoscopy, flexible; with removal of foreign body(s)"
            }
          ]
        },
        "subject": {
          "reference": "Patient/Patient-1138",
          "display": "Donna Lynn Jones"
        },
        "context": {
          "reference": "Encounter/Encounter-462",
          "display": "Gift of Mercy Hospital"
        },
        "performedPeriod": {
          "start": "2019-08-01T09:36:36-04:00",
          "end": "2019-08-01T09:36:36-04:00"
        },
        "performer": [
          {
            "actor": {
              "reference": "Practitioner/Practitioner-2532",
              "display": "Chad Espinoza Potter MD"
            }
          }
        ],
        "location": {
          "reference": "Location/Location-1002",
          "display": "Gift of Mercy Hospital"
        }
      },
      "request": {
        "method": "PUT",
        "url": "http://localhost:8080/cqf-ruler/baseDstu3/Procedure/Procedure-51000"
      }
    },
    {
      "resource": {
        "resourceType": "Observation",
        "id": "Observation-51001",
        "status": "final",
        "code": {
          "coding": [
            {
              "system": "http://snomed.info/sct",
              "code": "446745002",
              "display": "Colonoscopy and biopsy of colon"
            }
          ]
        },
        "subject": {
          "reference": "Patient/Patient-1138",
          "display": "Donna Lynn Jones"
        },
        "context": {
          "reference": "Encounter/Encounter-462",
          "display": "Gift of Mercy Hospital"
        },
        "effectiveDateTime": "2019-08-01T09:36:36-04:00",
        "performer": [
          {
            "reference": "Practitioner/Practitioner-2532",
            "display": "Chad Espinoza Potter MD"
          }
        ],
        "valueString": "NEGATIVE"
      },
      "request": {
        "method": "PUT",
        "url": "http://localhost:8080/cqf-ruler/baseDstu3/Observation/Observation-51001"
      }
    },
    {
      "resource": {
        "resourceType": "Observation",
        "id": "Observation-51003",
        "status": "final",
        "category": [
          {
            "coding": [
              {
                "system": "http://hl7.org/fhir/observation-category",
                "code": "vital-signs",
                "display": "vital-signs"
              }
            ]
          }
        ],
        "code": {
          "coding": [
            {
              "system": "http://loinc.org",
              "code": "8716-3",
              "display": "Vital Signs Panel"
            }
          ]
        },
        "subject": {
          "reference": "Patient/Patient-1138",
          "display": "Donna Lynn Jones"
        },
        "context": {
          "reference": "Encounter/Encounter-462",
          "display": "Gift of Mercy Hospital"
        },
        "effectivePeriod": {
          "start": "2019-08-05T09:36:36-04:00",
          "end": "2019-08-05T09:36:36-04:00"
        },
        "valueQuantity": {
          "value": 64.16520133275094,
          "unit": "mmHg"
        },
        "component": [
          {
            "code": {
              "coding": [
                {
                  "system": "http://loinc.org",
                  "code": "8302-2",
                  "display": "Height"
                }
              ]
            }
          },
          {
            "code": {
              "coding": [
                {
                  "system": "http://loinc.org",
                  "code": "29463-7",
                  "display": "Weight"
                }
              ]
            }
          },
          {
            "code": {
              "coding": [
                {
                  "system": "http://loinc.org",
                  "code": "39156-5",
                  "display": "BMI"
                }
              ]
            }
          },
          {
            "code": {
              "coding": [
                {
                  "system": "http://loinc.org",
                  "code": "8310-5",
                  "display": "Temperature"
                }
              ]
            }
          },
          {
            "code": {
              "coding": [
                {
                  "system": "http://loinc.org",
                  "code": "8459-0",
                  "display": "Systolic Blood Pressure"
                }
              ]
            }
          },
          {
            "code": {
              "coding": [
                {
                  "system": "http://loinc.org",
                  "code": "8453-3",
                  "display": "Diastolic Blood Pressure"
                }
              ]
            }
          }
        ]
      },
      "request": {
        "method": "PUT",
        "url": "http://localhost:8080/cqf-ruler/baseDstu3/Observation/Observation-51003"
      }
    }
  ]
}