{
  "resourceType": "Bundle",
  "type": "transaction",
  "entry": [
    {
      "resource": {
        "resourceType": "Encounter",
        "id": "Encounter-260",
        "status": "finished",
        "class": {
          "system": "http://hl7.org/fhir/encounter-class",
          "code": "other",
          "display": "Other"
        },
        "subject": {
          "reference": "Patient/Patient-6491",
          "display": "Rosa Bullock Berg"
        },
        "participant": [
          {
            "period": {
              "start": "2018-06-11T09:36:36-04:00",
              "end": "2018-06-11T09:36:36-04:00"
            },
            "individual": {
              "reference": "Practitioner/Practitioner-2528",
              "display": "Tanya Sally Wheeler MD"
            }
          }
        ],
        "period": {
          "start": "2018-06-11T09:36:36-04:00",
          "end": "2018-06-11T09:36:36-04:00"
        },
        "location": [
          {
            "location": {
              "reference": "Location/Location-1101",
              "display": "McKinley Health Center"
            }
          }
        ],
        "serviceProvider": {
          "reference": "Organization/Organization-1101",
          "display": "McKinley Health Center"
        }
      },
      "request": {
        "method": "PUT",
        "url": "http://localhost:8080/cqf-ruler/baseDstu3/Encounter/Encounter-260"
      }
    },
    {
      "resource": {
        "resourceType": "Immunization",
        "id": "Immunization-2047",
        "status": "completed",
        "notGiven": false,
        "vaccineCode": {
          "coding": [
            {
              "system": "http://hl7.org/fhir/sid/cvx",
              "code": "140",
              "display": "Influenza, seasonal, injectable, preservative free"
            }
          ]
        },
        "patient": {
          "reference": "Patient/Patient-6491",
          "display": "Rosa Bullock Berg"
        },
        "date": "2018-06-05T09:36:36-04:00",
        "primarySource": true,
        "location": {
          "reference": "Location/Location-1101",
          "display": "McKinley Health Center"
        },
        "practitioner": [
          {
            "actor": {
              "reference": "Practitioner/Practitioner-2528",
              "display": "Tanya Sally Wheeler MD"
            }
          }
        ]
      },
      "request": {
        "method": "PUT",
        "url": "http://localhost:8080/cqf-ruler/baseDstu3/Immunization/Immunization-2047"
      }
    },
    {
      "resource": {
        "resourceType": "Procedure",
        "id": "Procedure-21716",
        "status": "completed",
        "code": {
          "coding": [
            {
              "system": "http://loinc.org",
              "code": "14565-6",
              "display": "Hemoglobin.gastrointestinal [Presence] in Stool --3rd specimen"
            }
          ]
        },
        "subject": {
          "reference": "Patient/Patient-6491",
          "display": "Rosa Bullock Berg"
        },
        "context": {
          "reference": "Encounter/Encounter-260",
          "display": "McKinley Health Center"
        },
        "performedPeriod": {
          "start": "2018-06-11T09:36:36-04:00",
          "end": "2018-06-11T09:36:36-04:00"
        },
        "performer": [
          {
            "actor": {
              "reference": "Practitioner/Practitioner-2528",
              "display": "Tanya Sally Wheeler MD"
            }
          }
        ],
        "location": {
          "reference": "Location/Location-1101",
          "display": "McKinley Health Center"
        }
      },
      "request": {
        "method": "PUT",
        "url": "http://localhost:8080/cqf-ruler/baseDstu3/Procedure/Procedure-21716"
      }
    },
    {
      "resource": {
        "resourceType": "Observation",
        "id": "Observation-21717",
        "status": "final",
        "code": {
          "coding": [
            {
              "system": "http://loinc.org",
              "code": "27396-1",
              "display": "Hemoglobin.gastrointestinal [Mass/mass] in Stool"
            }
          ]
        },
        "subject": {
          "reference": "Patient/Patient-6491",
          "display": "Rosa Bullock Berg"
        },
        "context": {
          "reference": "Encounter/Encounter-260",
          "display": "McKinley Health Center"
        },
        "effectiveDateTime": "2018-06-11T09:36:36-04:00",
        "performer": [
          {
            "reference": "Practitioner/Practitioner-2528",
            "display": "Tanya Sally Wheeler MD"
          }
        ],
        "valueString": "NEGATIVE"
      },
      "request": {
        "method": "PUT",
        "url": "http://localhost:8080/cqf-ruler/baseDstu3/Observation/Observation-21717"
      }
    },
    {
      "resource": {
        "resourceType": "Observation",
        "id": "Observation-21718",
        "status": "final",
        "code": {
          "coding": [
            {
              "system": "http://loinc.org",
              "code": "8480-6",
              "display": "Systolic blood pressure"
            }
          ]
        },
        "subject": {
          "reference": "Patient/Patient-6491",
          "display": "Rosa Bullock Berg"
        },
        "context": {
          "reference": "Encounter/Encounter-260",
          "display": "McKinley Health Center"
        },
        "effectiveDateTime": "2018-06-11T09:36:36-04:00",
        "performer": [
          {
            "reference": "Practitioner/Practitioner-2528",
            "display": "Tanya Sally Wheeler MD"
          }
        ],
        "valueQuantity": {
          "value": 160.4406985860725,
          "unit": "mmHg"
        }
      },
      "request": {
        "method": "PUT",
        "url": "http://localhost:8080/cqf-ruler/baseDstu3/Observation/Observation-21718"
      }
    },
    {
      "resource": {
        "resourceType": "Observation",
        "id": "Observation-21719",
        "status": "final",
        "code": {
          "coding": [
            {
              "system": "http://loinc.org",
              "code": "8462-4",
              "display": "Diastolic blood pressure"
            }
          ]
        },
        "subject": {
          "reference": "Patient/Patient-6491",
          "display": "Rosa Bullock Berg"
        },
        "context": {
          "reference": "Encounter/Encounter-260",
          "display": "McKinley Health Center"
        },
        "effectiveDateTime": "2018-06-11T09:36:36-04:00",
        "performer": [
          {
            "reference": "Practitioner/Practitioner-2528",
            "display": "Tanya Sally Wheeler MD"
          }
        ],
        "valueQuantity": {
          "value": 116.70841484636932,
          "unit": "mmHg"
        }
      },
      "request": {
        "method": "PUT",
        "url": "http://localhost:8080/cqf-ruler/baseDstu3/Observation/Observation-21719"
      }
    },
    {
      "resource": {
        "resourceType": "Condition",
        "id": "Condition-21720",
        "clinicalStatus": "active",
        "verificationStatus": "confirmed",
        "code": {
          "coding": [
            {
              "system": "http://snomed.info/sct",
              "code": "1201005",
              "display": "Benign essential hypertension"
            }
          ]
        },
        "subject": {
          "reference": "Patient/Patient-6491",
          "display": "Rosa Bullock Berg"
        },
        "context": {
          "reference": "Encounter/Encounter-260",
          "display": "McKinley Health Center"
        },
        "onsetDateTime": "2018-06-11T09:36:36-04:00",
        "assertedDate": "2018-06-11T09:36:36-04:00",
        "asserter": {
          "reference": "Practitioner/Practitioner-2528",
          "display": "Tanya Sally Wheeler MD"
        }
      },
      "request": {
        "method": "PUT",
        "url": "http://localhost:8080/cqf-ruler/baseDstu3/Condition/Condition-21720"
      }
    },
    {
      "resource": {
        "resourceType": "Procedure",
        "id": "Procedure-21721",
        "status": "completed",
        "code": {
          "coding": [
            {
              "system": "http://snomed.info/sct",
              "code": "43204002",
              "display": "Bilateral mammography (procedure)"
            }
          ]
        },
        "subject": {
          "reference": "Patient/Patient-6491",
          "display": "Rosa Bullock Berg"
        },
        "context": {
          "reference": "Encounter/Encounter-260",
          "display": "McKinley Health Center"
        },
        "performedPeriod": {
          "start": "2018-06-11T09:36:36-04:00",
          "end": "2018-06-11T09:36:36-04:00"
        },
        "performer": [
          {
            "actor": {
              "reference": "Practitioner/Practitioner-2528",
              "display": "Tanya Sally Wheeler MD"
            }
          }
        ],
        "location": {
          "reference": "Location/Location-1101",
          "display": "McKinley Health Center"
        }
      },
      "request": {
        "method": "PUT",
        "url": "http://localhost:8080/cqf-ruler/baseDstu3/Procedure/Procedure-21721"
      }
    },
    {
      "resource": {
        "resourceType": "Observation",
        "id": "Observation-21722",
        "status": "final",
        "code": {
          "coding": [
            {
              "system": "http://snomed.info/sct",
              "code": "168749009",
              "display": "Mammography normal (finding)"
            }
          ]
        },
        "subject": {
          "reference": "Patient/Patient-6491",
          "display": "Rosa Bullock Berg"
        },
        "context": {
          "reference": "Encounter/Encounter-260",
          "display": "McKinley Health Center"
        },
        "effectiveDateTime": "2018-06-11T09:36:36-04:00",
        "performer": [
          {
            "reference": "Practitioner/Practitioner-2528",
            "display": "Tanya Sally Wheeler MD"
          }
        ],
        "valueString": "NEGATIVE"
      },
      "request": {
        "method": "PUT",
        "url": "http://localhost:8080/cqf-ruler/baseDstu3/Observation/Observation-21722"
      }
    },
    {
      "resource": {
        "resourceType": "DiagnosticReport",
        "id": "DiagnosticReport-21723",
        "status": "final",
        "code": {
          "coding": [
            {
              "system": "http://loinc.org",
              "code": "26177-6",
              "display": "Breast - right Mammogram screening"
            }
          ]
        },
        "subject": {
          "reference": "Patient/Patient-6491",
          "display": "Rosa Bullock Berg"
        },
        "context": {
          "reference": "Encounter/Encounter-260",
          "display": "McKinley Health Center"
        },
        "effectivePeriod": {
          "start": "2018-06-11T09:36:36-04:00",
          "end": "2018-06-11T09:36:36-04:00"
        },
        "result": [
          {
            "reference": "Observation/Observation-21722",
            "display": "No_Cancer_Detected"
          }
        ]
      },
      "request": {
        "method": "PUT",
        "url": "http://localhost:8080/cqf-ruler/baseDstu3/DiagnosticReport/DiagnosticReport-21723"
      }
    },
    {
      "resource": {
        "resourceType": "Procedure",
        "id": "Procedure-21724",
        "status": "completed",
        "code": {
          "coding": [
            {
              "system": "http://loinc.org",
              "code": "33717-0",
              "display": "Cytology Cervical or vaginal smear or scraping study"
            }
          ]
        },
        "subject": {
          "reference": "Patient/Patient-6491",
          "display": "Rosa Bullock Berg"
        },
        "context": {
          "reference": "Encounter/Encounter-260",
          "display": "McKinley Health Center"
        },
        "performedPeriod": {
          "start": "2018-06-11T09:36:36-04:00",
          "end": "2018-06-11T09:36:36-04:00"
        },
        "performer": [
          {
            "actor": {
              "reference": "Practitioner/Practitioner-2528",
              "display": "Tanya Sally Wheeler MD"
            }
          }
        ],
        "location": {
          "reference": "Location/Location-1101",
          "display": "McKinley Health Center"
        }
      },
      "request": {
        "method": "PUT",
        "url": "http://localhost:8080/cqf-ruler/baseDstu3/Procedure/Procedure-21724"
      }
    },
    {
      "resource": {
        "resourceType": "Observation",
        "id": "Observation-21725",
        "status": "final",
        "code": {
          "coding": [
            {
              "system": "http://snomed.info/sct",
              "code": "289829007",
              "display": "Normal uterine cervix (finding)"
            }
          ]
        },
        "subject": {
          "reference": "Patient/Patient-6491",
          "display": "Rosa Bullock Berg"
        },
        "context": {
          "reference": "Encounter/Encounter-260",
          "display": "McKinley Health Center"
        },
        "effectiveDateTime": "2018-06-11T09:36:36-04:00",
        "performer": [
          {
            "reference": "Practitioner/Practitioner-2528",
            "display": "Tanya Sally Wheeler MD"
          }
        ],
        "valueString": "NEGATIVE"
      },
      "request": {
        "method": "PUT",
        "url": "http://localhost:8080/cqf-ruler/baseDstu3/Observation/Observation-21725"
      }
    },
    {
      "resource": {
        "resourceType": "DiagnosticReport",
        "id": "DiagnosticReport-21726",
        "status": "final",
        "code": {
          "coding": [
            {
              "system": "http://loinc.org",
              "code": "24610-8",
              "display": "Breast Mammogram limited"
            }
          ]
        },
        "subject": {
          "reference": "Patient/Patient-6491",
          "display": "Rosa Bullock Berg"
        },
        "context": {
          "reference": "Encounter/Encounter-260",
          "display": "McKinley Health Center"
        },
        "effectivePeriod": {
          "start": "2018-06-11T09:36:36-04:00",
          "end": "2018-06-11T09:36:36-04:00"
        },
        "result": [
          {
            "reference": "Observation/Observation-21725",
            "display": "No_Cancer_Detected"
          }
        ]
      },
      "request": {
        "method": "PUT",
        "url": "http://localhost:8080/cqf-ruler/baseDstu3/DiagnosticReport/DiagnosticReport-21726"
      }
    },
    {
      "resource": {
        "resourceType": "Observation",
        "id": "Observation-21727",
        "status": "final",
        "category": [
          {
            "coding": [
              {
                "system": "http://hl7.org/fhir/observation-category",
                "code": "vital-signs",
                "display": "vital-signs"
              }
            ]
          }
        ],
        "code": {
          "coding": [
            {
              "system": "http://loinc.org",
              "code": "8716-3",
              "display": "Vital Signs Panel"
            }
          ]
        },
        "subject": {
          "reference": "Patient/Patient-6491",
          "display": "Rosa Bullock Berg"
        },
        "context": {
          "reference": "Encounter/Encounter-260",
          "display": "McKinley Health Center"
        },
        "effectivePeriod": {
          "start": "2018-06-11T09:36:36-04:00",
          "end": "2018-06-11T09:36:36-04:00"
        },
        "valueQuantity": {
          "value": 116.70841484636932,
          "unit": "mmHg"
        },
        "component": [
          {
            "code": {
              "coding": [
                {
                  "system": "http://loinc.org",
                  "code": "8302-2",
                  "display": "Height"
                }
              ]
            }
          },
          {
            "code": {
              "coding": [
                {
                  "system": "http://loinc.org",
                  "code": "29463-7",
                  "display": "Weight"
                }
              ]
            }
          },
          {
            "code": {
              "coding": [
                {
                  "system": "http://loinc.org",
                  "code": "39156-5",
                  "display": "BMI"
                }
              ]
            }
          },
          {
            "code": {
              "coding": [
                {
                  "system": "http://loinc.org",
                  "code": "8310-5",
                  "display": "Temperature"
                }
              ]
            }
          },
          {
            "code": {
              "coding": [
                {
                  "system": "http://loinc.org",
                  "code": "8459-0",
                  "display": "Systolic Blood Pressure"
                }
              ]
            }
          },
          {
            "code": {
              "coding": [
                {
                  "system": "http://loinc.org",
                  "code": "8453-3",
                  "display": "Diastolic Blood Pressure"
                }
              ]
            }
          }
        ]
      },
      "request": {
        "method": "PUT",
        "url": "http://localhost:8080/cqf-ruler/baseDstu3/Observation/Observation-21727"
      }
    }
  ]
}