{
  "resourceType": "Bundle",
  "type": "transaction",
  "entry": [
    {
      "resource": {
        "resourceType": "Encounter",
        "id": "Encounter-198",
        "status": "finished",
        "class": {
          "system": "http://hl7.org/fhir/encounter-class",
          "code": "other",
          "display": "Other"
        },
        "subject": {
          "reference": "Patient/Patient-6485",
          "display": "Catherine Reyes Herman"
        },
        "participant": [
          {
            "period": {
              "start": "2018-01-08T09:36:36-05:00",
              "end": "2018-01-08T09:36:36-05:00"
            },
            "individual": {
              "reference": "Practitioner/Practitioner-2522",
              "display": "Lois Jean Kent MD"
            }
          }
        ],
        "period": {
          "start": "2018-01-08T09:36:36-05:00",
          "end": "2018-01-08T09:36:36-05:00"
        },
        "location": [
          {
            "location": {
              "reference": "Location/Location-1101",
              "display": "McKinley Health Center"
            }
          }
        ],
        "serviceProvider": {
          "reference": "Organization/Organization-1101",
          "display": "McKinley Health Center"
        }
      },
      "request": {
        "method": "PUT",
        "url": "http://localhost:8080/cqf-ruler/baseDstu3/Encounter/Encounter-198"
      }
    },
    {
      "resource": {
        "resourceType": "Immunization",
        "id": "Immunization-462",
        "status": "completed",
        "notGiven": false,
        "vaccineCode": {
          "coding": [
            {
              "system": "http://hl7.org/fhir/sid/cvx",
              "code": "140",
              "display": "Influenza, seasonal, injectable, preservative free"
            }
          ]
        },
        "patient": {
          "reference": "Patient/Patient-6485",
          "display": "Catherine Reyes Herman"
        },
        "date": "2018-01-02T08:36:36-05:00",
        "primarySource": true,
        "location": {
          "reference": "Location/Location-1101",
          "display": "McKinley Health Center"
        },
        "practitioner": [
          {
            "actor": {
              "reference": "Practitioner/Practitioner-2522",
              "display": "Lois Jean Kent MD"
            }
          }
        ]
      },
      "request": {
        "method": "PUT",
        "url": "http://localhost:8080/cqf-ruler/baseDstu3/Immunization/Immunization-462"
      }
    },
    {
      "resource": {
        "resourceType": "Immunization",
        "id": "Immunization-463",
        "status": "completed",
        "notGiven": false,
        "vaccineCode": {
          "coding": [
            {
              "system": "http://hl7.org/fhir/sid/cvx",
              "code": "114",
              "display": "meningococcal MCV4P"
            }
          ]
        },
        "patient": {
          "reference": "Patient/Patient-6485",
          "display": "Catherine Reyes Herman"
        },
        "date": "2018-01-02T08:36:36-05:00",
        "primarySource": true,
        "location": {
          "reference": "Location/Location-1101",
          "display": "McKinley Health Center"
        },
        "practitioner": [
          {
            "actor": {
              "reference": "Practitioner/Practitioner-2522",
              "display": "Lois Jean Kent MD"
            }
          }
        ]
      },
      "request": {
        "method": "PUT",
        "url": "http://localhost:8080/cqf-ruler/baseDstu3/Immunization/Immunization-463"
      }
    },
    {
      "resource": {
        "resourceType": "Observation",
        "id": "Observation-9485",
        "status": "final",
        "code": {
          "coding": [
            {
              "system": "http://loinc.org",
              "code": "8480-6",
              "display": "Systolic blood pressure"
            }
          ]
        },
        "subject": {
          "reference": "Patient/Patient-6485",
          "display": "Catherine Reyes Herman"
        },
        "context": {
          "reference": "Encounter/Encounter-198",
          "display": "McKinley Health Center"
        },
        "effectiveDateTime": "2018-01-08T09:36:36-05:00",
        "performer": [
          {
            "reference": "Practitioner/Practitioner-2522",
            "display": "Lois Jean Kent MD"
          }
        ],
        "valueQuantity": {
          "value": 151.49814923519008,
          "unit": "mmHg"
        }
      },
      "request": {
        "method": "PUT",
        "url": "http://localhost:8080/cqf-ruler/baseDstu3/Observation/Observation-9485"
      }
    },
    {
      "resource": {
        "resourceType": "Observation",
        "id": "Observation-9486",
        "status": "final",
        "code": {
          "coding": [
            {
              "system": "http://loinc.org",
              "code": "8462-4",
              "display": "Diastolic blood pressure"
            }
          ]
        },
        "subject": {
          "reference": "Patient/Patient-6485",
          "display": "Catherine Reyes Herman"
        },
        "context": {
          "reference": "Encounter/Encounter-198",
          "display": "McKinley Health Center"
        },
        "effectiveDateTime": "2018-01-08T09:36:36-05:00",
        "performer": [
          {
            "reference": "Practitioner/Practitioner-2522",
            "display": "Lois Jean Kent MD"
          }
        ],
        "valueQuantity": {
          "value": 87.84602708374396,
          "unit": "mmHg"
        }
      },
      "request": {
        "method": "PUT",
        "url": "http://localhost:8080/cqf-ruler/baseDstu3/Observation/Observation-9486"
      }
    },
    {
      "resource": {
        "resourceType": "Condition",
        "id": "Condition-9487",
        "clinicalStatus": "active",
        "verificationStatus": "confirmed",
        "code": {
          "coding": [
            {
              "system": "http://hl7.org/fhir/sid/icd-9-cm",
              "code": "401.1",
              "display": "Benign essential hypertension"
            }
          ]
        },
        "subject": {
          "reference": "Patient/Patient-6485",
          "display": "Catherine Reyes Herman"
        },
        "context": {
          "reference": "Encounter/Encounter-198",
          "display": "McKinley Health Center"
        },
        "onsetDateTime": "2018-01-08T09:36:36-05:00",
        "assertedDate": "2018-01-08T09:36:36-05:00",
        "asserter": {
          "reference": "Practitioner/Practitioner-2522",
          "display": "Lois Jean Kent MD"
        }
      },
      "request": {
        "method": "PUT",
        "url": "http://localhost:8080/cqf-ruler/baseDstu3/Condition/Condition-9487"
      }
    },
    {
      "resource": {
        "resourceType": "Observation",
        "id": "Observation-9488",
        "status": "final",
        "category": [
          {
            "coding": [
              {
                "system": "http://hl7.org/fhir/observation-category",
                "code": "vital-signs",
                "display": "vital-signs"
              }
            ]
          }
        ],
        "code": {
          "coding": [
            {
              "system": "http://loinc.org",
              "code": "8716-3",
              "display": "Vital Signs Panel"
            }
          ]
        },
        "subject": {
          "reference": "Patient/Patient-6485",
          "display": "Catherine Reyes Herman"
        },
        "context": {
          "reference": "Encounter/Encounter-198",
          "display": "McKinley Health Center"
        },
        "effectivePeriod": {
          "start": "2018-01-08T09:36:36-05:00",
          "end": "2018-01-08T09:36:36-05:00"
        },
        "valueQuantity": {
          "value": 87.84602708374396,
          "unit": "mmHg"
        },
        "component": [
          {
            "code": {
              "coding": [
                {
                  "system": "http://loinc.org",
                  "code": "8302-2",
                  "display": "Height"
                }
              ]
            }
          },
          {
            "code": {
              "coding": [
                {
                  "system": "http://loinc.org",
                  "code": "29463-7",
                  "display": "Weight"
                }
              ]
            }
          },
          {
            "code": {
              "coding": [
                {
                  "system": "http://loinc.org",
                  "code": "39156-5",
                  "display": "BMI"
                }
              ]
            }
          },
          {
            "code": {
              "coding": [
                {
                  "system": "http://loinc.org",
                  "code": "8310-5",
                  "display": "Temperature"
                }
              ]
            }
          },
          {
            "code": {
              "coding": [
                {
                  "system": "http://loinc.org",
                  "code": "8459-0",
                  "display": "Systolic Blood Pressure"
                }
              ]
            }
          },
          {
            "code": {
              "coding": [
                {
                  "system": "http://loinc.org",
                  "code": "8453-3",
                  "display": "Diastolic Blood Pressure"
                }
              ]
            }
          }
        ]
      },
      "request": {
        "method": "PUT",
        "url": "http://localhost:8080/cqf-ruler/baseDstu3/Observation/Observation-9488"
      }
    }
  ]
}