{
  "resourceType": "Bundle",
  "type": "transaction",
  "entry": [
    {
      "resource": {
        "resourceType": "Encounter",
        "id": "Encounter-585",
        "status": "finished",
        "class": {
          "system": "http://hl7.org/fhir/encounter-class",
          "code": "other",
          "display": "Other"
        },
        "subject": {
          "reference": "Patient/Patient-6487",
          "display": "Cassandra Graham Vasquez"
        },
        "participant": [
          {
            "period": {
              "start": "2021-12-27T09:36:36-05:00",
              "end": "2021-12-27T09:36:36-05:00"
            },
            "individual": {
              "reference": "Practitioner/Practitioner-2524",
              "display": "Willie Vincent Riddle MD"
            }
          }
        ],
        "period": {
          "start": "2021-12-27T09:36:36-05:00",
          "end": "2021-12-27T09:36:36-05:00"
        },
        "location": [
          {
            "location": {
              "reference": "Location/Location-1103",
              "display": "Acme Medical Center"
            }
          }
        ],
        "serviceProvider": {
          "reference": "Organization/Organization-1103",
          "display": "Acme Medical Center"
        }
      },
      "request": {
        "method": "PUT",
        "url": "http://localhost:8080/cqf-ruler/baseDstu3/Encounter/Encounter-585"
      }
    },
    {
      "resource": {
        "resourceType": "Immunization",
        "id": "Immunization-87422",
        "status": "completed",
        "notGiven": false,
        "vaccineCode": {
          "coding": [
            {
              "system": "http://hl7.org/fhir/sid/cvx",
              "code": "140",
              "display": "Influenza, seasonal, injectable, preservative free"
            }
          ]
        },
        "patient": {
          "reference": "Patient/Patient-6487",
          "display": "Cassandra Graham Vasquez"
        },
        "date": "2021-12-21T09:36:36-05:00",
        "primarySource": true,
        "location": {
          "reference": "Location/Location-1103",
          "display": "Acme Medical Center"
        },
        "practitioner": [
          {
            "actor": {
              "reference": "Practitioner/Practitioner-2524",
              "display": "Willie Vincent Riddle MD"
            }
          }
        ]
      },
      "request": {
        "method": "PUT",
        "url": "http://localhost:8080/cqf-ruler/baseDstu3/Immunization/Immunization-87422"
      }
    },
    {
      "resource": {
        "resourceType": "Procedure",
        "id": "Procedure-113479",
        "status": "completed",
        "code": {
          "coding": [
            {
              "system": "http://loinc.org",
              "code": "2335-8",
              "display": "Hemoglobin.gastrointestinal [Presence] in Stool"
            }
          ]
        },
        "subject": {
          "reference": "Patient/Patient-6487",
          "display": "Cassandra Graham Vasquez"
        },
        "context": {
          "reference": "Encounter/Encounter-585",
          "display": "Acme Medical Center"
        },
        "performedPeriod": {
          "start": "2021-12-27T09:36:36-05:00",
          "end": "2021-12-27T09:36:36-05:00"
        },
        "performer": [
          {
            "actor": {
              "reference": "Practitioner/Practitioner-2524",
              "display": "Willie Vincent Riddle MD"
            }
          }
        ],
        "location": {
          "reference": "Location/Location-1103",
          "display": "Acme Medical Center"
        }
      },
      "request": {
        "method": "PUT",
        "url": "http://localhost:8080/cqf-ruler/baseDstu3/Procedure/Procedure-113479"
      }
    },
    {
      "resource": {
        "resourceType": "Observation",
        "id": "Observation-113480",
        "status": "final",
        "code": {
          "coding": [
            {
              "system": "http://loinc.org",
              "code": "12504-7",
              "display": "Hemoglobin.gastrointestinal [Presence] in Stool --5th specimen"
            }
          ]
        },
        "subject": {
          "reference": "Patient/Patient-6487",
          "display": "Cassandra Graham Vasquez"
        },
        "context": {
          "reference": "Encounter/Encounter-585",
          "display": "Acme Medical Center"
        },
        "effectiveDateTime": "2021-12-27T09:36:36-05:00",
        "performer": [
          {
            "reference": "Practitioner/Practitioner-2524",
            "display": "Willie Vincent Riddle MD"
          }
        ],
        "valueString": "NEGATIVE"
      },
      "request": {
        "method": "PUT",
        "url": "http://localhost:8080/cqf-ruler/baseDstu3/Observation/Observation-113480"
      }
    },
    {
      "resource": {
        "resourceType": "Observation",
        "id": "Observation-113481",
        "status": "final",
        "code": {
          "coding": [
            {
              "system": "http://loinc.org",
              "code": "8480-6",
              "display": "Systolic blood pressure"
            }
          ]
        },
        "subject": {
          "reference": "Patient/Patient-6487",
          "display": "Cassandra Graham Vasquez"
        },
        "context": {
          "reference": "Encounter/Encounter-585",
          "display": "Acme Medical Center"
        },
        "effectiveDateTime": "2021-12-27T09:36:36-05:00",
        "performer": [
          {
            "reference": "Practitioner/Practitioner-2524",
            "display": "Willie Vincent Riddle MD"
          }
        ],
        "valueQuantity": {
          "value": 159.51172536834935,
          "unit": "mmHg"
        }
      },
      "request": {
        "method": "PUT",
        "url": "http://localhost:8080/cqf-ruler/baseDstu3/Observation/Observation-113481"
      }
    },
    {
      "resource": {
        "resourceType": "Observation",
        "id": "Observation-113482",
        "status": "final",
        "code": {
          "coding": [
            {
              "system": "http://loinc.org",
              "code": "8462-4",
              "display": "Diastolic blood pressure"
            }
          ]
        },
        "subject": {
          "reference": "Patient/Patient-6487",
          "display": "Cassandra Graham Vasquez"
        },
        "context": {
          "reference": "Encounter/Encounter-585",
          "display": "Acme Medical Center"
        },
        "effectiveDateTime": "2021-12-27T09:36:36-05:00",
        "performer": [
          {
            "reference": "Practitioner/Practitioner-2524",
            "display": "Willie Vincent Riddle MD"
          }
        ],
        "valueQuantity": {
          "value": 90.89710264935863,
          "unit": "mmHg"
        }
      },
      "request": {
        "method": "PUT",
        "url": "http://localhost:8080/cqf-ruler/baseDstu3/Observation/Observation-113482"
      }
    },
    {
      "resource": {
        "resourceType": "Condition",
        "id": "Condition-113483",
        "clinicalStatus": "active",
        "verificationStatus": "confirmed",
        "code": {
          "coding": [
            {
              "system": "http://hl7.org/fhir/sid/icd-10-us",
              "code": "I10",
              "display": "Essential (primary) hypertension"
            }
          ]
        },
        "subject": {
          "reference": "Patient/Patient-6487",
          "display": "Cassandra Graham Vasquez"
        },
        "context": {
          "reference": "Encounter/Encounter-585",
          "display": "Acme Medical Center"
        },
        "onsetDateTime": "2021-12-27T09:36:36-05:00",
        "assertedDate": "2021-12-27T09:36:36-05:00",
        "asserter": {
          "reference": "Practitioner/Practitioner-2524",
          "display": "Willie Vincent Riddle MD"
        }
      },
      "request": {
        "method": "PUT",
        "url": "http://localhost:8080/cqf-ruler/baseDstu3/Condition/Condition-113483"
      }
    },
    {
      "resource": {
        "resourceType": "Observation",
        "id": "Observation-113484",
        "status": "final",
        "category": [
          {
            "coding": [
              {
                "system": "http://hl7.org/fhir/observation-category",
                "code": "vital-signs",
                "display": "vital-signs"
              }
            ]
          }
        ],
        "code": {
          "coding": [
            {
              "system": "http://loinc.org",
              "code": "8716-3",
              "display": "Vital Signs Panel"
            }
          ]
        },
        "subject": {
          "reference": "Patient/Patient-6487",
          "display": "Cassandra Graham Vasquez"
        },
        "context": {
          "reference": "Encounter/Encounter-585",
          "display": "Acme Medical Center"
        },
        "effectivePeriod": {
          "start": "2021-12-27T09:36:36-05:00",
          "end": "2021-12-27T09:36:36-05:00"
        },
        "valueQuantity": {
          "value": 90.89710264935863,
          "unit": "mmHg"
        },
        "component": [
          {
            "code": {
              "coding": [
                {
                  "system": "http://loinc.org",
                  "code": "8302-2",
                  "display": "Height"
                }
              ]
            }
          },
          {
            "code": {
              "coding": [
                {
                  "system": "http://loinc.org",
                  "code": "29463-7",
                  "display": "Weight"
                }
              ]
            }
          },
          {
            "code": {
              "coding": [
                {
                  "system": "http://loinc.org",
                  "code": "39156-5",
                  "display": "BMI"
                }
              ]
            }
          },
          {
            "code": {
              "coding": [
                {
                  "system": "http://loinc.org",
                  "code": "8310-5",
                  "display": "Temperature"
                }
              ]
            }
          },
          {
            "code": {
              "coding": [
                {
                  "system": "http://loinc.org",
                  "code": "8459-0",
                  "display": "Systolic Blood Pressure"
                }
              ]
            }
          },
          {
            "code": {
              "coding": [
                {
                  "system": "http://loinc.org",
                  "code": "8453-3",
                  "display": "Diastolic Blood Pressure"
                }
              ]
            }
          }
        ]
      },
      "request": {
        "method": "PUT",
        "url": "http://localhost:8080/cqf-ruler/baseDstu3/Observation/Observation-113484"
      }
    }
  ]
}