{
  "resourceType": "Bundle",
  "type": "transaction",
  "entry": [
    {
      "resource": {
        "resourceType": "Encounter",
        "id": "Encounter-189",
        "status": "finished",
        "class": {
          "system": "http://hl7.org/fhir/encounter-class",
          "code": "other",
          "display": "Other"
        },
        "subject": {
          "reference": "Patient/Patient-6516",
          "display": "April Rhodes Nielsen"
        },
        "participant": [
          {
            "period": {
              "start": "2018-08-13T09:36:36-04:00",
              "end": "2018-08-13T09:36:36-04:00"
            },
            "individual": {
              "reference": "Practitioner/Practitioner-2533",
              "display": "Lena Dickerson Ballard MD"
            }
          }
        ],
        "period": {
          "start": "2018-08-13T09:36:36-04:00",
          "end": "2018-08-13T09:36:36-04:00"
        },
        "location": [
          {
            "location": {
              "reference": "Location/Location-1106",
              "display": "Cranston Family Medical"
            }
          }
        ],
        "serviceProvider": {
          "reference": "Organization/Organization-1106",
          "display": "Cranston Family Medical"
        }
      },
      "request": {
        "method": "PUT",
        "url": "http://localhost:8080/cqf-ruler/baseDstu3/Encounter/Encounter-189"
      }
    },
    {
      "resource": {
        "resourceType": "Immunization",
        "id": "Immunization-234",
        "status": "completed",
        "notGiven": false,
        "vaccineCode": {
          "coding": [
            {
              "system": "http://hl7.org/fhir/sid/cvx",
              "code": "140",
              "display": "Influenza, seasonal, injectable, preservative free"
            }
          ]
        },
        "patient": {
          "reference": "Patient/Patient-6516",
          "display": "April Rhodes Nielsen"
        },
        "date": "2018-08-07T09:36:36-04:00",
        "primarySource": true,
        "location": {
          "reference": "Location/Location-1106",
          "display": "Cranston Family Medical"
        },
        "practitioner": [
          {
            "actor": {
              "reference": "Practitioner/Practitioner-2533",
              "display": "Lena Dickerson Ballard MD"
            }
          }
        ]
      },
      "request": {
        "method": "PUT",
        "url": "http://localhost:8080/cqf-ruler/baseDstu3/Immunization/Immunization-234"
      }
    },
    {
      "resource": {
        "resourceType": "Immunization",
        "id": "Immunization-235",
        "status": "completed",
        "notGiven": false,
        "vaccineCode": {
          "coding": [
            {
              "system": "http://hl7.org/fhir/sid/cvx",
              "code": "113",
              "display": "Td (adult) preservative free"
            }
          ]
        },
        "patient": {
          "reference": "Patient/Patient-6516",
          "display": "April Rhodes Nielsen"
        },
        "date": "2018-08-07T09:36:36-04:00",
        "primarySource": true,
        "location": {
          "reference": "Location/Location-1106",
          "display": "Cranston Family Medical"
        },
        "practitioner": [
          {
            "actor": {
              "reference": "Practitioner/Practitioner-2533",
              "display": "Lena Dickerson Ballard MD"
            }
          }
        ]
      },
      "request": {
        "method": "PUT",
        "url": "http://localhost:8080/cqf-ruler/baseDstu3/Immunization/Immunization-235"
      }
    },
    {
      "resource": {
        "resourceType": "Procedure",
        "id": "Procedure-26502",
        "status": "completed",
        "code": {
          "coding": [
            {
              "system": "http://loinc.org",
              "code": "56490-6",
              "display": "Hemoglobin.gastrointestinal [Presence] in Stool by Immunologic method --2nd specimen"
            }
          ]
        },
        "subject": {
          "reference": "Patient/Patient-6516",
          "display": "April Rhodes Nielsen"
        },
        "context": {
          "reference": "Encounter/Encounter-189",
          "display": "Cranston Family Medical"
        },
        "performedPeriod": {
          "start": "2018-08-13T09:36:36-04:00",
          "end": "2018-08-13T09:36:36-04:00"
        },
        "performer": [
          {
            "actor": {
              "reference": "Practitioner/Practitioner-2533",
              "display": "Lena Dickerson Ballard MD"
            }
          }
        ],
        "location": {
          "reference": "Location/Location-1106",
          "display": "Cranston Family Medical"
        }
      },
      "request": {
        "method": "PUT",
        "url": "http://localhost:8080/cqf-ruler/baseDstu3/Procedure/Procedure-26502"
      }
    },
    {
      "resource": {
        "resourceType": "Observation",
        "id": "Observation-26503",
        "status": "final",
        "code": {
          "coding": [
            {
              "system": "http://loinc.org",
              "code": "56490-6",
              "display": "Hemoglobin.gastrointestinal [Presence] in Stool by Immunologic method --2nd specimen"
            }
          ]
        },
        "subject": {
          "reference": "Patient/Patient-6516",
          "display": "April Rhodes Nielsen"
        },
        "context": {
          "reference": "Encounter/Encounter-189",
          "display": "Cranston Family Medical"
        },
        "effectiveDateTime": "2018-08-13T09:36:36-04:00",
        "performer": [
          {
            "reference": "Practitioner/Practitioner-2533",
            "display": "Lena Dickerson Ballard MD"
          }
        ],
        "valueString": "POSITIVE"
      },
      "request": {
        "method": "PUT",
        "url": "http://localhost:8080/cqf-ruler/baseDstu3/Observation/Observation-26503"
      }
    },
    {
      "resource": {
        "resourceType": "Observation",
        "id": "Observation-26504",
        "status": "final",
        "code": {
          "coding": [
            {
              "system": "http://loinc.org",
              "code": "8480-6",
              "display": "Systolic blood pressure"
            }
          ]
        },
        "subject": {
          "reference": "Patient/Patient-6516",
          "display": "April Rhodes Nielsen"
        },
        "context": {
          "reference": "Encounter/Encounter-189",
          "display": "Cranston Family Medical"
        },
        "effectiveDateTime": "2018-08-13T09:36:36-04:00",
        "performer": [
          {
            "reference": "Practitioner/Practitioner-2533",
            "display": "Lena Dickerson Ballard MD"
          }
        ],
        "valueQuantity": {
          "value": 122.01322600957877,
          "unit": "mmHg"
        }
      },
      "request": {
        "method": "PUT",
        "url": "http://localhost:8080/cqf-ruler/baseDstu3/Observation/Observation-26504"
      }
    },
    {
      "resource": {
        "resourceType": "Observation",
        "id": "Observation-26505",
        "status": "final",
        "code": {
          "coding": [
            {
              "system": "http://loinc.org",
              "code": "8462-4",
              "display": "Diastolic blood pressure"
            }
          ]
        },
        "subject": {
          "reference": "Patient/Patient-6516",
          "display": "April Rhodes Nielsen"
        },
        "context": {
          "reference": "Encounter/Encounter-189",
          "display": "Cranston Family Medical"
        },
        "effectiveDateTime": "2018-08-13T09:36:36-04:00",
        "performer": [
          {
            "reference": "Practitioner/Practitioner-2533",
            "display": "Lena Dickerson Ballard MD"
          }
        ],
        "valueQuantity": {
          "value": 111.24342931754211,
          "unit": "mmHg"
        }
      },
      "request": {
        "method": "PUT",
        "url": "http://localhost:8080/cqf-ruler/baseDstu3/Observation/Observation-26505"
      }
    },
    {
      "resource": {
        "resourceType": "Condition",
        "id": "Condition-26506",
        "clinicalStatus": "active",
        "verificationStatus": "confirmed",
        "code": {
          "coding": [
            {
              "system": "http://snomed.info/sct",
              "code": "48146000",
              "display": "Diastolic hypertension"
            }
          ]
        },
        "subject": {
          "reference": "Patient/Patient-6516",
          "display": "April Rhodes Nielsen"
        },
        "context": {
          "reference": "Encounter/Encounter-189",
          "display": "Cranston Family Medical"
        },
        "onsetDateTime": "2018-08-13T09:36:36-04:00",
        "assertedDate": "2018-08-13T09:36:36-04:00",
        "asserter": {
          "reference": "Practitioner/Practitioner-2533",
          "display": "Lena Dickerson Ballard MD"
        }
      },
      "request": {
        "method": "PUT",
        "url": "http://localhost:8080/cqf-ruler/baseDstu3/Condition/Condition-26506"
      }
    },
    {
      "resource": {
        "resourceType": "Procedure",
        "id": "Procedure-26507",
        "status": "completed",
        "code": {
          "coding": [
            {
              "system": "http://snomed.info/sct",
              "code": "43204002",
              "display": "Bilateral mammography (procedure)"
            }
          ]
        },
        "subject": {
          "reference": "Patient/Patient-6516",
          "display": "April Rhodes Nielsen"
        },
        "context": {
          "reference": "Encounter/Encounter-189",
          "display": "Cranston Family Medical"
        },
        "performedPeriod": {
          "start": "2018-08-13T09:36:36-04:00",
          "end": "2018-08-13T09:36:36-04:00"
        },
        "performer": [
          {
            "actor": {
              "reference": "Practitioner/Practitioner-2533",
              "display": "Lena Dickerson Ballard MD"
            }
          }
        ],
        "location": {
          "reference": "Location/Location-1106",
          "display": "Cranston Family Medical"
        }
      },
      "request": {
        "method": "PUT",
        "url": "http://localhost:8080/cqf-ruler/baseDstu3/Procedure/Procedure-26507"
      }
    },
    {
      "resource": {
        "resourceType": "Observation",
        "id": "Observation-26508",
        "status": "final",
        "code": {
          "coding": [
            {
              "system": "http://snomed.info/sct",
              "code": "168749009",
              "display": "Mammography normal (finding)"
            }
          ]
        },
        "subject": {
          "reference": "Patient/Patient-6516",
          "display": "April Rhodes Nielsen"
        },
        "context": {
          "reference": "Encounter/Encounter-189",
          "display": "Cranston Family Medical"
        },
        "effectiveDateTime": "2018-08-13T09:36:36-04:00",
        "performer": [
          {
            "reference": "Practitioner/Practitioner-2533",
            "display": "Lena Dickerson Ballard MD"
          }
        ],
        "valueString": "NEGATIVE"
      },
      "request": {
        "method": "PUT",
        "url": "http://localhost:8080/cqf-ruler/baseDstu3/Observation/Observation-26508"
      }
    },
    {
      "resource": {
        "resourceType": "DiagnosticReport",
        "id": "DiagnosticReport-26509",
        "status": "final",
        "code": {
          "coding": [
            {
              "system": "http://loinc.org",
              "code": "39150-8",
              "display": "Breast FFD mammogram Post Localization"
            }
          ]
        },
        "subject": {
          "reference": "Patient/Patient-6516",
          "display": "April Rhodes Nielsen"
        },
        "context": {
          "reference": "Encounter/Encounter-189",
          "display": "Cranston Family Medical"
        },
        "effectivePeriod": {
          "start": "2018-08-13T09:36:36-04:00",
          "end": "2018-08-13T09:36:36-04:00"
        },
        "result": [
          {
            "reference": "Observation/Observation-26508",
            "display": "No_Cancer_Detected"
          }
        ]
      },
      "request": {
        "method": "PUT",
        "url": "http://localhost:8080/cqf-ruler/baseDstu3/DiagnosticReport/DiagnosticReport-26509"
      }
    },
    {
      "resource": {
        "resourceType": "Procedure",
        "id": "Procedure-26510",
        "status": "completed",
        "code": {
          "coding": [
            {
              "system": "http://loinc.org",
              "code": "19774-9",
              "display": "Cytology study comment Cervical or vaginal smear or scraping Cyto stain"
            }
          ]
        },
        "subject": {
          "reference": "Patient/Patient-6516",
          "display": "April Rhodes Nielsen"
        },
        "context": {
          "reference": "Encounter/Encounter-189",
          "display": "Cranston Family Medical"
        },
        "performedPeriod": {
          "start": "2018-08-13T09:36:36-04:00",
          "end": "2018-08-13T09:36:36-04:00"
        },
        "performer": [
          {
            "actor": {
              "reference": "Practitioner/Practitioner-2533",
              "display": "Lena Dickerson Ballard MD"
            }
          }
        ],
        "location": {
          "reference": "Location/Location-1106",
          "display": "Cranston Family Medical"
        }
      },
      "request": {
        "method": "PUT",
        "url": "http://localhost:8080/cqf-ruler/baseDstu3/Procedure/Procedure-26510"
      }
    },
    {
      "resource": {
        "resourceType": "Observation",
        "id": "Observation-26511",
        "status": "final",
        "code": {
          "coding": [
            {
              "system": "http://snomed.info/sct",
              "code": "289829007",
              "display": "Normal uterine cervix (finding)"
            }
          ]
        },
        "subject": {
          "reference": "Patient/Patient-6516",
          "display": "April Rhodes Nielsen"
        },
        "context": {
          "reference": "Encounter/Encounter-189",
          "display": "Cranston Family Medical"
        },
        "effectiveDateTime": "2018-08-13T09:36:36-04:00",
        "performer": [
          {
            "reference": "Practitioner/Practitioner-2533",
            "display": "Lena Dickerson Ballard MD"
          }
        ],
        "valueString": "NEGATIVE"
      },
      "request": {
        "method": "PUT",
        "url": "http://localhost:8080/cqf-ruler/baseDstu3/Observation/Observation-26511"
      }
    },
    {
      "resource": {
        "resourceType": "DiagnosticReport",
        "id": "DiagnosticReport-26512",
        "status": "final",
        "code": {
          "coding": [
            {
              "system": "http://loinc.org",
              "code": "38091-5",
              "display": "Breast - left Mammogram W air"
            }
          ]
        },
        "subject": {
          "reference": "Patient/Patient-6516",
          "display": "April Rhodes Nielsen"
        },
        "context": {
          "reference": "Encounter/Encounter-189",
          "display": "Cranston Family Medical"
        },
        "effectivePeriod": {
          "start": "2018-08-13T09:36:36-04:00",
          "end": "2018-08-13T09:36:36-04:00"
        },
        "result": [
          {
            "reference": "Observation/Observation-26511",
            "display": "No_Cancer_Detected"
          }
        ]
      },
      "request": {
        "method": "PUT",
        "url": "http://localhost:8080/cqf-ruler/baseDstu3/DiagnosticReport/DiagnosticReport-26512"
      }
    },
    {
      "resource": {
        "resourceType": "Observation",
        "id": "Observation-26513",
        "status": "final",
        "category": [
          {
            "coding": [
              {
                "system": "http://hl7.org/fhir/observation-category",
                "code": "vital-signs",
                "display": "vital-signs"
              }
            ]
          }
        ],
        "code": {
          "coding": [
            {
              "system": "http://loinc.org",
              "code": "8716-3",
              "display": "Vital Signs Panel"
            }
          ]
        },
        "subject": {
          "reference": "Patient/Patient-6516",
          "display": "April Rhodes Nielsen"
        },
        "context": {
          "reference": "Encounter/Encounter-189",
          "display": "Cranston Family Medical"
        },
        "effectivePeriod": {
          "start": "2018-08-13T09:36:36-04:00",
          "end": "2018-08-13T09:36:36-04:00"
        },
        "valueQuantity": {
          "value": 111.24342931754211,
          "unit": "mmHg"
        },
        "component": [
          {
            "code": {
              "coding": [
                {
                  "system": "http://loinc.org",
                  "code": "8302-2",
                  "display": "Height"
                }
              ]
            }
          },
          {
            "code": {
              "coding": [
                {
                  "system": "http://loinc.org",
                  "code": "29463-7",
                  "display": "Weight"
                }
              ]
            }
          },
          {
            "code": {
              "coding": [
                {
                  "system": "http://loinc.org",
                  "code": "39156-5",
                  "display": "BMI"
                }
              ]
            }
          },
          {
            "code": {
              "coding": [
                {
                  "system": "http://loinc.org",
                  "code": "8310-5",
                  "display": "Temperature"
                }
              ]
            }
          },
          {
            "code": {
              "coding": [
                {
                  "system": "http://loinc.org",
                  "code": "8459-0",
                  "display": "Systolic Blood Pressure"
                }
              ]
            }
          },
          {
            "code": {
              "coding": [
                {
                  "system": "http://loinc.org",
                  "code": "8453-3",
                  "display": "Diastolic Blood Pressure"
                }
              ]
            }
          }
        ]
      },
      "request": {
        "method": "PUT",
        "url": "http://localhost:8080/cqf-ruler/baseDstu3/Observation/Observation-26513"
      }
    }
  ]
}