{
  "resourceType": "Bundle",
  "type": "transaction",
  "entry": [
    {
      "resource": {
        "resourceType": "Encounter",
        "id": "Encounter-587",
        "status": "finished",
        "class": {
          "system": "http://hl7.org/fhir/encounter-class",
          "code": "other",
          "display": "Other"
        },
        "subject": {
          "reference": "Patient/Patient-6487",
          "display": "Cassandra Graham Vasquez"
        },
        "participant": [
          {
            "period": {
              "start": "2020-12-29T09:36:36-05:00",
              "end": "2021-01-04T09:36:36-05:00"
            },
            "individual": {
              "reference": "Practitioner/Practitioner-2524",
              "display": "Willie Vincent Riddle MD"
            }
          }
        ],
        "period": {
          "start": "2020-12-29T09:36:36-05:00",
          "end": "2021-01-04T09:36:36-05:00"
        },
        "location": [
          {
            "location": {
              "reference": "Location/Location-1103",
              "display": "Acme Medical Center"
            }
          }
        ],
        "serviceProvider": {
          "reference": "Organization/Organization-1103",
          "display": "Acme Medical Center"
        }
      },
      "request": {
        "method": "PUT",
        "url": "http://localhost:8080/cqf-ruler/baseDstu3/Encounter/Encounter-587"
      }
    },
    {
      "resource": {
        "resourceType": "Procedure",
        "id": "Procedure-87794",
        "status": "completed",
        "code": {
          "coding": [
            {
              "system": "http://snomed.info/sct",
              "code": "17086001",
              "display": "Modified radical mastectomy, bilateral (procedure)"
            }
          ]
        },
        "subject": {
          "reference": "Patient/Patient-6487",
          "display": "Cassandra Graham Vasquez"
        },
        "context": {
          "reference": "Encounter/Encounter-587",
          "display": "Acme Medical Center"
        },
        "performedPeriod": {
          "start": "2020-12-29T09:36:36-05:00",
          "end": "2020-12-29T09:36:36-05:00"
        },
        "performer": [
          {
            "actor": {
              "reference": "Practitioner/Practitioner-2524",
              "display": "Willie Vincent Riddle MD"
            }
          }
        ],
        "location": {
          "reference": "Location/Location-1103",
          "display": "Acme Medical Center"
        }
      },
      "request": {
        "method": "PUT",
        "url": "http://localhost:8080/cqf-ruler/baseDstu3/Procedure/Procedure-87794"
      }
    },
    {
      "resource": {
        "resourceType": "Observation",
        "id": "Observation-87796",
        "status": "final",
        "category": [
          {
            "coding": [
              {
                "system": "http://hl7.org/fhir/observation-category",
                "code": "vital-signs",
                "display": "vital-signs"
              }
            ]
          }
        ],
        "code": {
          "coding": [
            {
              "system": "http://loinc.org",
              "code": "8716-3",
              "display": "Vital Signs Panel"
            }
          ]
        },
        "subject": {
          "reference": "Patient/Patient-6487",
          "display": "Cassandra Graham Vasquez"
        },
        "context": {
          "reference": "Encounter/Encounter-587",
          "display": "Acme Medical Center"
        },
        "effectivePeriod": {
          "start": "2021-01-04T09:36:36-05:00",
          "end": "2021-01-04T09:36:36-05:00"
        },
        "valueQuantity": {
          "value": 103.5285398780812,
          "unit": "mmHg"
        },
        "component": [
          {
            "code": {
              "coding": [
                {
                  "system": "http://loinc.org",
                  "code": "8302-2",
                  "display": "Height"
                }
              ]
            }
          },
          {
            "code": {
              "coding": [
                {
                  "system": "http://loinc.org",
                  "code": "29463-7",
                  "display": "Weight"
                }
              ]
            }
          },
          {
            "code": {
              "coding": [
                {
                  "system": "http://loinc.org",
                  "code": "39156-5",
                  "display": "BMI"
                }
              ]
            }
          },
          {
            "code": {
              "coding": [
                {
                  "system": "http://loinc.org",
                  "code": "8310-5",
                  "display": "Temperature"
                }
              ]
            }
          },
          {
            "code": {
              "coding": [
                {
                  "system": "http://loinc.org",
                  "code": "8459-0",
                  "display": "Systolic Blood Pressure"
                }
              ]
            }
          },
          {
            "code": {
              "coding": [
                {
                  "system": "http://loinc.org",
                  "code": "8453-3",
                  "display": "Diastolic Blood Pressure"
                }
              ]
            }
          }
        ]
      },
      "request": {
        "method": "PUT",
        "url": "http://localhost:8080/cqf-ruler/baseDstu3/Observation/Observation-87796"
      }
    }
  ]
}