{
  "resourceType": "Bundle",
  "type": "transaction",
  "entry": [
    {
      "resource": {
        "resourceType": "Encounter",
        "id": "Encounter-603",
        "status": "finished",
        "class": {
          "system": "http://hl7.org/fhir/encounter-class",
          "code": "other",
          "display": "Other"
        },
        "subject": {
          "reference": "Patient/Patient-6551",
          "display": "Darrell Shaffer Riggs"
        },
        "participant": [
          {
            "period": {
              "start": "2021-02-16T09:36:36-05:00",
              "end": "2021-02-22T09:36:36-05:00"
            },
            "individual": {
              "reference": "Practitioner/Practitioner-2524",
              "display": "Willie Vincent Riddle MD"
            }
          }
        ],
        "period": {
          "start": "2021-02-16T09:36:36-05:00",
          "end": "2021-02-22T09:36:36-05:00"
        },
        "location": [
          {
            "location": {
              "reference": "Location/Location-1001",
              "display": "Windward General Hospital"
            }
          }
        ],
        "serviceProvider": {
          "reference": "Organization/Organization-1001",
          "display": "Windward General Hospital"
        }
      },
      "request": {
        "method": "PUT",
        "url": "http://localhost:8080/cqf-ruler/baseDstu3/Encounter/Encounter-603"
      }
    },
    {
      "resource": {
        "resourceType": "Procedure",
        "id": "Procedure-91769",
        "status": "completed",
        "code": {
          "coding": [
            {
              "system": "http://www.ama-assn.org/go/cpt",
              "code": "44403",
              "display": "Colonoscopy through stoma; with endoscopic mucosal resection"
            }
          ]
        },
        "subject": {
          "reference": "Patient/Patient-6551",
          "display": "Darrell Shaffer Riggs"
        },
        "context": {
          "reference": "Encounter/Encounter-603",
          "display": "Windward General Hospital"
        },
        "performedPeriod": {
          "start": "2021-02-16T09:36:36-05:00",
          "end": "2021-02-16T09:36:36-05:00"
        },
        "performer": [
          {
            "actor": {
              "reference": "Practitioner/Practitioner-2524",
              "display": "Willie Vincent Riddle MD"
            }
          }
        ],
        "location": {
          "reference": "Location/Location-1001",
          "display": "Windward General Hospital"
        }
      },
      "request": {
        "method": "PUT",
        "url": "http://localhost:8080/cqf-ruler/baseDstu3/Procedure/Procedure-91769"
      }
    },
    {
      "resource": {
        "resourceType": "Observation",
        "id": "Observation-91770",
        "status": "final",
        "code": {
          "coding": [
            {
              "system": "http://www.ama-assn.org/go/cpt",
              "code": "45387",
              "display": "Colonoscopy, flexible, proximal to splenic flexure; with transendoscopic stent placement (includes predilation)"
            }
          ]
        },
        "subject": {
          "reference": "Patient/Patient-6551",
          "display": "Darrell Shaffer Riggs"
        },
        "context": {
          "reference": "Encounter/Encounter-603",
          "display": "Windward General Hospital"
        },
        "effectiveDateTime": "2021-02-16T09:36:36-05:00",
        "performer": [
          {
            "reference": "Practitioner/Practitioner-2524",
            "display": "Willie Vincent Riddle MD"
          }
        ],
        "valueString": "NEGATIVE"
      },
      "request": {
        "method": "PUT",
        "url": "http://localhost:8080/cqf-ruler/baseDstu3/Observation/Observation-91770"
      }
    },
    {
      "resource": {
        "resourceType": "Observation",
        "id": "Observation-91772",
        "status": "final",
        "category": [
          {
            "coding": [
              {
                "system": "http://hl7.org/fhir/observation-category",
                "code": "vital-signs",
                "display": "vital-signs"
              }
            ]
          }
        ],
        "code": {
          "coding": [
            {
              "system": "http://loinc.org",
              "code": "8716-3",
              "display": "Vital Signs Panel"
            }
          ]
        },
        "subject": {
          "reference": "Patient/Patient-6551",
          "display": "Darrell Shaffer Riggs"
        },
        "context": {
          "reference": "Encounter/Encounter-603",
          "display": "Windward General Hospital"
        },
        "effectivePeriod": {
          "start": "2021-02-22T09:36:36-05:00",
          "end": "2021-02-22T09:36:36-05:00"
        },
        "valueQuantity": {
          "value": 115.2288602949504,
          "unit": "mmHg"
        },
        "component": [
          {
            "code": {
              "coding": [
                {
                  "system": "http://loinc.org",
                  "code": "8302-2",
                  "display": "Height"
                }
              ]
            }
          },
          {
            "code": {
              "coding": [
                {
                  "system": "http://loinc.org",
                  "code": "29463-7",
                  "display": "Weight"
                }
              ]
            }
          },
          {
            "code": {
              "coding": [
                {
                  "system": "http://loinc.org",
                  "code": "39156-5",
                  "display": "BMI"
                }
              ]
            }
          },
          {
            "code": {
              "coding": [
                {
                  "system": "http://loinc.org",
                  "code": "8310-5",
                  "display": "Temperature"
                }
              ]
            }
          },
          {
            "code": {
              "coding": [
                {
                  "system": "http://loinc.org",
                  "code": "8459-0",
                  "display": "Systolic Blood Pressure"
                }
              ]
            }
          },
          {
            "code": {
              "coding": [
                {
                  "system": "http://loinc.org",
                  "code": "8453-3",
                  "display": "Diastolic Blood Pressure"
                }
              ]
            }
          }
        ]
      },
      "request": {
        "method": "PUT",
        "url": "http://localhost:8080/cqf-ruler/baseDstu3/Observation/Observation-91772"
      }
    }
  ]
}