{
  "resourceType": "Bundle",
  "type": "transaction",
  "entry": [
    {
      "resource": {
        "resourceType": "Encounter",
        "id": "Encounter-302",
        "status": "finished",
        "class": {
          "system": "http://hl7.org/fhir/encounter-class",
          "code": "other",
          "display": "Other"
        },
        "subject": {
          "reference": "Patient/Patient-6531",
          "display": "Ruth Pamela Johnson"
        },
        "participant": [
          {
            "period": {
              "start": "2018-07-02T09:36:36-04:00",
              "end": "2018-07-02T09:36:36-04:00"
            },
            "individual": {
              "reference": "Practitioner/Practitioner-2528",
              "display": "Tanya Sally Wheeler MD"
            }
          }
        ],
        "period": {
          "start": "2018-07-02T09:36:36-04:00",
          "end": "2018-07-02T09:36:36-04:00"
        },
        "location": [
          {
            "location": {
              "reference": "Location/Location-1101",
              "display": "McKinley Health Center"
            }
          }
        ],
        "serviceProvider": {
          "reference": "Organization/Organization-1101",
          "display": "McKinley Health Center"
        }
      },
      "request": {
        "method": "PUT",
        "url": "http://localhost:8080/cqf-ruler/baseDstu3/Encounter/Encounter-302"
      }
    },
    {
      "resource": {
        "resourceType": "Immunization",
        "id": "Immunization-9063",
        "status": "completed",
        "notGiven": false,
        "vaccineCode": {
          "coding": [
            {
              "system": "http://hl7.org/fhir/sid/cvx",
              "code": "140",
              "display": "Influenza, seasonal, injectable, preservative free"
            }
          ]
        },
        "patient": {
          "reference": "Patient/Patient-6531",
          "display": "Ruth Pamela Johnson"
        },
        "date": "2018-06-25T22:36:36-04:00",
        "primarySource": true,
        "location": {
          "reference": "Location/Location-1101",
          "display": "McKinley Health Center"
        },
        "practitioner": [
          {
            "actor": {
              "reference": "Practitioner/Practitioner-2528",
              "display": "Tanya Sally Wheeler MD"
            }
          }
        ]
      },
      "request": {
        "method": "PUT",
        "url": "http://localhost:8080/cqf-ruler/baseDstu3/Immunization/Immunization-9063"
      }
    },
    {
      "resource": {
        "resourceType": "Immunization",
        "id": "Immunization-9064",
        "status": "completed",
        "notGiven": false,
        "vaccineCode": {
          "coding": [
            {
              "system": "http://hl7.org/fhir/sid/cvx",
              "code": "83",
              "display": "Hep A, ped/adol, 2 dose"
            }
          ]
        },
        "patient": {
          "reference": "Patient/Patient-6531",
          "display": "Ruth Pamela Johnson"
        },
        "date": "2018-06-25T22:36:36-04:00",
        "primarySource": true,
        "location": {
          "reference": "Location/Location-1101",
          "display": "McKinley Health Center"
        },
        "practitioner": [
          {
            "actor": {
              "reference": "Practitioner/Practitioner-2528",
              "display": "Tanya Sally Wheeler MD"
            }
          }
        ]
      },
      "request": {
        "method": "PUT",
        "url": "http://localhost:8080/cqf-ruler/baseDstu3/Immunization/Immunization-9064"
      }
    },
    {
      "resource": {
        "resourceType": "Observation",
        "id": "Observation-22207",
        "status": "final",
        "code": {
          "coding": [
            {
              "system": "http://loinc.org",
              "code": "8480-6",
              "display": "Systolic blood pressure"
            }
          ]
        },
        "subject": {
          "reference": "Patient/Patient-6531",
          "display": "Ruth Pamela Johnson"
        },
        "context": {
          "reference": "Encounter/Encounter-302",
          "display": "McKinley Health Center"
        },
        "effectiveDateTime": "2018-07-02T09:36:36-04:00",
        "performer": [
          {
            "reference": "Practitioner/Practitioner-2528",
            "display": "Tanya Sally Wheeler MD"
          }
        ],
        "valueQuantity": {
          "value": 154.23764428566668,
          "unit": "mmHg"
        }
      },
      "request": {
        "method": "PUT",
        "url": "http://localhost:8080/cqf-ruler/baseDstu3/Observation/Observation-22207"
      }
    },
    {
      "resource": {
        "resourceType": "Observation",
        "id": "Observation-22208",
        "status": "final",
        "code": {
          "coding": [
            {
              "system": "http://loinc.org",
              "code": "8462-4",
              "display": "Diastolic blood pressure"
            }
          ]
        },
        "subject": {
          "reference": "Patient/Patient-6531",
          "display": "Ruth Pamela Johnson"
        },
        "context": {
          "reference": "Encounter/Encounter-302",
          "display": "McKinley Health Center"
        },
        "effectiveDateTime": "2018-07-02T09:36:36-04:00",
        "performer": [
          {
            "reference": "Practitioner/Practitioner-2528",
            "display": "Tanya Sally Wheeler MD"
          }
        ],
        "valueQuantity": {
          "value": 80.5205207277064,
          "unit": "mmHg"
        }
      },
      "request": {
        "method": "PUT",
        "url": "http://localhost:8080/cqf-ruler/baseDstu3/Observation/Observation-22208"
      }
    },
    {
      "resource": {
        "resourceType": "Condition",
        "id": "Condition-22209",
        "clinicalStatus": "active",
        "verificationStatus": "confirmed",
        "code": {
          "coding": [
            {
              "system": "http://snomed.info/sct",
              "code": "1201005",
              "display": "Benign essential hypertension"
            }
          ]
        },
        "subject": {
          "reference": "Patient/Patient-6531",
          "display": "Ruth Pamela Johnson"
        },
        "context": {
          "reference": "Encounter/Encounter-302",
          "display": "McKinley Health Center"
        },
        "onsetDateTime": "2018-07-02T09:36:36-04:00",
        "assertedDate": "2018-07-02T09:36:36-04:00",
        "asserter": {
          "reference": "Practitioner/Practitioner-2528",
          "display": "Tanya Sally Wheeler MD"
        }
      },
      "request": {
        "method": "PUT",
        "url": "http://localhost:8080/cqf-ruler/baseDstu3/Condition/Condition-22209"
      }
    },
    {
      "resource": {
        "resourceType": "Observation",
        "id": "Observation-22210",
        "status": "final",
        "category": [
          {
            "coding": [
              {
                "system": "http://hl7.org/fhir/observation-category",
                "code": "vital-signs",
                "display": "vital-signs"
              }
            ]
          }
        ],
        "code": {
          "coding": [
            {
              "system": "http://loinc.org",
              "code": "8716-3",
              "display": "Vital Signs Panel"
            }
          ]
        },
        "subject": {
          "reference": "Patient/Patient-6531",
          "display": "Ruth Pamela Johnson"
        },
        "context": {
          "reference": "Encounter/Encounter-302",
          "display": "McKinley Health Center"
        },
        "effectivePeriod": {
          "start": "2018-07-02T09:36:36-04:00",
          "end": "2018-07-02T09:36:36-04:00"
        },
        "valueQuantity": {
          "value": 80.5205207277064,
          "unit": "mmHg"
        },
        "component": [
          {
            "code": {
              "coding": [
                {
                  "system": "http://loinc.org",
                  "code": "8302-2",
                  "display": "Height"
                }
              ]
            }
          },
          {
            "code": {
              "coding": [
                {
                  "system": "http://loinc.org",
                  "code": "29463-7",
                  "display": "Weight"
                }
              ]
            }
          },
          {
            "code": {
              "coding": [
                {
                  "system": "http://loinc.org",
                  "code": "39156-5",
                  "display": "BMI"
                }
              ]
            }
          },
          {
            "code": {
              "coding": [
                {
                  "system": "http://loinc.org",
                  "code": "8310-5",
                  "display": "Temperature"
                }
              ]
            }
          },
          {
            "code": {
              "coding": [
                {
                  "system": "http://loinc.org",
                  "code": "8459-0",
                  "display": "Systolic Blood Pressure"
                }
              ]
            }
          },
          {
            "code": {
              "coding": [
                {
                  "system": "http://loinc.org",
                  "code": "8453-3",
                  "display": "Diastolic Blood Pressure"
                }
              ]
            }
          }
        ]
      },
      "request": {
        "method": "PUT",
        "url": "http://localhost:8080/cqf-ruler/baseDstu3/Observation/Observation-22210"
      }
    }
  ]
}