{
  "resourceType": "Bundle",
  "type": "transaction",
  "entry": [
    {
      "resource": {
        "resourceType": "Encounter",
        "id": "Encounter-545",
        "status": "finished",
        "class": {
          "system": "http://hl7.org/fhir/encounter-class",
          "code": "other",
          "display": "Other"
        },
        "subject": {
          "reference": "Patient/Patient-6491",
          "display": "Rosa Bullock Berg"
        },
        "participant": [
          {
            "period": {
              "start": "2021-06-28T09:36:36-04:00",
              "end": "2021-06-28T09:36:36-04:00"
            },
            "individual": {
              "reference": "Practitioner/Practitioner-2528",
              "display": "Tanya Sally Wheeler MD"
            }
          }
        ],
        "period": {
          "start": "2021-06-28T09:36:36-04:00",
          "end": "2021-06-28T09:36:36-04:00"
        },
        "location": [
          {
            "location": {
              "reference": "Location/Location-1101",
              "display": "McKinley Health Center"
            }
          }
        ],
        "serviceProvider": {
          "reference": "Organization/Organization-1101",
          "display": "McKinley Health Center"
        }
      },
      "request": {
        "method": "PUT",
        "url": "http://localhost:8080/cqf-ruler/baseDstu3/Encounter/Encounter-545"
      }
    },
    {
      "resource": {
        "resourceType": "Immunization",
        "id": "Immunization-74436",
        "status": "completed",
        "notGiven": false,
        "vaccineCode": {
          "coding": [
            {
              "system": "http://hl7.org/fhir/sid/cvx",
              "code": "140",
              "display": "Influenza, seasonal, injectable, preservative free"
            }
          ]
        },
        "patient": {
          "reference": "Patient/Patient-6491",
          "display": "Rosa Bullock Berg"
        },
        "date": "2021-06-22T09:36:36-04:00",
        "primarySource": true,
        "location": {
          "reference": "Location/Location-1101",
          "display": "McKinley Health Center"
        },
        "practitioner": [
          {
            "actor": {
              "reference": "Practitioner/Practitioner-2528",
              "display": "Tanya Sally Wheeler MD"
            }
          }
        ]
      },
      "request": {
        "method": "PUT",
        "url": "http://localhost:8080/cqf-ruler/baseDstu3/Immunization/Immunization-74436"
      }
    },
    {
      "resource": {
        "resourceType": "Procedure",
        "id": "Procedure-100453",
        "status": "completed",
        "code": {
          "coding": [
            {
              "system": "http://loinc.org",
              "code": "12503-9",
              "display": "Hemoglobin.gastrointestinal [Presence] in Stool --4th specimen"
            }
          ]
        },
        "subject": {
          "reference": "Patient/Patient-6491",
          "display": "Rosa Bullock Berg"
        },
        "context": {
          "reference": "Encounter/Encounter-545",
          "display": "McKinley Health Center"
        },
        "performedPeriod": {
          "start": "2021-06-28T09:36:36-04:00",
          "end": "2021-06-28T09:36:36-04:00"
        },
        "performer": [
          {
            "actor": {
              "reference": "Practitioner/Practitioner-2528",
              "display": "Tanya Sally Wheeler MD"
            }
          }
        ],
        "location": {
          "reference": "Location/Location-1101",
          "display": "McKinley Health Center"
        }
      },
      "request": {
        "method": "PUT",
        "url": "http://localhost:8080/cqf-ruler/baseDstu3/Procedure/Procedure-100453"
      }
    },
    {
      "resource": {
        "resourceType": "Observation",
        "id": "Observation-100454",
        "status": "final",
        "code": {
          "coding": [
            {
              "system": "http://loinc.org",
              "code": "27925-7",
              "display": "Hemoglobin.gastrointestinal [Presence] in Stool --7th specimen"
            }
          ]
        },
        "subject": {
          "reference": "Patient/Patient-6491",
          "display": "Rosa Bullock Berg"
        },
        "context": {
          "reference": "Encounter/Encounter-545",
          "display": "McKinley Health Center"
        },
        "effectiveDateTime": "2021-06-28T09:36:36-04:00",
        "performer": [
          {
            "reference": "Practitioner/Practitioner-2528",
            "display": "Tanya Sally Wheeler MD"
          }
        ],
        "valueString": "POSITIVE"
      },
      "request": {
        "method": "PUT",
        "url": "http://localhost:8080/cqf-ruler/baseDstu3/Observation/Observation-100454"
      }
    },
    {
      "resource": {
        "resourceType": "Observation",
        "id": "Observation-100455",
        "status": "final",
        "code": {
          "coding": [
            {
              "system": "http://loinc.org",
              "code": "8480-6",
              "display": "Systolic blood pressure"
            }
          ]
        },
        "subject": {
          "reference": "Patient/Patient-6491",
          "display": "Rosa Bullock Berg"
        },
        "context": {
          "reference": "Encounter/Encounter-545",
          "display": "McKinley Health Center"
        },
        "effectiveDateTime": "2021-06-28T09:36:36-04:00",
        "performer": [
          {
            "reference": "Practitioner/Practitioner-2528",
            "display": "Tanya Sally Wheeler MD"
          }
        ],
        "valueQuantity": {
          "value": 122.52050660438451,
          "unit": "mmHg"
        }
      },
      "request": {
        "method": "PUT",
        "url": "http://localhost:8080/cqf-ruler/baseDstu3/Observation/Observation-100455"
      }
    },
    {
      "resource": {
        "resourceType": "Observation",
        "id": "Observation-100456",
        "status": "final",
        "code": {
          "coding": [
            {
              "system": "http://loinc.org",
              "code": "8462-4",
              "display": "Diastolic blood pressure"
            }
          ]
        },
        "subject": {
          "reference": "Patient/Patient-6491",
          "display": "Rosa Bullock Berg"
        },
        "context": {
          "reference": "Encounter/Encounter-545",
          "display": "McKinley Health Center"
        },
        "effectiveDateTime": "2021-06-28T09:36:36-04:00",
        "performer": [
          {
            "reference": "Practitioner/Practitioner-2528",
            "display": "Tanya Sally Wheeler MD"
          }
        ],
        "valueQuantity": {
          "value": 76.2484011229714,
          "unit": "mmHg"
        }
      },
      "request": {
        "method": "PUT",
        "url": "http://localhost:8080/cqf-ruler/baseDstu3/Observation/Observation-100456"
      }
    },
    {
      "resource": {
        "resourceType": "Procedure",
        "id": "Procedure-100457",
        "status": "completed",
        "code": {
          "coding": [
            {
              "system": "http://snomed.info/sct",
              "code": "43204002",
              "display": "Bilateral mammography (procedure)"
            }
          ]
        },
        "subject": {
          "reference": "Patient/Patient-6491",
          "display": "Rosa Bullock Berg"
        },
        "context": {
          "reference": "Encounter/Encounter-545",
          "display": "McKinley Health Center"
        },
        "performedPeriod": {
          "start": "2021-06-28T09:36:36-04:00",
          "end": "2021-06-28T09:36:36-04:00"
        },
        "performer": [
          {
            "actor": {
              "reference": "Practitioner/Practitioner-2528",
              "display": "Tanya Sally Wheeler MD"
            }
          }
        ],
        "location": {
          "reference": "Location/Location-1101",
          "display": "McKinley Health Center"
        }
      },
      "request": {
        "method": "PUT",
        "url": "http://localhost:8080/cqf-ruler/baseDstu3/Procedure/Procedure-100457"
      }
    },
    {
      "resource": {
        "resourceType": "Observation",
        "id": "Observation-100458",
        "status": "final",
        "code": {
          "coding": [
            {
              "system": "http://snomed.info/sct",
              "code": "168749009",
              "display": "Mammography normal (finding)"
            }
          ]
        },
        "subject": {
          "reference": "Patient/Patient-6491",
          "display": "Rosa Bullock Berg"
        },
        "context": {
          "reference": "Encounter/Encounter-545",
          "display": "McKinley Health Center"
        },
        "effectiveDateTime": "2021-06-28T09:36:36-04:00",
        "performer": [
          {
            "reference": "Practitioner/Practitioner-2528",
            "display": "Tanya Sally Wheeler MD"
          }
        ],
        "valueString": "NEGATIVE"
      },
      "request": {
        "method": "PUT",
        "url": "http://localhost:8080/cqf-ruler/baseDstu3/Observation/Observation-100458"
      }
    },
    {
      "resource": {
        "resourceType": "DiagnosticReport",
        "id": "DiagnosticReport-100459",
        "status": "final",
        "code": {
          "coding": [
            {
              "system": "http://loinc.org",
              "code": "38090-7",
              "display": "Breast - bilateral Mammogram W air"
            }
          ]
        },
        "subject": {
          "reference": "Patient/Patient-6491",
          "display": "Rosa Bullock Berg"
        },
        "context": {
          "reference": "Encounter/Encounter-545",
          "display": "McKinley Health Center"
        },
        "effectivePeriod": {
          "start": "2021-06-28T09:36:36-04:00",
          "end": "2021-06-28T09:36:36-04:00"
        },
        "result": [
          {
            "reference": "Observation/Observation-100458",
            "display": "No_Cancer_Detected"
          }
        ]
      },
      "request": {
        "method": "PUT",
        "url": "http://localhost:8080/cqf-ruler/baseDstu3/DiagnosticReport/DiagnosticReport-100459"
      }
    },
    {
      "resource": {
        "resourceType": "Procedure",
        "id": "Procedure-100460",
        "status": "completed",
        "code": {
          "coding": [
            {
              "system": "http://loinc.org",
              "code": "19764-0",
              "display": "Statement of adequacy [interpretation] of Cervical or vaginal smear or scraping by Cyto stain"
            }
          ]
        },
        "subject": {
          "reference": "Patient/Patient-6491",
          "display": "Rosa Bullock Berg"
        },
        "context": {
          "reference": "Encounter/Encounter-545",
          "display": "McKinley Health Center"
        },
        "performedPeriod": {
          "start": "2021-06-28T09:36:36-04:00",
          "end": "2021-06-28T09:36:36-04:00"
        },
        "performer": [
          {
            "actor": {
              "reference": "Practitioner/Practitioner-2528",
              "display": "Tanya Sally Wheeler MD"
            }
          }
        ],
        "location": {
          "reference": "Location/Location-1101",
          "display": "McKinley Health Center"
        }
      },
      "request": {
        "method": "PUT",
        "url": "http://localhost:8080/cqf-ruler/baseDstu3/Procedure/Procedure-100460"
      }
    },
    {
      "resource": {
        "resourceType": "Observation",
        "id": "Observation-100461",
        "status": "final",
        "code": {
          "coding": [
            {
              "system": "http://snomed.info/sct",
              "code": "289829007",
              "display": "Normal uterine cervix (finding)"
            }
          ]
        },
        "subject": {
          "reference": "Patient/Patient-6491",
          "display": "Rosa Bullock Berg"
        },
        "context": {
          "reference": "Encounter/Encounter-545",
          "display": "McKinley Health Center"
        },
        "effectiveDateTime": "2021-06-28T09:36:36-04:00",
        "performer": [
          {
            "reference": "Practitioner/Practitioner-2528",
            "display": "Tanya Sally Wheeler MD"
          }
        ],
        "valueString": "NEGATIVE"
      },
      "request": {
        "method": "PUT",
        "url": "http://localhost:8080/cqf-ruler/baseDstu3/Observation/Observation-100461"
      }
    },
    {
      "resource": {
        "resourceType": "DiagnosticReport",
        "id": "DiagnosticReport-100462",
        "status": "final",
        "code": {
          "coding": [
            {
              "system": "http://loinc.org",
              "code": "36627-8",
              "display": "Breast - left Mammogram"
            }
          ]
        },
        "subject": {
          "reference": "Patient/Patient-6491",
          "display": "Rosa Bullock Berg"
        },
        "context": {
          "reference": "Encounter/Encounter-545",
          "display": "McKinley Health Center"
        },
        "effectivePeriod": {
          "start": "2021-06-28T09:36:36-04:00",
          "end": "2021-06-28T09:36:36-04:00"
        },
        "result": [
          {
            "reference": "Observation/Observation-100461",
            "display": "No_Cancer_Detected"
          }
        ]
      },
      "request": {
        "method": "PUT",
        "url": "http://localhost:8080/cqf-ruler/baseDstu3/DiagnosticReport/DiagnosticReport-100462"
      }
    },
    {
      "resource": {
        "resourceType": "Observation",
        "id": "Observation-100463",
        "status": "final",
        "category": [
          {
            "coding": [
              {
                "system": "http://hl7.org/fhir/observation-category",
                "code": "vital-signs",
                "display": "vital-signs"
              }
            ]
          }
        ],
        "code": {
          "coding": [
            {
              "system": "http://loinc.org",
              "code": "8716-3",
              "display": "Vital Signs Panel"
            }
          ]
        },
        "subject": {
          "reference": "Patient/Patient-6491",
          "display": "Rosa Bullock Berg"
        },
        "context": {
          "reference": "Encounter/Encounter-545",
          "display": "McKinley Health Center"
        },
        "effectivePeriod": {
          "start": "2021-06-28T09:36:36-04:00",
          "end": "2021-06-28T09:36:36-04:00"
        },
        "valueQuantity": {
          "value": 76.2484011229714,
          "unit": "mmHg"
        },
        "component": [
          {
            "code": {
              "coding": [
                {
                  "system": "http://loinc.org",
                  "code": "8302-2",
                  "display": "Height"
                }
              ]
            }
          },
          {
            "code": {
              "coding": [
                {
                  "system": "http://loinc.org",
                  "code": "29463-7",
                  "display": "Weight"
                }
              ]
            }
          },
          {
            "code": {
              "coding": [
                {
                  "system": "http://loinc.org",
                  "code": "39156-5",
                  "display": "BMI"
                }
              ]
            }
          },
          {
            "code": {
              "coding": [
                {
                  "system": "http://loinc.org",
                  "code": "8310-5",
                  "display": "Temperature"
                }
              ]
            }
          },
          {
            "code": {
              "coding": [
                {
                  "system": "http://loinc.org",
                  "code": "8459-0",
                  "display": "Systolic Blood Pressure"
                }
              ]
            }
          },
          {
            "code": {
              "coding": [
                {
                  "system": "http://loinc.org",
                  "code": "8453-3",
                  "display": "Diastolic Blood Pressure"
                }
              ]
            }
          }
        ]
      },
      "request": {
        "method": "PUT",
        "url": "http://localhost:8080/cqf-ruler/baseDstu3/Observation/Observation-100463"
      }
    }
  ]
}