{
  "resourceType": "Bundle",
  "type": "transaction",
  "entry": [
    {
      "resource": {
        "resourceType": "Encounter",
        "id": "Encounter-369",
        "status": "finished",
        "class": {
          "system": "http://hl7.org/fhir/encounter-class",
          "code": "other",
          "display": "Other"
        },
        "subject": {
          "reference": "Patient/Patient-6516",
          "display": "April Rhodes Nielsen"
        },
        "participant": [
          {
            "period": {
              "start": "2018-08-19T09:36:36-04:00",
              "end": "2018-08-20T09:36:36-04:00"
            },
            "individual": {
              "reference": "Practitioner/Practitioner-2531",
              "display": "Tracy Hampton Boone MD"
            }
          }
        ],
        "period": {
          "start": "2018-08-19T09:36:36-04:00",
          "end": "2018-08-20T09:36:36-04:00"
        },
        "location": [
          {
            "location": {
              "reference": "Location/Location-1002",
              "display": "Gift of Mercy Hospital"
            }
          }
        ],
        "serviceProvider": {
          "reference": "Organization/Organization-1002",
          "display": "Gift of Mercy Hospital"
        }
      },
      "request": {
        "method": "PUT",
        "url": "http://localhost:8080/cqf-ruler/baseDstu3/Encounter/Encounter-369"
      }
    },
    {
      "resource": {
        "resourceType": "Procedure",
        "id": "Procedure-26518",
        "status": "completed",
        "code": {
          "coding": [
            {
              "system": "http://www.ama-assn.org/go/cpt",
              "code": "45342",
              "display": "Sigmoidoscopy, flexible; with transendoscopic ultrasound guided intramural or transmural fine needle aspiration/biopsy(s)"
            }
          ]
        },
        "subject": {
          "reference": "Patient/Patient-6516",
          "display": "April Rhodes Nielsen"
        },
        "context": {
          "reference": "Encounter/Encounter-369",
          "display": "Gift of Mercy Hospital"
        },
        "performedPeriod": {
          "start": "2018-08-19T09:36:36-04:00",
          "end": "2018-08-19T09:36:36-04:00"
        },
        "performer": [
          {
            "actor": {
              "reference": "Practitioner/Practitioner-2531",
              "display": "Tracy Hampton Boone MD"
            }
          }
        ],
        "location": {
          "reference": "Location/Location-1002",
          "display": "Gift of Mercy Hospital"
        }
      },
      "request": {
        "method": "PUT",
        "url": "http://localhost:8080/cqf-ruler/baseDstu3/Procedure/Procedure-26518"
      }
    },
    {
      "resource": {
        "resourceType": "Observation",
        "id": "Observation-26519",
        "status": "final",
        "code": {
          "coding": [
            {
              "system": "http://www.ama-assn.org/go/cpt",
              "code": "45332",
              "display": "Sigmoidoscopy, flexible; with removal of foreign body(s)"
            }
          ]
        },
        "subject": {
          "reference": "Patient/Patient-6516",
          "display": "April Rhodes Nielsen"
        },
        "context": {
          "reference": "Encounter/Encounter-369",
          "display": "Gift of Mercy Hospital"
        },
        "effectiveDateTime": "2018-08-19T09:36:36-04:00",
        "performer": [
          {
            "reference": "Practitioner/Practitioner-2531",
            "display": "Tracy Hampton Boone MD"
          }
        ],
        "valueString": "NEGATIVE"
      },
      "request": {
        "method": "PUT",
        "url": "http://localhost:8080/cqf-ruler/baseDstu3/Observation/Observation-26519"
      }
    },
    {
      "resource": {
        "resourceType": "Observation",
        "id": "Observation-26521",
        "status": "final",
        "category": [
          {
            "coding": [
              {
                "system": "http://hl7.org/fhir/observation-category",
                "code": "vital-signs",
                "display": "vital-signs"
              }
            ]
          }
        ],
        "code": {
          "coding": [
            {
              "system": "http://loinc.org",
              "code": "8716-3",
              "display": "Vital Signs Panel"
            }
          ]
        },
        "subject": {
          "reference": "Patient/Patient-6516",
          "display": "April Rhodes Nielsen"
        },
        "context": {
          "reference": "Encounter/Encounter-369",
          "display": "Gift of Mercy Hospital"
        },
        "effectivePeriod": {
          "start": "2018-08-20T09:36:36-04:00",
          "end": "2018-08-20T09:36:36-04:00"
        },
        "valueQuantity": {
          "value": 111.24342931754211,
          "unit": "mmHg"
        },
        "component": [
          {
            "code": {
              "coding": [
                {
                  "system": "http://loinc.org",
                  "code": "8302-2",
                  "display": "Height"
                }
              ]
            }
          },
          {
            "code": {
              "coding": [
                {
                  "system": "http://loinc.org",
                  "code": "29463-7",
                  "display": "Weight"
                }
              ]
            }
          },
          {
            "code": {
              "coding": [
                {
                  "system": "http://loinc.org",
                  "code": "39156-5",
                  "display": "BMI"
                }
              ]
            }
          },
          {
            "code": {
              "coding": [
                {
                  "system": "http://loinc.org",
                  "code": "8310-5",
                  "display": "Temperature"
                }
              ]
            }
          },
          {
            "code": {
              "coding": [
                {
                  "system": "http://loinc.org",
                  "code": "8459-0",
                  "display": "Systolic Blood Pressure"
                }
              ]
            }
          },
          {
            "code": {
              "coding": [
                {
                  "system": "http://loinc.org",
                  "code": "8453-3",
                  "display": "Diastolic Blood Pressure"
                }
              ]
            }
          }
        ]
      },
      "request": {
        "method": "PUT",
        "url": "http://localhost:8080/cqf-ruler/baseDstu3/Observation/Observation-26521"
      }
    }
  ]
}