{
  "resourceType": "Bundle",
  "type": "transaction",
  "entry": [
    {
      "resource": {
        "resourceType": "Encounter",
        "id": "Encounter-525",
        "status": "finished",
        "class": {
          "system": "http://hl7.org/fhir/encounter-class",
          "code": "other",
          "display": "Other"
        },
        "subject": {
          "reference": "Patient/Patient-6489",
          "display": "Kathy Howell Ware"
        },
        "participant": [
          {
            "period": {
              "start": "2021-04-05T09:36:36-04:00",
              "end": "2021-04-05T09:36:36-04:00"
            },
            "individual": {
              "reference": "Practitioner/Practitioner-2526",
              "display": "James Woodward Wilkins MD"
            }
          }
        ],
        "period": {
          "start": "2021-04-05T09:36:36-04:00",
          "end": "2021-04-05T09:36:36-04:00"
        },
        "location": [
          {
            "location": {
              "reference": "Location/Location-1105",
              "display": "Bayside Medical Group"
            }
          }
        ],
        "serviceProvider": {
          "reference": "Organization/Organization-1105",
          "display": "Bayside Medical Group"
        }
      },
      "request": {
        "method": "PUT",
        "url": "http://localhost:8080/cqf-ruler/baseDstu3/Encounter/Encounter-525"
      }
    },
    {
      "resource": {
        "resourceType": "Immunization",
        "id": "Immunization-67943",
        "status": "completed",
        "notGiven": false,
        "vaccineCode": {
          "coding": [
            {
              "system": "http://hl7.org/fhir/sid/cvx",
              "code": "140",
              "display": "Influenza, seasonal, injectable, preservative free"
            }
          ]
        },
        "patient": {
          "reference": "Patient/Patient-6489",
          "display": "Kathy Howell Ware"
        },
        "date": "2021-03-30T09:36:36-04:00",
        "primarySource": true,
        "location": {
          "reference": "Location/Location-1105",
          "display": "Bayside Medical Group"
        },
        "practitioner": [
          {
            "actor": {
              "reference": "Practitioner/Practitioner-2526",
              "display": "James Woodward Wilkins MD"
            }
          }
        ]
      },
      "request": {
        "method": "PUT",
        "url": "http://localhost:8080/cqf-ruler/baseDstu3/Immunization/Immunization-67943"
      }
    },
    {
      "resource": {
        "resourceType": "Procedure",
        "id": "Procedure-95169",
        "status": "completed",
        "code": {
          "coding": [
            {
              "system": "http://loinc.org",
              "code": "27401-9",
              "display": "Hemoglobin.gastrointestinal [Presence] in Stool --6th specimen"
            }
          ]
        },
        "subject": {
          "reference": "Patient/Patient-6489",
          "display": "Kathy Howell Ware"
        },
        "context": {
          "reference": "Encounter/Encounter-525",
          "display": "Bayside Medical Group"
        },
        "performedPeriod": {
          "start": "2021-04-05T09:36:36-04:00",
          "end": "2021-04-05T09:36:36-04:00"
        },
        "performer": [
          {
            "actor": {
              "reference": "Practitioner/Practitioner-2526",
              "display": "James Woodward Wilkins MD"
            }
          }
        ],
        "location": {
          "reference": "Location/Location-1105",
          "display": "Bayside Medical Group"
        }
      },
      "request": {
        "method": "PUT",
        "url": "http://localhost:8080/cqf-ruler/baseDstu3/Procedure/Procedure-95169"
      }
    },
    {
      "resource": {
        "resourceType": "Observation",
        "id": "Observation-95170",
        "status": "final",
        "code": {
          "coding": [
            {
              "system": "http://loinc.org",
              "code": "14565-6",
              "display": "Hemoglobin.gastrointestinal [Presence] in Stool --3rd specimen"
            }
          ]
        },
        "subject": {
          "reference": "Patient/Patient-6489",
          "display": "Kathy Howell Ware"
        },
        "context": {
          "reference": "Encounter/Encounter-525",
          "display": "Bayside Medical Group"
        },
        "effectiveDateTime": "2021-04-05T09:36:36-04:00",
        "performer": [
          {
            "reference": "Practitioner/Practitioner-2526",
            "display": "James Woodward Wilkins MD"
          }
        ],
        "valueString": "NEGATIVE"
      },
      "request": {
        "method": "PUT",
        "url": "http://localhost:8080/cqf-ruler/baseDstu3/Observation/Observation-95170"
      }
    },
    {
      "resource": {
        "resourceType": "Observation",
        "id": "Observation-95171",
        "status": "final",
        "code": {
          "coding": [
            {
              "system": "http://loinc.org",
              "code": "8480-6",
              "display": "Systolic blood pressure"
            }
          ]
        },
        "subject": {
          "reference": "Patient/Patient-6489",
          "display": "Kathy Howell Ware"
        },
        "context": {
          "reference": "Encounter/Encounter-525",
          "display": "Bayside Medical Group"
        },
        "effectiveDateTime": "2021-04-05T09:36:36-04:00",
        "performer": [
          {
            "reference": "Practitioner/Practitioner-2526",
            "display": "James Woodward Wilkins MD"
          }
        ],
        "valueQuantity": {
          "value": 127.62744993403432,
          "unit": "mmHg"
        }
      },
      "request": {
        "method": "PUT",
        "url": "http://localhost:8080/cqf-ruler/baseDstu3/Observation/Observation-95171"
      }
    },
    {
      "resource": {
        "resourceType": "Observation",
        "id": "Observation-95172",
        "status": "final",
        "code": {
          "coding": [
            {
              "system": "http://loinc.org",
              "code": "8462-4",
              "display": "Diastolic blood pressure"
            }
          ]
        },
        "subject": {
          "reference": "Patient/Patient-6489",
          "display": "Kathy Howell Ware"
        },
        "context": {
          "reference": "Encounter/Encounter-525",
          "display": "Bayside Medical Group"
        },
        "effectiveDateTime": "2021-04-05T09:36:36-04:00",
        "performer": [
          {
            "reference": "Practitioner/Practitioner-2526",
            "display": "James Woodward Wilkins MD"
          }
        ],
        "valueQuantity": {
          "value": 109.76118414706612,
          "unit": "mmHg"
        }
      },
      "request": {
        "method": "PUT",
        "url": "http://localhost:8080/cqf-ruler/baseDstu3/Observation/Observation-95172"
      }
    },
    {
      "resource": {
        "resourceType": "Condition",
        "id": "Condition-95173",
        "clinicalStatus": "active",
        "verificationStatus": "confirmed",
        "code": {
          "coding": [
            {
              "system": "http://snomed.info/sct",
              "code": "10725009",
              "display": "Benign hypertension"
            }
          ]
        },
        "subject": {
          "reference": "Patient/Patient-6489",
          "display": "Kathy Howell Ware"
        },
        "context": {
          "reference": "Encounter/Encounter-525",
          "display": "Bayside Medical Group"
        },
        "onsetDateTime": "2021-04-05T09:36:36-04:00",
        "assertedDate": "2021-04-05T09:36:36-04:00",
        "asserter": {
          "reference": "Practitioner/Practitioner-2526",
          "display": "James Woodward Wilkins MD"
        }
      },
      "request": {
        "method": "PUT",
        "url": "http://localhost:8080/cqf-ruler/baseDstu3/Condition/Condition-95173"
      }
    },
    {
      "resource": {
        "resourceType": "Procedure",
        "id": "Procedure-95174",
        "status": "completed",
        "code": {
          "coding": [
            {
              "system": "http://snomed.info/sct",
              "code": "43204002",
              "display": "Bilateral mammography (procedure)"
            }
          ]
        },
        "subject": {
          "reference": "Patient/Patient-6489",
          "display": "Kathy Howell Ware"
        },
        "context": {
          "reference": "Encounter/Encounter-525",
          "display": "Bayside Medical Group"
        },
        "performedPeriod": {
          "start": "2021-04-05T09:36:36-04:00",
          "end": "2021-04-05T09:36:36-04:00"
        },
        "performer": [
          {
            "actor": {
              "reference": "Practitioner/Practitioner-2526",
              "display": "James Woodward Wilkins MD"
            }
          }
        ],
        "location": {
          "reference": "Location/Location-1105",
          "display": "Bayside Medical Group"
        }
      },
      "request": {
        "method": "PUT",
        "url": "http://localhost:8080/cqf-ruler/baseDstu3/Procedure/Procedure-95174"
      }
    },
    {
      "resource": {
        "resourceType": "Observation",
        "id": "Observation-95175",
        "status": "final",
        "code": {
          "coding": [
            {
              "system": "http://snomed.info/sct",
              "code": "168749009",
              "display": "Mammography normal (finding)"
            }
          ]
        },
        "subject": {
          "reference": "Patient/Patient-6489",
          "display": "Kathy Howell Ware"
        },
        "context": {
          "reference": "Encounter/Encounter-525",
          "display": "Bayside Medical Group"
        },
        "effectiveDateTime": "2021-04-05T09:36:36-04:00",
        "performer": [
          {
            "reference": "Practitioner/Practitioner-2526",
            "display": "James Woodward Wilkins MD"
          }
        ],
        "valueString": "NEGATIVE"
      },
      "request": {
        "method": "PUT",
        "url": "http://localhost:8080/cqf-ruler/baseDstu3/Observation/Observation-95175"
      }
    },
    {
      "resource": {
        "resourceType": "DiagnosticReport",
        "id": "DiagnosticReport-95176",
        "status": "final",
        "code": {
          "coding": [
            {
              "system": "http://loinc.org",
              "code": "37554-3",
              "display": "Breast - bilateral Mammogram magnification and spot"
            }
          ]
        },
        "subject": {
          "reference": "Patient/Patient-6489",
          "display": "Kathy Howell Ware"
        },
        "context": {
          "reference": "Encounter/Encounter-525",
          "display": "Bayside Medical Group"
        },
        "effectivePeriod": {
          "start": "2021-04-05T09:36:36-04:00",
          "end": "2021-04-05T09:36:36-04:00"
        },
        "result": [
          {
            "reference": "Observation/Observation-95175",
            "display": "No_Cancer_Detected"
          }
        ]
      },
      "request": {
        "method": "PUT",
        "url": "http://localhost:8080/cqf-ruler/baseDstu3/DiagnosticReport/DiagnosticReport-95176"
      }
    },
    {
      "resource": {
        "resourceType": "Observation",
        "id": "Observation-95177",
        "status": "final",
        "category": [
          {
            "coding": [
              {
                "system": "http://hl7.org/fhir/observation-category",
                "code": "vital-signs",
                "display": "vital-signs"
              }
            ]
          }
        ],
        "code": {
          "coding": [
            {
              "system": "http://loinc.org",
              "code": "8716-3",
              "display": "Vital Signs Panel"
            }
          ]
        },
        "subject": {
          "reference": "Patient/Patient-6489",
          "display": "Kathy Howell Ware"
        },
        "context": {
          "reference": "Encounter/Encounter-525",
          "display": "Bayside Medical Group"
        },
        "effectivePeriod": {
          "start": "2021-04-05T09:36:36-04:00",
          "end": "2021-04-05T09:36:36-04:00"
        },
        "valueQuantity": {
          "value": 109.76118414706612,
          "unit": "mmHg"
        },
        "component": [
          {
            "code": {
              "coding": [
                {
                  "system": "http://loinc.org",
                  "code": "8302-2",
                  "display": "Height"
                }
              ]
            }
          },
          {
            "code": {
              "coding": [
                {
                  "system": "http://loinc.org",
                  "code": "29463-7",
                  "display": "Weight"
                }
              ]
            }
          },
          {
            "code": {
              "coding": [
                {
                  "system": "http://loinc.org",
                  "code": "39156-5",
                  "display": "BMI"
                }
              ]
            }
          },
          {
            "code": {
              "coding": [
                {
                  "system": "http://loinc.org",
                  "code": "8310-5",
                  "display": "Temperature"
                }
              ]
            }
          },
          {
            "code": {
              "coding": [
                {
                  "system": "http://loinc.org",
                  "code": "8459-0",
                  "display": "Systolic Blood Pressure"
                }
              ]
            }
          },
          {
            "code": {
              "coding": [
                {
                  "system": "http://loinc.org",
                  "code": "8453-3",
                  "display": "Diastolic Blood Pressure"
                }
              ]
            }
          }
        ]
      },
      "request": {
        "method": "PUT",
        "url": "http://localhost:8080/cqf-ruler/baseDstu3/Observation/Observation-95177"
      }
    }
  ]
}