{
  "resourceType": "Bundle",
  "type": "transaction",
  "entry": [
    {
      "resource": {
        "resourceType": "Encounter",
        "id": "Encounter-1002",
        "status": "finished",
        "class": {
          "system": "http://hl7.org/fhir/encounter-class",
          "code": "other",
          "display": "Other"
        },
        "subject": {
          "reference": "Patient/Patient-6512",
          "display": "Carolyn Gillespie Gallegos"
        },
        "participant": [
          {
            "period": {
              "start": "2026-10-05T09:36:36-04:00",
              "end": "2026-10-05T09:36:36-04:00"
            },
            "individual": {
              "reference": "Practitioner/Practitioner-2529",
              "display": "Stanley Floyd Nielsen MD"
            }
          }
        ],
        "period": {
          "start": "2026-10-05T09:36:36-04:00",
          "end": "2026-10-05T09:36:36-04:00"
        },
        "location": [
          {
            "location": {
              "reference": "Location/Location-1102",
              "display": "Pediatric and Adult Medicine"
            }
          }
        ],
        "serviceProvider": {
          "reference": "Organization/Organization-1102",
          "display": "Pediatric and Adult Medicine"
        }
      },
      "request": {
        "method": "PUT",
        "url": "http://localhost:8080/cqf-ruler/baseDstu3/Encounter/Encounter-1002"
      }
    },
    {
      "resource": {
        "resourceType": "Immunization",
        "id": "Immunization-210251",
        "status": "completed",
        "notGiven": false,
        "vaccineCode": {
          "coding": [
            {
              "system": "http://hl7.org/fhir/sid/cvx",
              "code": "140",
              "display": "Influenza, seasonal, injectable, preservative free"
            }
          ]
        },
        "patient": {
          "reference": "Patient/Patient-6512",
          "display": "Carolyn Gillespie Gallegos"
        },
        "date": "2026-09-29T09:36:36-04:00",
        "primarySource": true,
        "location": {
          "reference": "Location/Location-1102",
          "display": "Pediatric and Adult Medicine"
        },
        "practitioner": [
          {
            "actor": {
              "reference": "Practitioner/Practitioner-2529",
              "display": "Stanley Floyd Nielsen MD"
            }
          }
        ]
      },
      "request": {
        "method": "PUT",
        "url": "http://localhost:8080/cqf-ruler/baseDstu3/Immunization/Immunization-210251"
      }
    },
    {
      "resource": {
        "resourceType": "Immunization",
        "id": "Immunization-210252",
        "status": "completed",
        "notGiven": false,
        "vaccineCode": {
          "coding": [
            {
              "system": "http://hl7.org/fhir/sid/cvx",
              "code": "113",
              "display": "Td (adult) preservative free"
            }
          ]
        },
        "patient": {
          "reference": "Patient/Patient-6512",
          "display": "Carolyn Gillespie Gallegos"
        },
        "date": "2026-09-29T09:36:36-04:00",
        "primarySource": true,
        "location": {
          "reference": "Location/Location-1102",
          "display": "Pediatric and Adult Medicine"
        },
        "practitioner": [
          {
            "actor": {
              "reference": "Practitioner/Practitioner-2529",
              "display": "Stanley Floyd Nielsen MD"
            }
          }
        ]
      },
      "request": {
        "method": "PUT",
        "url": "http://localhost:8080/cqf-ruler/baseDstu3/Immunization/Immunization-210252"
      }
    },
    {
      "resource": {
        "resourceType": "Procedure",
        "id": "Procedure-236368",
        "status": "completed",
        "code": {
          "coding": [
            {
              "system": "http://loinc.org",
              "code": "29771-3",
              "display": "Hemoglobin.gastrointestinal [Presence] in Stool by Immunologic method"
            }
          ]
        },
        "subject": {
          "reference": "Patient/Patient-6512",
          "display": "Carolyn Gillespie Gallegos"
        },
        "context": {
          "reference": "Encounter/Encounter-1002",
          "display": "Pediatric and Adult Medicine"
        },
        "performedPeriod": {
          "start": "2026-10-05T09:36:36-04:00",
          "end": "2026-10-05T09:36:36-04:00"
        },
        "performer": [
          {
            "actor": {
              "reference": "Practitioner/Practitioner-2529",
              "display": "Stanley Floyd Nielsen MD"
            }
          }
        ],
        "location": {
          "reference": "Location/Location-1102",
          "display": "Pediatric and Adult Medicine"
        }
      },
      "request": {
        "method": "PUT",
        "url": "http://localhost:8080/cqf-ruler/baseDstu3/Procedure/Procedure-236368"
      }
    },
    {
      "resource": {
        "resourceType": "Observation",
        "id": "Observation-236369",
        "status": "final",
        "code": {
          "coding": [
            {
              "system": "http://loinc.org",
              "code": "12504-7",
              "display": "Hemoglobin.gastrointestinal [Presence] in Stool --5th specimen"
            }
          ]
        },
        "subject": {
          "reference": "Patient/Patient-6512",
          "display": "Carolyn Gillespie Gallegos"
        },
        "context": {
          "reference": "Encounter/Encounter-1002",
          "display": "Pediatric and Adult Medicine"
        },
        "effectiveDateTime": "2026-10-05T09:36:36-04:00",
        "performer": [
          {
            "reference": "Practitioner/Practitioner-2529",
            "display": "Stanley Floyd Nielsen MD"
          }
        ],
        "valueString": "NEGATIVE"
      },
      "request": {
        "method": "PUT",
        "url": "http://localhost:8080/cqf-ruler/baseDstu3/Observation/Observation-236369"
      }
    },
    {
      "resource": {
        "resourceType": "Observation",
        "id": "Observation-236370",
        "status": "final",
        "code": {
          "coding": [
            {
              "system": "http://loinc.org",
              "code": "8480-6",
              "display": "Systolic blood pressure"
            }
          ]
        },
        "subject": {
          "reference": "Patient/Patient-6512",
          "display": "Carolyn Gillespie Gallegos"
        },
        "context": {
          "reference": "Encounter/Encounter-1002",
          "display": "Pediatric and Adult Medicine"
        },
        "effectiveDateTime": "2026-10-05T09:36:36-04:00",
        "performer": [
          {
            "reference": "Practitioner/Practitioner-2529",
            "display": "Stanley Floyd Nielsen MD"
          }
        ],
        "valueQuantity": {
          "value": 147.0360584323734,
          "unit": "mmHg"
        }
      },
      "request": {
        "method": "PUT",
        "url": "http://localhost:8080/cqf-ruler/baseDstu3/Observation/Observation-236370"
      }
    },
    {
      "resource": {
        "resourceType": "Observation",
        "id": "Observation-236371",
        "status": "final",
        "code": {
          "coding": [
            {
              "system": "http://loinc.org",
              "code": "8462-4",
              "display": "Diastolic blood pressure"
            }
          ]
        },
        "subject": {
          "reference": "Patient/Patient-6512",
          "display": "Carolyn Gillespie Gallegos"
        },
        "context": {
          "reference": "Encounter/Encounter-1002",
          "display": "Pediatric and Adult Medicine"
        },
        "effectiveDateTime": "2026-10-05T09:36:36-04:00",
        "performer": [
          {
            "reference": "Practitioner/Practitioner-2529",
            "display": "Stanley Floyd Nielsen MD"
          }
        ],
        "valueQuantity": {
          "value": 72.58562926621666,
          "unit": "mmHg"
        }
      },
      "request": {
        "method": "PUT",
        "url": "http://localhost:8080/cqf-ruler/baseDstu3/Observation/Observation-236371"
      }
    },
    {
      "resource": {
        "resourceType": "Condition",
        "id": "Condition-236372",
        "clinicalStatus": "active",
        "verificationStatus": "confirmed",
        "code": {
          "coding": [
            {
              "system": "http://snomed.info/sct",
              "code": "59720008",
              "display": "Sustained diastolic hypertension"
            }
          ]
        },
        "subject": {
          "reference": "Patient/Patient-6512",
          "display": "Carolyn Gillespie Gallegos"
        },
        "context": {
          "reference": "Encounter/Encounter-1002",
          "display": "Pediatric and Adult Medicine"
        },
        "onsetDateTime": "2026-10-05T09:36:36-04:00",
        "assertedDate": "2026-10-05T09:36:36-04:00",
        "asserter": {
          "reference": "Practitioner/Practitioner-2529",
          "display": "Stanley Floyd Nielsen MD"
        }
      },
      "request": {
        "method": "PUT",
        "url": "http://localhost:8080/cqf-ruler/baseDstu3/Condition/Condition-236372"
      }
    },
    {
      "resource": {
        "resourceType": "Procedure",
        "id": "Procedure-236373",
        "status": "completed",
        "code": {
          "coding": [
            {
              "system": "http://snomed.info/sct",
              "code": "43204002",
              "display": "Bilateral mammography (procedure)"
            }
          ]
        },
        "subject": {
          "reference": "Patient/Patient-6512",
          "display": "Carolyn Gillespie Gallegos"
        },
        "context": {
          "reference": "Encounter/Encounter-1002",
          "display": "Pediatric and Adult Medicine"
        },
        "performedPeriod": {
          "start": "2026-10-05T09:36:36-04:00",
          "end": "2026-10-05T09:36:36-04:00"
        },
        "performer": [
          {
            "actor": {
              "reference": "Practitioner/Practitioner-2529",
              "display": "Stanley Floyd Nielsen MD"
            }
          }
        ],
        "location": {
          "reference": "Location/Location-1102",
          "display": "Pediatric and Adult Medicine"
        }
      },
      "request": {
        "method": "PUT",
        "url": "http://localhost:8080/cqf-ruler/baseDstu3/Procedure/Procedure-236373"
      }
    },
    {
      "resource": {
        "resourceType": "Observation",
        "id": "Observation-236374",
        "status": "final",
        "code": {
          "coding": [
            {
              "system": "http://snomed.info/sct",
              "code": "168749009",
              "display": "Mammography normal (finding)"
            }
          ]
        },
        "subject": {
          "reference": "Patient/Patient-6512",
          "display": "Carolyn Gillespie Gallegos"
        },
        "context": {
          "reference": "Encounter/Encounter-1002",
          "display": "Pediatric and Adult Medicine"
        },
        "effectiveDateTime": "2026-10-05T09:36:36-04:00",
        "performer": [
          {
            "reference": "Practitioner/Practitioner-2529",
            "display": "Stanley Floyd Nielsen MD"
          }
        ],
        "valueString": "NEGATIVE"
      },
      "request": {
        "method": "PUT",
        "url": "http://localhost:8080/cqf-ruler/baseDstu3/Observation/Observation-236374"
      }
    },
    {
      "resource": {
        "resourceType": "DiagnosticReport",
        "id": "DiagnosticReport-236375",
        "status": "final",
        "code": {
          "coding": [
            {
              "system": "http://loinc.org",
              "code": "38091-5",
              "display": "Breast - left Mammogram W air"
            }
          ]
        },
        "subject": {
          "reference": "Patient/Patient-6512",
          "display": "Carolyn Gillespie Gallegos"
        },
        "context": {
          "reference": "Encounter/Encounter-1002",
          "display": "Pediatric and Adult Medicine"
        },
        "effectivePeriod": {
          "start": "2026-10-05T09:36:36-04:00",
          "end": "2026-10-05T09:36:36-04:00"
        },
        "result": [
          {
            "reference": "Observation/Observation-236374",
            "display": "No_Cancer_Detected"
          }
        ]
      },
      "request": {
        "method": "PUT",
        "url": "http://localhost:8080/cqf-ruler/baseDstu3/DiagnosticReport/DiagnosticReport-236375"
      }
    },
    {
      "resource": {
        "resourceType": "Procedure",
        "id": "Procedure-236376",
        "status": "completed",
        "code": {
          "coding": [
            {
              "system": "http://loinc.org",
              "code": "19774-9",
              "display": "Cytology study comment Cervical or vaginal smear or scraping Cyto stain"
            }
          ]
        },
        "subject": {
          "reference": "Patient/Patient-6512",
          "display": "Carolyn Gillespie Gallegos"
        },
        "context": {
          "reference": "Encounter/Encounter-1002",
          "display": "Pediatric and Adult Medicine"
        },
        "performedPeriod": {
          "start": "2026-10-05T09:36:36-04:00",
          "end": "2026-10-05T09:36:36-04:00"
        },
        "performer": [
          {
            "actor": {
              "reference": "Practitioner/Practitioner-2529",
              "display": "Stanley Floyd Nielsen MD"
            }
          }
        ],
        "location": {
          "reference": "Location/Location-1102",
          "display": "Pediatric and Adult Medicine"
        }
      },
      "request": {
        "method": "PUT",
        "url": "http://localhost:8080/cqf-ruler/baseDstu3/Procedure/Procedure-236376"
      }
    },
    {
      "resource": {
        "resourceType": "Observation",
        "id": "Observation-236377",
        "status": "final",
        "code": {
          "coding": [
            {
              "system": "http://snomed.info/sct",
              "code": "289829007",
              "display": "Normal uterine cervix (finding)"
            }
          ]
        },
        "subject": {
          "reference": "Patient/Patient-6512",
          "display": "Carolyn Gillespie Gallegos"
        },
        "context": {
          "reference": "Encounter/Encounter-1002",
          "display": "Pediatric and Adult Medicine"
        },
        "effectiveDateTime": "2026-10-05T09:36:36-04:00",
        "performer": [
          {
            "reference": "Practitioner/Practitioner-2529",
            "display": "Stanley Floyd Nielsen MD"
          }
        ],
        "valueString": "NEGATIVE"
      },
      "request": {
        "method": "PUT",
        "url": "http://localhost:8080/cqf-ruler/baseDstu3/Observation/Observation-236377"
      }
    },
    {
      "resource": {
        "resourceType": "DiagnosticReport",
        "id": "DiagnosticReport-236378",
        "status": "final",
        "code": {
          "coding": [
            {
              "system": "http://loinc.org",
              "code": "69251-7",
              "display": "Breast Mammogram Post Wire Placement"
            }
          ]
        },
        "subject": {
          "reference": "Patient/Patient-6512",
          "display": "Carolyn Gillespie Gallegos"
        },
        "context": {
          "reference": "Encounter/Encounter-1002",
          "display": "Pediatric and Adult Medicine"
        },
        "effectivePeriod": {
          "start": "2026-10-05T09:36:36-04:00",
          "end": "2026-10-05T09:36:36-04:00"
        },
        "result": [
          {
            "reference": "Observation/Observation-236377",
            "display": "No_Cancer_Detected"
          }
        ]
      },
      "request": {
        "method": "PUT",
        "url": "http://localhost:8080/cqf-ruler/baseDstu3/DiagnosticReport/DiagnosticReport-236378"
      }
    },
    {
      "resource": {
        "resourceType": "Observation",
        "id": "Observation-236379",
        "status": "final",
        "category": [
          {
            "coding": [
              {
                "system": "http://hl7.org/fhir/observation-category",
                "code": "vital-signs",
                "display": "vital-signs"
              }
            ]
          }
        ],
        "code": {
          "coding": [
            {
              "system": "http://loinc.org",
              "code": "8716-3",
              "display": "Vital Signs Panel"
            }
          ]
        },
        "subject": {
          "reference": "Patient/Patient-6512",
          "display": "Carolyn Gillespie Gallegos"
        },
        "context": {
          "reference": "Encounter/Encounter-1002",
          "display": "Pediatric and Adult Medicine"
        },
        "effectivePeriod": {
          "start": "2026-10-05T09:36:36-04:00",
          "end": "2026-10-05T09:36:36-04:00"
        },
        "valueQuantity": {
          "value": 72.58562926621666,
          "unit": "mmHg"
        },
        "component": [
          {
            "code": {
              "coding": [
                {
                  "system": "http://loinc.org",
                  "code": "8302-2",
                  "display": "Height"
                }
              ]
            }
          },
          {
            "code": {
              "coding": [
                {
                  "system": "http://loinc.org",
                  "code": "29463-7",
                  "display": "Weight"
                }
              ]
            }
          },
          {
            "code": {
              "coding": [
                {
                  "system": "http://loinc.org",
                  "code": "39156-5",
                  "display": "BMI"
                }
              ]
            }
          },
          {
            "code": {
              "coding": [
                {
                  "system": "http://loinc.org",
                  "code": "8310-5",
                  "display": "Temperature"
                }
              ]
            }
          },
          {
            "code": {
              "coding": [
                {
                  "system": "http://loinc.org",
                  "code": "8459-0",
                  "display": "Systolic Blood Pressure"
                }
              ]
            }
          },
          {
            "code": {
              "coding": [
                {
                  "system": "http://loinc.org",
                  "code": "8453-3",
                  "display": "Diastolic Blood Pressure"
                }
              ]
            }
          }
        ]
      },
      "request": {
        "method": "PUT",
        "url": "http://localhost:8080/cqf-ruler/baseDstu3/Observation/Observation-236379"
      }
    }
  ]
}