{
  "resourceType": "Bundle",
  "type": "transaction",
  "entry": [
    {
      "resource": {
        "resourceType": "Encounter",
        "id": "Encounter-590",
        "status": "finished",
        "class": {
          "system": "http://hl7.org/fhir/encounter-class",
          "code": "other",
          "display": "Other"
        },
        "subject": {
          "reference": "Patient/Patient-6550",
          "display": "Claude Roberto Andersen Jr"
        },
        "participant": [
          {
            "period": {
              "start": "2022-01-17T09:36:36-05:00",
              "end": "2022-01-17T09:36:36-05:00"
            },
            "individual": {
              "reference": "Practitioner/Practitioner-2527",
              "display": "Lee Chris Mejia MD"
            }
          }
        ],
        "period": {
          "start": "2022-01-17T09:36:36-05:00",
          "end": "2022-01-17T09:36:36-05:00"
        },
        "location": [
          {
            "location": {
              "reference": "Location/Location-1106",
              "display": "Cranston Family Medical"
            }
          }
        ],
        "serviceProvider": {
          "reference": "Organization/Organization-1106",
          "display": "Cranston Family Medical"
        }
      },
      "request": {
        "method": "PUT",
        "url": "http://localhost:8080/cqf-ruler/baseDstu3/Encounter/Encounter-590"
      }
    },
    {
      "resource": {
        "resourceType": "Immunization",
        "id": "Immunization-89562",
        "status": "completed",
        "notGiven": false,
        "vaccineCode": {
          "coding": [
            {
              "system": "http://hl7.org/fhir/sid/cvx",
              "code": "140",
              "display": "Influenza, seasonal, injectable, preservative free"
            }
          ]
        },
        "patient": {
          "reference": "Patient/Patient-6550",
          "display": "Claude Roberto Andersen Jr"
        },
        "date": "2022-01-11T09:36:36-05:00",
        "primarySource": true,
        "location": {
          "reference": "Location/Location-1106",
          "display": "Cranston Family Medical"
        },
        "practitioner": [
          {
            "actor": {
              "reference": "Practitioner/Practitioner-2527",
              "display": "Lee Chris Mejia MD"
            }
          }
        ]
      },
      "request": {
        "method": "PUT",
        "url": "http://localhost:8080/cqf-ruler/baseDstu3/Immunization/Immunization-89562"
      }
    },
    {
      "resource": {
        "resourceType": "Immunization",
        "id": "Immunization-89563",
        "status": "completed",
        "notGiven": false,
        "vaccineCode": {
          "coding": [
            {
              "system": "http://hl7.org/fhir/sid/cvx",
              "code": "113",
              "display": "Td (adult) preservative free"
            }
          ]
        },
        "patient": {
          "reference": "Patient/Patient-6550",
          "display": "Claude Roberto Andersen Jr"
        },
        "date": "2022-01-11T09:36:36-05:00",
        "primarySource": true,
        "location": {
          "reference": "Location/Location-1106",
          "display": "Cranston Family Medical"
        },
        "practitioner": [
          {
            "actor": {
              "reference": "Practitioner/Practitioner-2527",
              "display": "Lee Chris Mejia MD"
            }
          }
        ]
      },
      "request": {
        "method": "PUT",
        "url": "http://localhost:8080/cqf-ruler/baseDstu3/Immunization/Immunization-89563"
      }
    },
    {
      "resource": {
        "resourceType": "Procedure",
        "id": "Procedure-115609",
        "status": "completed",
        "code": {
          "coding": [
            {
              "system": "http://loinc.org",
              "code": "14564-9",
              "display": "Hemoglobin.gastrointestinal [Presence] in Stool --2nd specimen"
            }
          ]
        },
        "subject": {
          "reference": "Patient/Patient-6550",
          "display": "Claude Roberto Andersen Jr"
        },
        "context": {
          "reference": "Encounter/Encounter-590",
          "display": "Cranston Family Medical"
        },
        "performedPeriod": {
          "start": "2022-01-17T09:36:36-05:00",
          "end": "2022-01-17T09:36:36-05:00"
        },
        "performer": [
          {
            "actor": {
              "reference": "Practitioner/Practitioner-2527",
              "display": "Lee Chris Mejia MD"
            }
          }
        ],
        "location": {
          "reference": "Location/Location-1106",
          "display": "Cranston Family Medical"
        }
      },
      "request": {
        "method": "PUT",
        "url": "http://localhost:8080/cqf-ruler/baseDstu3/Procedure/Procedure-115609"
      }
    },
    {
      "resource": {
        "resourceType": "Observation",
        "id": "Observation-115610",
        "status": "final",
        "code": {
          "coding": [
            {
              "system": "http://loinc.org",
              "code": "58453-2",
              "display": "Hemoglobin.gastrointestinal [Mass/volume] in Stool by Immunologic method"
            }
          ]
        },
        "subject": {
          "reference": "Patient/Patient-6550",
          "display": "Claude Roberto Andersen Jr"
        },
        "context": {
          "reference": "Encounter/Encounter-590",
          "display": "Cranston Family Medical"
        },
        "effectiveDateTime": "2022-01-17T09:36:36-05:00",
        "performer": [
          {
            "reference": "Practitioner/Practitioner-2527",
            "display": "Lee Chris Mejia MD"
          }
        ],
        "valueString": "NEGATIVE"
      },
      "request": {
        "method": "PUT",
        "url": "http://localhost:8080/cqf-ruler/baseDstu3/Observation/Observation-115610"
      }
    },
    {
      "resource": {
        "resourceType": "Observation",
        "id": "Observation-115611",
        "status": "final",
        "code": {
          "coding": [
            {
              "system": "http://loinc.org",
              "code": "8480-6",
              "display": "Systolic blood pressure"
            }
          ]
        },
        "subject": {
          "reference": "Patient/Patient-6550",
          "display": "Claude Roberto Andersen Jr"
        },
        "context": {
          "reference": "Encounter/Encounter-590",
          "display": "Cranston Family Medical"
        },
        "effectiveDateTime": "2022-01-17T09:36:36-05:00",
        "performer": [
          {
            "reference": "Practitioner/Practitioner-2527",
            "display": "Lee Chris Mejia MD"
          }
        ],
        "valueQuantity": {
          "value": 171.55993740832955,
          "unit": "mmHg"
        }
      },
      "request": {
        "method": "PUT",
        "url": "http://localhost:8080/cqf-ruler/baseDstu3/Observation/Observation-115611"
      }
    },
    {
      "resource": {
        "resourceType": "Observation",
        "id": "Observation-115612",
        "status": "final",
        "code": {
          "coding": [
            {
              "system": "http://loinc.org",
              "code": "8462-4",
              "display": "Diastolic blood pressure"
            }
          ]
        },
        "subject": {
          "reference": "Patient/Patient-6550",
          "display": "Claude Roberto Andersen Jr"
        },
        "context": {
          "reference": "Encounter/Encounter-590",
          "display": "Cranston Family Medical"
        },
        "effectiveDateTime": "2022-01-17T09:36:36-05:00",
        "performer": [
          {
            "reference": "Practitioner/Practitioner-2527",
            "display": "Lee Chris Mejia MD"
          }
        ],
        "valueQuantity": {
          "value": 103.76834935046912,
          "unit": "mmHg"
        }
      },
      "request": {
        "method": "PUT",
        "url": "http://localhost:8080/cqf-ruler/baseDstu3/Observation/Observation-115612"
      }
    },
    {
      "resource": {
        "resourceType": "Condition",
        "id": "Condition-115613",
        "clinicalStatus": "active",
        "verificationStatus": "confirmed",
        "code": {
          "coding": [
            {
              "system": "http://snomed.info/sct",
              "code": "59621000",
              "display": "Essential hypertension"
            }
          ]
        },
        "subject": {
          "reference": "Patient/Patient-6550",
          "display": "Claude Roberto Andersen Jr"
        },
        "context": {
          "reference": "Encounter/Encounter-590",
          "display": "Cranston Family Medical"
        },
        "onsetDateTime": "2022-01-17T09:36:36-05:00",
        "assertedDate": "2022-01-17T09:36:36-05:00",
        "asserter": {
          "reference": "Practitioner/Practitioner-2527",
          "display": "Lee Chris Mejia MD"
        }
      },
      "request": {
        "method": "PUT",
        "url": "http://localhost:8080/cqf-ruler/baseDstu3/Condition/Condition-115613"
      }
    },
    {
      "resource": {
        "resourceType": "Observation",
        "id": "Observation-115614",
        "status": "final",
        "category": [
          {
            "coding": [
              {
                "system": "http://hl7.org/fhir/observation-category",
                "code": "vital-signs",
                "display": "vital-signs"
              }
            ]
          }
        ],
        "code": {
          "coding": [
            {
              "system": "http://loinc.org",
              "code": "8716-3",
              "display": "Vital Signs Panel"
            }
          ]
        },
        "subject": {
          "reference": "Patient/Patient-6550",
          "display": "Claude Roberto Andersen Jr"
        },
        "context": {
          "reference": "Encounter/Encounter-590",
          "display": "Cranston Family Medical"
        },
        "effectivePeriod": {
          "start": "2022-01-17T09:36:36-05:00",
          "end": "2022-01-17T09:36:36-05:00"
        },
        "valueQuantity": {
          "value": 103.76834935046912,
          "unit": "mmHg"
        },
        "component": [
          {
            "code": {
              "coding": [
                {
                  "system": "http://loinc.org",
                  "code": "8302-2",
                  "display": "Height"
                }
              ]
            }
          },
          {
            "code": {
              "coding": [
                {
                  "system": "http://loinc.org",
                  "code": "29463-7",
                  "display": "Weight"
                }
              ]
            }
          },
          {
            "code": {
              "coding": [
                {
                  "system": "http://loinc.org",
                  "code": "39156-5",
                  "display": "BMI"
                }
              ]
            }
          },
          {
            "code": {
              "coding": [
                {
                  "system": "http://loinc.org",
                  "code": "8310-5",
                  "display": "Temperature"
                }
              ]
            }
          },
          {
            "code": {
              "coding": [
                {
                  "system": "http://loinc.org",
                  "code": "8459-0",
                  "display": "Systolic Blood Pressure"
                }
              ]
            }
          },
          {
            "code": {
              "coding": [
                {
                  "system": "http://loinc.org",
                  "code": "8453-3",
                  "display": "Diastolic Blood Pressure"
                }
              ]
            }
          }
        ]
      },
      "request": {
        "method": "PUT",
        "url": "http://localhost:8080/cqf-ruler/baseDstu3/Observation/Observation-115614"
      }
    }
  ]
}