{
  "resourceType": "Bundle",
  "type": "transaction",
  "entry": [
    {
      "resource": {
        "resourceType": "Encounter",
        "id": "Encounter-397",
        "status": "finished",
        "class": {
          "system": "http://hl7.org/fhir/encounter-class",
          "code": "other",
          "display": "Other"
        },
        "subject": {
          "reference": "Patient/Patient-6487",
          "display": "Cassandra Graham Vasquez"
        },
        "participant": [
          {
            "period": {
              "start": "2019-12-16T09:36:36-05:00",
              "end": "2019-12-16T09:36:36-05:00"
            },
            "individual": {
              "reference": "Practitioner/Practitioner-2524",
              "display": "Willie Vincent Riddle MD"
            }
          }
        ],
        "period": {
          "start": "2019-12-16T09:36:36-05:00",
          "end": "2019-12-16T09:36:36-05:00"
        },
        "location": [
          {
            "location": {
              "reference": "Location/Location-1103",
              "display": "Acme Medical Center"
            }
          }
        ],
        "serviceProvider": {
          "reference": "Organization/Organization-1103",
          "display": "Acme Medical Center"
        }
      },
      "request": {
        "method": "PUT",
        "url": "http://localhost:8080/cqf-ruler/baseDstu3/Encounter/Encounter-397"
      }
    },
    {
      "resource": {
        "resourceType": "Immunization",
        "id": "Immunization-33487",
        "status": "completed",
        "notGiven": false,
        "vaccineCode": {
          "coding": [
            {
              "system": "http://hl7.org/fhir/sid/cvx",
              "code": "140",
              "display": "Influenza, seasonal, injectable, preservative free"
            }
          ]
        },
        "patient": {
          "reference": "Patient/Patient-6487",
          "display": "Cassandra Graham Vasquez"
        },
        "date": "2019-12-10T09:36:36-05:00",
        "primarySource": true,
        "location": {
          "reference": "Location/Location-1103",
          "display": "Acme Medical Center"
        },
        "practitioner": [
          {
            "actor": {
              "reference": "Practitioner/Practitioner-2524",
              "display": "Willie Vincent Riddle MD"
            }
          }
        ]
      },
      "request": {
        "method": "PUT",
        "url": "http://localhost:8080/cqf-ruler/baseDstu3/Immunization/Immunization-33487"
      }
    },
    {
      "resource": {
        "resourceType": "Procedure",
        "id": "Procedure-61362",
        "status": "completed",
        "code": {
          "coding": [
            {
              "system": "http://loinc.org",
              "code": "27925-7",
              "display": "Hemoglobin.gastrointestinal [Presence] in Stool --7th specimen"
            }
          ]
        },
        "subject": {
          "reference": "Patient/Patient-6487",
          "display": "Cassandra Graham Vasquez"
        },
        "context": {
          "reference": "Encounter/Encounter-397",
          "display": "Acme Medical Center"
        },
        "performedPeriod": {
          "start": "2019-12-16T09:36:36-05:00",
          "end": "2019-12-16T09:36:36-05:00"
        },
        "performer": [
          {
            "actor": {
              "reference": "Practitioner/Practitioner-2524",
              "display": "Willie Vincent Riddle MD"
            }
          }
        ],
        "location": {
          "reference": "Location/Location-1103",
          "display": "Acme Medical Center"
        }
      },
      "request": {
        "method": "PUT",
        "url": "http://localhost:8080/cqf-ruler/baseDstu3/Procedure/Procedure-61362"
      }
    },
    {
      "resource": {
        "resourceType": "Observation",
        "id": "Observation-61363",
        "status": "final",
        "code": {
          "coding": [
            {
              "system": "http://loinc.org",
              "code": "27396-1",
              "display": "Hemoglobin.gastrointestinal [Mass/mass] in Stool"
            }
          ]
        },
        "subject": {
          "reference": "Patient/Patient-6487",
          "display": "Cassandra Graham Vasquez"
        },
        "context": {
          "reference": "Encounter/Encounter-397",
          "display": "Acme Medical Center"
        },
        "effectiveDateTime": "2019-12-16T09:36:36-05:00",
        "performer": [
          {
            "reference": "Practitioner/Practitioner-2524",
            "display": "Willie Vincent Riddle MD"
          }
        ],
        "valueString": "NEGATIVE"
      },
      "request": {
        "method": "PUT",
        "url": "http://localhost:8080/cqf-ruler/baseDstu3/Observation/Observation-61363"
      }
    },
    {
      "resource": {
        "resourceType": "Observation",
        "id": "Observation-61364",
        "status": "final",
        "code": {
          "coding": [
            {
              "system": "http://loinc.org",
              "code": "8480-6",
              "display": "Systolic blood pressure"
            }
          ]
        },
        "subject": {
          "reference": "Patient/Patient-6487",
          "display": "Cassandra Graham Vasquez"
        },
        "context": {
          "reference": "Encounter/Encounter-397",
          "display": "Acme Medical Center"
        },
        "effectiveDateTime": "2019-12-16T09:36:36-05:00",
        "performer": [
          {
            "reference": "Practitioner/Practitioner-2524",
            "display": "Willie Vincent Riddle MD"
          }
        ],
        "valueQuantity": {
          "value": 135.57482671009777,
          "unit": "mmHg"
        }
      },
      "request": {
        "method": "PUT",
        "url": "http://localhost:8080/cqf-ruler/baseDstu3/Observation/Observation-61364"
      }
    },
    {
      "resource": {
        "resourceType": "Observation",
        "id": "Observation-61365",
        "status": "final",
        "code": {
          "coding": [
            {
              "system": "http://loinc.org",
              "code": "8462-4",
              "display": "Diastolic blood pressure"
            }
          ]
        },
        "subject": {
          "reference": "Patient/Patient-6487",
          "display": "Cassandra Graham Vasquez"
        },
        "context": {
          "reference": "Encounter/Encounter-397",
          "display": "Acme Medical Center"
        },
        "effectiveDateTime": "2019-12-16T09:36:36-05:00",
        "performer": [
          {
            "reference": "Practitioner/Practitioner-2524",
            "display": "Willie Vincent Riddle MD"
          }
        ],
        "valueQuantity": {
          "value": 91.07536887101173,
          "unit": "mmHg"
        }
      },
      "request": {
        "method": "PUT",
        "url": "http://localhost:8080/cqf-ruler/baseDstu3/Observation/Observation-61365"
      }
    },
    {
      "resource": {
        "resourceType": "Condition",
        "id": "Condition-61366",
        "clinicalStatus": "active",
        "verificationStatus": "confirmed",
        "code": {
          "coding": [
            {
              "system": "http://snomed.info/sct",
              "code": "56218007",
              "display": "Systolic hypertension"
            }
          ]
        },
        "subject": {
          "reference": "Patient/Patient-6487",
          "display": "Cassandra Graham Vasquez"
        },
        "context": {
          "reference": "Encounter/Encounter-397",
          "display": "Acme Medical Center"
        },
        "onsetDateTime": "2019-12-16T09:36:36-05:00",
        "assertedDate": "2019-12-16T09:36:36-05:00",
        "asserter": {
          "reference": "Practitioner/Practitioner-2524",
          "display": "Willie Vincent Riddle MD"
        }
      },
      "request": {
        "method": "PUT",
        "url": "http://localhost:8080/cqf-ruler/baseDstu3/Condition/Condition-61366"
      }
    },
    {
      "resource": {
        "resourceType": "Procedure",
        "id": "Procedure-61367",
        "status": "completed",
        "code": {
          "coding": [
            {
              "system": "http://snomed.info/sct",
              "code": "43204002",
              "display": "Bilateral mammography (procedure)"
            }
          ]
        },
        "subject": {
          "reference": "Patient/Patient-6487",
          "display": "Cassandra Graham Vasquez"
        },
        "context": {
          "reference": "Encounter/Encounter-397",
          "display": "Acme Medical Center"
        },
        "performedPeriod": {
          "start": "2019-12-16T09:36:36-05:00",
          "end": "2019-12-16T09:36:36-05:00"
        },
        "performer": [
          {
            "actor": {
              "reference": "Practitioner/Practitioner-2524",
              "display": "Willie Vincent Riddle MD"
            }
          }
        ],
        "location": {
          "reference": "Location/Location-1103",
          "display": "Acme Medical Center"
        }
      },
      "request": {
        "method": "PUT",
        "url": "http://localhost:8080/cqf-ruler/baseDstu3/Procedure/Procedure-61367"
      }
    },
    {
      "resource": {
        "resourceType": "Observation",
        "id": "Observation-61368",
        "status": "final",
        "code": {
          "coding": [
            {
              "system": "http://snomed.info/sct",
              "code": "168749009",
              "display": "Mammography normal (finding)"
            }
          ]
        },
        "subject": {
          "reference": "Patient/Patient-6487",
          "display": "Cassandra Graham Vasquez"
        },
        "context": {
          "reference": "Encounter/Encounter-397",
          "display": "Acme Medical Center"
        },
        "effectiveDateTime": "2019-12-16T09:36:36-05:00",
        "performer": [
          {
            "reference": "Practitioner/Practitioner-2524",
            "display": "Willie Vincent Riddle MD"
          }
        ],
        "valueString": "NEGATIVE"
      },
      "request": {
        "method": "PUT",
        "url": "http://localhost:8080/cqf-ruler/baseDstu3/Observation/Observation-61368"
      }
    },
    {
      "resource": {
        "resourceType": "DiagnosticReport",
        "id": "DiagnosticReport-61369",
        "status": "final",
        "code": {
          "coding": [
            {
              "system": "http://loinc.org",
              "code": "69259-0",
              "display": "Breast implant - right Mammogram diagnostic"
            }
          ]
        },
        "subject": {
          "reference": "Patient/Patient-6487",
          "display": "Cassandra Graham Vasquez"
        },
        "context": {
          "reference": "Encounter/Encounter-397",
          "display": "Acme Medical Center"
        },
        "effectivePeriod": {
          "start": "2019-12-16T09:36:36-05:00",
          "end": "2019-12-16T09:36:36-05:00"
        },
        "result": [
          {
            "reference": "Observation/Observation-61368",
            "display": "No_Cancer_Detected"
          }
        ]
      },
      "request": {
        "method": "PUT",
        "url": "http://localhost:8080/cqf-ruler/baseDstu3/DiagnosticReport/DiagnosticReport-61369"
      }
    },
    {
      "resource": {
        "resourceType": "Observation",
        "id": "Observation-61370",
        "status": "final",
        "category": [
          {
            "coding": [
              {
                "system": "http://hl7.org/fhir/observation-category",
                "code": "vital-signs",
                "display": "vital-signs"
              }
            ]
          }
        ],
        "code": {
          "coding": [
            {
              "system": "http://loinc.org",
              "code": "8716-3",
              "display": "Vital Signs Panel"
            }
          ]
        },
        "subject": {
          "reference": "Patient/Patient-6487",
          "display": "Cassandra Graham Vasquez"
        },
        "context": {
          "reference": "Encounter/Encounter-397",
          "display": "Acme Medical Center"
        },
        "effectivePeriod": {
          "start": "2019-12-16T09:36:36-05:00",
          "end": "2019-12-16T09:36:36-05:00"
        },
        "valueQuantity": {
          "value": 91.07536887101173,
          "unit": "mmHg"
        },
        "component": [
          {
            "code": {
              "coding": [
                {
                  "system": "http://loinc.org",
                  "code": "8302-2",
                  "display": "Height"
                }
              ]
            }
          },
          {
            "code": {
              "coding": [
                {
                  "system": "http://loinc.org",
                  "code": "29463-7",
                  "display": "Weight"
                }
              ]
            }
          },
          {
            "code": {
              "coding": [
                {
                  "system": "http://loinc.org",
                  "code": "39156-5",
                  "display": "BMI"
                }
              ]
            }
          },
          {
            "code": {
              "coding": [
                {
                  "system": "http://loinc.org",
                  "code": "8310-5",
                  "display": "Temperature"
                }
              ]
            }
          },
          {
            "code": {
              "coding": [
                {
                  "system": "http://loinc.org",
                  "code": "8459-0",
                  "display": "Systolic Blood Pressure"
                }
              ]
            }
          },
          {
            "code": {
              "coding": [
                {
                  "system": "http://loinc.org",
                  "code": "8453-3",
                  "display": "Diastolic Blood Pressure"
                }
              ]
            }
          }
        ]
      },
      "request": {
        "method": "PUT",
        "url": "http://localhost:8080/cqf-ruler/baseDstu3/Observation/Observation-61370"
      }
    }
  ]
}