{
  "resourceType": "Bundle",
  "type": "transaction",
  "entry": [
    {
      "resource": {
        "resourceType": "Encounter",
        "id": "Encounter-1025",
        "status": "finished",
        "class": {
          "system": "http://hl7.org/fhir/encounter-class",
          "code": "other",
          "display": "Other"
        },
        "subject": {
          "reference": "Patient/Patient-6533",
          "display": "Tammy Toni Robbins"
        },
        "participant": [
          {
            "period": {
              "start": "2026-12-28T09:36:36-05:00",
              "end": "2026-12-28T09:36:36-05:00"
            },
            "individual": {
              "reference": "Practitioner/Practitioner-2530",
              "display": "Terrence Ramirez McCormick MD"
            }
          }
        ],
        "period": {
          "start": "2026-12-28T09:36:36-05:00",
          "end": "2026-12-28T09:36:36-05:00"
        },
        "location": [
          {
            "location": {
              "reference": "Location/Location-1103",
              "display": "Acme Medical Center"
            }
          }
        ],
        "serviceProvider": {
          "reference": "Organization/Organization-1103",
          "display": "Acme Medical Center"
        }
      },
      "request": {
        "method": "PUT",
        "url": "http://localhost:8080/cqf-ruler/baseDstu3/Encounter/Encounter-1025"
      }
    },
    {
      "resource": {
        "resourceType": "Immunization",
        "id": "Immunization-216695",
        "status": "completed",
        "notGiven": false,
        "vaccineCode": {
          "coding": [
            {
              "system": "http://hl7.org/fhir/sid/cvx",
              "code": "140",
              "display": "Influenza, seasonal, injectable, preservative free"
            }
          ]
        },
        "patient": {
          "reference": "Patient/Patient-6533",
          "display": "Tammy Toni Robbins"
        },
        "date": "2026-12-22T09:36:36-05:00",
        "primarySource": true,
        "location": {
          "reference": "Location/Location-1103",
          "display": "Acme Medical Center"
        },
        "practitioner": [
          {
            "actor": {
              "reference": "Practitioner/Practitioner-2530",
              "display": "Terrence Ramirez McCormick MD"
            }
          }
        ]
      },
      "request": {
        "method": "PUT",
        "url": "http://localhost:8080/cqf-ruler/baseDstu3/Immunization/Immunization-216695"
      }
    },
    {
      "resource": {
        "resourceType": "Immunization",
        "id": "Immunization-216696",
        "status": "completed",
        "notGiven": false,
        "vaccineCode": {
          "coding": [
            {
              "system": "http://hl7.org/fhir/sid/cvx",
              "code": "113",
              "display": "Td (adult) preservative free"
            }
          ]
        },
        "patient": {
          "reference": "Patient/Patient-6533",
          "display": "Tammy Toni Robbins"
        },
        "date": "2026-12-22T09:36:36-05:00",
        "primarySource": true,
        "location": {
          "reference": "Location/Location-1103",
          "display": "Acme Medical Center"
        },
        "practitioner": [
          {
            "actor": {
              "reference": "Practitioner/Practitioner-2530",
              "display": "Terrence Ramirez McCormick MD"
            }
          }
        ]
      },
      "request": {
        "method": "PUT",
        "url": "http://localhost:8080/cqf-ruler/baseDstu3/Immunization/Immunization-216696"
      }
    },
    {
      "resource": {
        "resourceType": "Procedure",
        "id": "Procedure-242475",
        "status": "completed",
        "code": {
          "coding": [
            {
              "system": "http://loinc.org",
              "code": "14563-1",
              "display": "Hemoglobin.gastrointestinal [Presence] in Stool --1st specimen"
            }
          ]
        },
        "subject": {
          "reference": "Patient/Patient-6533",
          "display": "Tammy Toni Robbins"
        },
        "context": {
          "reference": "Encounter/Encounter-1025",
          "display": "Acme Medical Center"
        },
        "performedPeriod": {
          "start": "2026-12-28T09:36:36-05:00",
          "end": "2026-12-28T09:36:36-05:00"
        },
        "performer": [
          {
            "actor": {
              "reference": "Practitioner/Practitioner-2530",
              "display": "Terrence Ramirez McCormick MD"
            }
          }
        ],
        "location": {
          "reference": "Location/Location-1103",
          "display": "Acme Medical Center"
        }
      },
      "request": {
        "method": "PUT",
        "url": "http://localhost:8080/cqf-ruler/baseDstu3/Procedure/Procedure-242475"
      }
    },
    {
      "resource": {
        "resourceType": "Observation",
        "id": "Observation-242476",
        "status": "final",
        "code": {
          "coding": [
            {
              "system": "http://loinc.org",
              "code": "14563-1",
              "display": "Hemoglobin.gastrointestinal [Presence] in Stool --1st specimen"
            }
          ]
        },
        "subject": {
          "reference": "Patient/Patient-6533",
          "display": "Tammy Toni Robbins"
        },
        "context": {
          "reference": "Encounter/Encounter-1025",
          "display": "Acme Medical Center"
        },
        "effectiveDateTime": "2026-12-28T09:36:36-05:00",
        "performer": [
          {
            "reference": "Practitioner/Practitioner-2530",
            "display": "Terrence Ramirez McCormick MD"
          }
        ],
        "valueString": "POSITIVE"
      },
      "request": {
        "method": "PUT",
        "url": "http://localhost:8080/cqf-ruler/baseDstu3/Observation/Observation-242476"
      }
    },
    {
      "resource": {
        "resourceType": "Observation",
        "id": "Observation-242477",
        "status": "final",
        "code": {
          "coding": [
            {
              "system": "http://loinc.org",
              "code": "8480-6",
              "display": "Systolic blood pressure"
            }
          ]
        },
        "subject": {
          "reference": "Patient/Patient-6533",
          "display": "Tammy Toni Robbins"
        },
        "context": {
          "reference": "Encounter/Encounter-1025",
          "display": "Acme Medical Center"
        },
        "effectiveDateTime": "2026-12-28T09:36:36-05:00",
        "performer": [
          {
            "reference": "Practitioner/Practitioner-2530",
            "display": "Terrence Ramirez McCormick MD"
          }
        ],
        "valueQuantity": {
          "value": 133.8344570204083,
          "unit": "mmHg"
        }
      },
      "request": {
        "method": "PUT",
        "url": "http://localhost:8080/cqf-ruler/baseDstu3/Observation/Observation-242477"
      }
    },
    {
      "resource": {
        "resourceType": "Observation",
        "id": "Observation-242478",
        "status": "final",
        "code": {
          "coding": [
            {
              "system": "http://loinc.org",
              "code": "8462-4",
              "display": "Diastolic blood pressure"
            }
          ]
        },
        "subject": {
          "reference": "Patient/Patient-6533",
          "display": "Tammy Toni Robbins"
        },
        "context": {
          "reference": "Encounter/Encounter-1025",
          "display": "Acme Medical Center"
        },
        "effectiveDateTime": "2026-12-28T09:36:36-05:00",
        "performer": [
          {
            "reference": "Practitioner/Practitioner-2530",
            "display": "Terrence Ramirez McCormick MD"
          }
        ],
        "valueQuantity": {
          "value": 87.5585864464605,
          "unit": "mmHg"
        }
      },
      "request": {
        "method": "PUT",
        "url": "http://localhost:8080/cqf-ruler/baseDstu3/Observation/Observation-242478"
      }
    },
    {
      "resource": {
        "resourceType": "Procedure",
        "id": "Procedure-242479",
        "status": "completed",
        "code": {
          "coding": [
            {
              "system": "http://snomed.info/sct",
              "code": "43204002",
              "display": "Bilateral mammography (procedure)"
            }
          ]
        },
        "subject": {
          "reference": "Patient/Patient-6533",
          "display": "Tammy Toni Robbins"
        },
        "context": {
          "reference": "Encounter/Encounter-1025",
          "display": "Acme Medical Center"
        },
        "performedPeriod": {
          "start": "2026-12-28T09:36:36-05:00",
          "end": "2026-12-28T09:36:36-05:00"
        },
        "performer": [
          {
            "actor": {
              "reference": "Practitioner/Practitioner-2530",
              "display": "Terrence Ramirez McCormick MD"
            }
          }
        ],
        "location": {
          "reference": "Location/Location-1103",
          "display": "Acme Medical Center"
        }
      },
      "request": {
        "method": "PUT",
        "url": "http://localhost:8080/cqf-ruler/baseDstu3/Procedure/Procedure-242479"
      }
    },
    {
      "resource": {
        "resourceType": "Observation",
        "id": "Observation-242481",
        "status": "final",
        "code": {
          "coding": [
            {
              "system": "http://snomed.info/sct",
              "code": "397145000",
              "display": "Mammography assessment (Category 5) - Highly suggestive of malignancy"
            }
          ]
        },
        "subject": {
          "reference": "Patient/Patient-6533",
          "display": "Tammy Toni Robbins"
        },
        "context": {
          "reference": "Encounter/Encounter-1025",
          "display": "Acme Medical Center"
        },
        "effectiveDateTime": "2026-12-28T09:36:36-05:00",
        "performer": [
          {
            "reference": "Practitioner/Practitioner-2530",
            "display": "Terrence Ramirez McCormick MD"
          }
        ],
        "valueString": "POSITIVE"
      },
      "request": {
        "method": "PUT",
        "url": "http://localhost:8080/cqf-ruler/baseDstu3/Observation/Observation-242481"
      }
    },
    {
      "resource": {
        "resourceType": "DiagnosticReport",
        "id": "DiagnosticReport-242482",
        "status": "final",
        "code": {
          "coding": [
            {
              "system": "http://loinc.org",
              "code": "37028-8",
              "display": "Breast Mammogram tangential"
            }
          ]
        },
        "subject": {
          "reference": "Patient/Patient-6533",
          "display": "Tammy Toni Robbins"
        },
        "context": {
          "reference": "Encounter/Encounter-1025",
          "display": "Acme Medical Center"
        },
        "effectivePeriod": {
          "start": "2026-12-28T09:36:36-05:00",
          "end": "2026-12-28T09:36:36-05:00"
        },
        "result": [
          {
            "reference": "Observation/Observation-242481",
            "display": "Breast_Cancer_Observation"
          }
        ]
      },
      "request": {
        "method": "PUT",
        "url": "http://localhost:8080/cqf-ruler/baseDstu3/DiagnosticReport/DiagnosticReport-242482"
      }
    },
    {
      "resource": {
        "resourceType": "Observation",
        "id": "Observation-242483",
        "status": "final",
        "category": [
          {
            "coding": [
              {
                "system": "http://hl7.org/fhir/observation-category",
                "code": "vital-signs",
                "display": "vital-signs"
              }
            ]
          }
        ],
        "code": {
          "coding": [
            {
              "system": "http://loinc.org",
              "code": "8716-3",
              "display": "Vital Signs Panel"
            }
          ]
        },
        "subject": {
          "reference": "Patient/Patient-6533",
          "display": "Tammy Toni Robbins"
        },
        "context": {
          "reference": "Encounter/Encounter-1025",
          "display": "Acme Medical Center"
        },
        "effectivePeriod": {
          "start": "2026-12-28T09:36:36-05:00",
          "end": "2026-12-28T09:36:36-05:00"
        },
        "valueQuantity": {
          "value": 87.5585864464605,
          "unit": "mmHg"
        },
        "component": [
          {
            "code": {
              "coding": [
                {
                  "system": "http://loinc.org",
                  "code": "8302-2",
                  "display": "Height"
                }
              ]
            }
          },
          {
            "code": {
              "coding": [
                {
                  "system": "http://loinc.org",
                  "code": "29463-7",
                  "display": "Weight"
                }
              ]
            }
          },
          {
            "code": {
              "coding": [
                {
                  "system": "http://loinc.org",
                  "code": "39156-5",
                  "display": "BMI"
                }
              ]
            }
          },
          {
            "code": {
              "coding": [
                {
                  "system": "http://loinc.org",
                  "code": "8310-5",
                  "display": "Temperature"
                }
              ]
            }
          },
          {
            "code": {
              "coding": [
                {
                  "system": "http://loinc.org",
                  "code": "8459-0",
                  "display": "Systolic Blood Pressure"
                }
              ]
            }
          },
          {
            "code": {
              "coding": [
                {
                  "system": "http://loinc.org",
                  "code": "8453-3",
                  "display": "Diastolic Blood Pressure"
                }
              ]
            }
          }
        ]
      },
      "request": {
        "method": "PUT",
        "url": "http://localhost:8080/cqf-ruler/baseDstu3/Observation/Observation-242483"
      }
    }
  ]
}