{
  "resourceType": "Bundle",
  "type": "transaction",
  "entry": [
    {
      "resource": {
        "resourceType": "Encounter",
        "id": "Encounter-438",
        "status": "finished",
        "class": {
          "system": "http://hl7.org/fhir/encounter-class",
          "code": "other",
          "display": "Other"
        },
        "subject": {
          "reference": "Patient/Patient-6482",
          "display": "Mario Jared Stout"
        },
        "participant": [
          {
            "period": {
              "start": "2019-04-23T09:36:36-04:00",
              "end": "2019-04-29T09:36:36-04:00"
            },
            "individual": {
              "reference": "Practitioner/Practitioner-2518",
              "display": "Jane Rosemary Saunders MD"
            }
          }
        ],
        "period": {
          "start": "2019-04-23T09:36:36-04:00",
          "end": "2019-04-29T09:36:36-04:00"
        },
        "location": [
          {
            "location": {
              "reference": "Location/Location-1001",
              "display": "Windward General Hospital"
            }
          }
        ],
        "serviceProvider": {
          "reference": "Organization/Organization-1001",
          "display": "Windward General Hospital"
        }
      },
      "request": {
        "method": "PUT",
        "url": "http://localhost:8080/cqf-ruler/baseDstu3/Encounter/Encounter-438"
      }
    },
    {
      "resource": {
        "resourceType": "Procedure",
        "id": "Procedure-44001",
        "status": "completed",
        "code": {
          "coding": [
            {
              "system": "http://snomed.info/sct",
              "code": "31130001",
              "display": "Total abdominal colectomy with proctectomy and ileostomy"
            }
          ]
        },
        "subject": {
          "reference": "Patient/Patient-6482",
          "display": "Mario Jared Stout"
        },
        "context": {
          "reference": "Encounter/Encounter-438",
          "display": "Windward General Hospital"
        },
        "performedPeriod": {
          "start": "2019-04-23T09:36:36-04:00",
          "end": "2019-04-23T09:36:36-04:00"
        },
        "performer": [
          {
            "actor": {
              "reference": "Practitioner/Practitioner-2518",
              "display": "Jane Rosemary Saunders MD"
            }
          }
        ],
        "location": {
          "reference": "Location/Location-1001",
          "display": "Windward General Hospital"
        }
      },
      "request": {
        "method": "PUT",
        "url": "http://localhost:8080/cqf-ruler/baseDstu3/Procedure/Procedure-44001"
      }
    },
    {
      "resource": {
        "resourceType": "Observation",
        "id": "Observation-44003",
        "status": "final",
        "category": [
          {
            "coding": [
              {
                "system": "http://hl7.org/fhir/observation-category",
                "code": "vital-signs",
                "display": "vital-signs"
              }
            ]
          }
        ],
        "code": {
          "coding": [
            {
              "system": "http://loinc.org",
              "code": "8716-3",
              "display": "Vital Signs Panel"
            }
          ]
        },
        "subject": {
          "reference": "Patient/Patient-6482",
          "display": "Mario Jared Stout"
        },
        "context": {
          "reference": "Encounter/Encounter-438",
          "display": "Windward General Hospital"
        },
        "effectivePeriod": {
          "start": "2019-04-29T09:36:36-04:00",
          "end": "2019-04-29T09:36:36-04:00"
        },
        "valueQuantity": {
          "value": 113.22207964973923,
          "unit": "mmHg"
        },
        "component": [
          {
            "code": {
              "coding": [
                {
                  "system": "http://loinc.org",
                  "code": "8302-2",
                  "display": "Height"
                }
              ]
            }
          },
          {
            "code": {
              "coding": [
                {
                  "system": "http://loinc.org",
                  "code": "29463-7",
                  "display": "Weight"
                }
              ]
            }
          },
          {
            "code": {
              "coding": [
                {
                  "system": "http://loinc.org",
                  "code": "39156-5",
                  "display": "BMI"
                }
              ]
            }
          },
          {
            "code": {
              "coding": [
                {
                  "system": "http://loinc.org",
                  "code": "8310-5",
                  "display": "Temperature"
                }
              ]
            }
          },
          {
            "code": {
              "coding": [
                {
                  "system": "http://loinc.org",
                  "code": "8459-0",
                  "display": "Systolic Blood Pressure"
                }
              ]
            }
          },
          {
            "code": {
              "coding": [
                {
                  "system": "http://loinc.org",
                  "code": "8453-3",
                  "display": "Diastolic Blood Pressure"
                }
              ]
            }
          }
        ]
      },
      "request": {
        "method": "PUT",
        "url": "http://localhost:8080/cqf-ruler/baseDstu3/Observation/Observation-44003"
      }
    }
  ]
}