{
  "resourceType": "Bundle",
  "type": "transaction",
  "entry": [
    {
      "resource": {
        "resourceType": "Encounter",
        "id": "Encounter-490",
        "status": "finished",
        "class": {
          "system": "http://hl7.org/fhir/encounter-class",
          "code": "other",
          "display": "Other"
        },
        "subject": {
          "reference": "Patient/Patient-6533",
          "display": "Tammy Toni Robbins"
        },
        "participant": [
          {
            "period": {
              "start": "2020-11-23T09:36:36-05:00",
              "end": "2020-11-23T09:36:36-05:00"
            },
            "individual": {
              "reference": "Practitioner/Practitioner-2530",
              "display": "Terrence Ramirez McCormick MD"
            }
          }
        ],
        "period": {
          "start": "2020-11-23T09:36:36-05:00",
          "end": "2020-11-23T09:36:36-05:00"
        },
        "location": [
          {
            "location": {
              "reference": "Location/Location-1103",
              "display": "Acme Medical Center"
            }
          }
        ],
        "serviceProvider": {
          "reference": "Organization/Organization-1103",
          "display": "Acme Medical Center"
        }
      },
      "request": {
        "method": "PUT",
        "url": "http://localhost:8080/cqf-ruler/baseDstu3/Encounter/Encounter-490"
      }
    },
    {
      "resource": {
        "resourceType": "Immunization",
        "id": "Immunization-59227",
        "status": "completed",
        "notGiven": false,
        "vaccineCode": {
          "coding": [
            {
              "system": "http://hl7.org/fhir/sid/cvx",
              "code": "140",
              "display": "Influenza, seasonal, injectable, preservative free"
            }
          ]
        },
        "patient": {
          "reference": "Patient/Patient-6533",
          "display": "Tammy Toni Robbins"
        },
        "date": "2020-11-17T09:36:36-05:00",
        "primarySource": true,
        "location": {
          "reference": "Location/Location-1103",
          "display": "Acme Medical Center"
        },
        "practitioner": [
          {
            "actor": {
              "reference": "Practitioner/Practitioner-2530",
              "display": "Terrence Ramirez McCormick MD"
            }
          }
        ]
      },
      "request": {
        "method": "PUT",
        "url": "http://localhost:8080/cqf-ruler/baseDstu3/Immunization/Immunization-59227"
      }
    },
    {
      "resource": {
        "resourceType": "Procedure",
        "id": "Procedure-85266",
        "status": "completed",
        "code": {
          "coding": [
            {
              "system": "http://loinc.org",
              "code": "56490-6",
              "display": "Hemoglobin.gastrointestinal [Presence] in Stool by Immunologic method --2nd specimen"
            }
          ]
        },
        "subject": {
          "reference": "Patient/Patient-6533",
          "display": "Tammy Toni Robbins"
        },
        "context": {
          "reference": "Encounter/Encounter-490",
          "display": "Acme Medical Center"
        },
        "performedPeriod": {
          "start": "2020-11-23T09:36:36-05:00",
          "end": "2020-11-23T09:36:36-05:00"
        },
        "performer": [
          {
            "actor": {
              "reference": "Practitioner/Practitioner-2530",
              "display": "Terrence Ramirez McCormick MD"
            }
          }
        ],
        "location": {
          "reference": "Location/Location-1103",
          "display": "Acme Medical Center"
        }
      },
      "request": {
        "method": "PUT",
        "url": "http://localhost:8080/cqf-ruler/baseDstu3/Procedure/Procedure-85266"
      }
    },
    {
      "resource": {
        "resourceType": "Observation",
        "id": "Observation-85267",
        "status": "final",
        "code": {
          "coding": [
            {
              "system": "http://loinc.org",
              "code": "27401-9",
              "display": "Hemoglobin.gastrointestinal [Presence] in Stool --6th specimen"
            }
          ]
        },
        "subject": {
          "reference": "Patient/Patient-6533",
          "display": "Tammy Toni Robbins"
        },
        "context": {
          "reference": "Encounter/Encounter-490",
          "display": "Acme Medical Center"
        },
        "effectiveDateTime": "2020-11-23T09:36:36-05:00",
        "performer": [
          {
            "reference": "Practitioner/Practitioner-2530",
            "display": "Terrence Ramirez McCormick MD"
          }
        ],
        "valueString": "NEGATIVE"
      },
      "request": {
        "method": "PUT",
        "url": "http://localhost:8080/cqf-ruler/baseDstu3/Observation/Observation-85267"
      }
    },
    {
      "resource": {
        "resourceType": "Observation",
        "id": "Observation-85268",
        "status": "final",
        "code": {
          "coding": [
            {
              "system": "http://loinc.org",
              "code": "8480-6",
              "display": "Systolic blood pressure"
            }
          ]
        },
        "subject": {
          "reference": "Patient/Patient-6533",
          "display": "Tammy Toni Robbins"
        },
        "context": {
          "reference": "Encounter/Encounter-490",
          "display": "Acme Medical Center"
        },
        "effectiveDateTime": "2020-11-23T09:36:36-05:00",
        "performer": [
          {
            "reference": "Practitioner/Practitioner-2530",
            "display": "Terrence Ramirez McCormick MD"
          }
        ],
        "valueQuantity": {
          "value": 132.70861709378025,
          "unit": "mmHg"
        }
      },
      "request": {
        "method": "PUT",
        "url": "http://localhost:8080/cqf-ruler/baseDstu3/Observation/Observation-85268"
      }
    },
    {
      "resource": {
        "resourceType": "Observation",
        "id": "Observation-85269",
        "status": "final",
        "code": {
          "coding": [
            {
              "system": "http://loinc.org",
              "code": "8462-4",
              "display": "Diastolic blood pressure"
            }
          ]
        },
        "subject": {
          "reference": "Patient/Patient-6533",
          "display": "Tammy Toni Robbins"
        },
        "context": {
          "reference": "Encounter/Encounter-490",
          "display": "Acme Medical Center"
        },
        "effectiveDateTime": "2020-11-23T09:36:36-05:00",
        "performer": [
          {
            "reference": "Practitioner/Practitioner-2530",
            "display": "Terrence Ramirez McCormick MD"
          }
        ],
        "valueQuantity": {
          "value": 116.6380539200034,
          "unit": "mmHg"
        }
      },
      "request": {
        "method": "PUT",
        "url": "http://localhost:8080/cqf-ruler/baseDstu3/Observation/Observation-85269"
      }
    },
    {
      "resource": {
        "resourceType": "Condition",
        "id": "Condition-85270",
        "clinicalStatus": "active",
        "verificationStatus": "confirmed",
        "code": {
          "coding": [
            {
              "system": "http://snomed.info/sct",
              "code": "46481004",
              "display": "Low-renin essential hypertension"
            }
          ]
        },
        "subject": {
          "reference": "Patient/Patient-6533",
          "display": "Tammy Toni Robbins"
        },
        "context": {
          "reference": "Encounter/Encounter-490",
          "display": "Acme Medical Center"
        },
        "onsetDateTime": "2020-11-23T09:36:36-05:00",
        "assertedDate": "2020-11-23T09:36:36-05:00",
        "asserter": {
          "reference": "Practitioner/Practitioner-2530",
          "display": "Terrence Ramirez McCormick MD"
        }
      },
      "request": {
        "method": "PUT",
        "url": "http://localhost:8080/cqf-ruler/baseDstu3/Condition/Condition-85270"
      }
    },
    {
      "resource": {
        "resourceType": "Procedure",
        "id": "Procedure-85271",
        "status": "completed",
        "code": {
          "coding": [
            {
              "system": "http://snomed.info/sct",
              "code": "43204002",
              "display": "Bilateral mammography (procedure)"
            }
          ]
        },
        "subject": {
          "reference": "Patient/Patient-6533",
          "display": "Tammy Toni Robbins"
        },
        "context": {
          "reference": "Encounter/Encounter-490",
          "display": "Acme Medical Center"
        },
        "performedPeriod": {
          "start": "2020-11-23T09:36:36-05:00",
          "end": "2020-11-23T09:36:36-05:00"
        },
        "performer": [
          {
            "actor": {
              "reference": "Practitioner/Practitioner-2530",
              "display": "Terrence Ramirez McCormick MD"
            }
          }
        ],
        "location": {
          "reference": "Location/Location-1103",
          "display": "Acme Medical Center"
        }
      },
      "request": {
        "method": "PUT",
        "url": "http://localhost:8080/cqf-ruler/baseDstu3/Procedure/Procedure-85271"
      }
    },
    {
      "resource": {
        "resourceType": "Observation",
        "id": "Observation-85272",
        "status": "final",
        "code": {
          "coding": [
            {
              "system": "http://snomed.info/sct",
              "code": "168749009",
              "display": "Mammography normal (finding)"
            }
          ]
        },
        "subject": {
          "reference": "Patient/Patient-6533",
          "display": "Tammy Toni Robbins"
        },
        "context": {
          "reference": "Encounter/Encounter-490",
          "display": "Acme Medical Center"
        },
        "effectiveDateTime": "2020-11-23T09:36:36-05:00",
        "performer": [
          {
            "reference": "Practitioner/Practitioner-2530",
            "display": "Terrence Ramirez McCormick MD"
          }
        ],
        "valueString": "NEGATIVE"
      },
      "request": {
        "method": "PUT",
        "url": "http://localhost:8080/cqf-ruler/baseDstu3/Observation/Observation-85272"
      }
    },
    {
      "resource": {
        "resourceType": "DiagnosticReport",
        "id": "DiagnosticReport-85273",
        "status": "final",
        "code": {
          "coding": [
            {
              "system": "http://loinc.org",
              "code": "26291-5",
              "display": "Breast - right Mammogram limited"
            }
          ]
        },
        "subject": {
          "reference": "Patient/Patient-6533",
          "display": "Tammy Toni Robbins"
        },
        "context": {
          "reference": "Encounter/Encounter-490",
          "display": "Acme Medical Center"
        },
        "effectivePeriod": {
          "start": "2020-11-23T09:36:36-05:00",
          "end": "2020-11-23T09:36:36-05:00"
        },
        "result": [
          {
            "reference": "Observation/Observation-85272",
            "display": "No_Cancer_Detected"
          }
        ]
      },
      "request": {
        "method": "PUT",
        "url": "http://localhost:8080/cqf-ruler/baseDstu3/DiagnosticReport/DiagnosticReport-85273"
      }
    },
    {
      "resource": {
        "resourceType": "Procedure",
        "id": "Procedure-85274",
        "status": "completed",
        "code": {
          "coding": [
            {
              "system": "http://loinc.org",
              "code": "10524-7",
              "display": "Microscopic observation [Identifier] in Cervix by Cyto stain"
            }
          ]
        },
        "subject": {
          "reference": "Patient/Patient-6533",
          "display": "Tammy Toni Robbins"
        },
        "context": {
          "reference": "Encounter/Encounter-490",
          "display": "Acme Medical Center"
        },
        "performedPeriod": {
          "start": "2020-11-23T09:36:36-05:00",
          "end": "2020-11-23T09:36:36-05:00"
        },
        "performer": [
          {
            "actor": {
              "reference": "Practitioner/Practitioner-2530",
              "display": "Terrence Ramirez McCormick MD"
            }
          }
        ],
        "location": {
          "reference": "Location/Location-1103",
          "display": "Acme Medical Center"
        }
      },
      "request": {
        "method": "PUT",
        "url": "http://localhost:8080/cqf-ruler/baseDstu3/Procedure/Procedure-85274"
      }
    },
    {
      "resource": {
        "resourceType": "Observation",
        "id": "Observation-85275",
        "status": "final",
        "code": {
          "coding": [
            {
              "system": "http://snomed.info/sct",
              "code": "289829007",
              "display": "Normal uterine cervix (finding)"
            }
          ]
        },
        "subject": {
          "reference": "Patient/Patient-6533",
          "display": "Tammy Toni Robbins"
        },
        "context": {
          "reference": "Encounter/Encounter-490",
          "display": "Acme Medical Center"
        },
        "effectiveDateTime": "2020-11-23T09:36:36-05:00",
        "performer": [
          {
            "reference": "Practitioner/Practitioner-2530",
            "display": "Terrence Ramirez McCormick MD"
          }
        ],
        "valueString": "NEGATIVE"
      },
      "request": {
        "method": "PUT",
        "url": "http://localhost:8080/cqf-ruler/baseDstu3/Observation/Observation-85275"
      }
    },
    {
      "resource": {
        "resourceType": "DiagnosticReport",
        "id": "DiagnosticReport-85276",
        "status": "final",
        "code": {
          "coding": [
            {
              "system": "http://loinc.org",
              "code": "24606-6",
              "display": "Breast Mammogram screening"
            }
          ]
        },
        "subject": {
          "reference": "Patient/Patient-6533",
          "display": "Tammy Toni Robbins"
        },
        "context": {
          "reference": "Encounter/Encounter-490",
          "display": "Acme Medical Center"
        },
        "effectivePeriod": {
          "start": "2020-11-23T09:36:36-05:00",
          "end": "2020-11-23T09:36:36-05:00"
        },
        "result": [
          {
            "reference": "Observation/Observation-85275",
            "display": "No_Cancer_Detected"
          }
        ]
      },
      "request": {
        "method": "PUT",
        "url": "http://localhost:8080/cqf-ruler/baseDstu3/DiagnosticReport/DiagnosticReport-85276"
      }
    },
    {
      "resource": {
        "resourceType": "Observation",
        "id": "Observation-85277",
        "status": "final",
        "category": [
          {
            "coding": [
              {
                "system": "http://hl7.org/fhir/observation-category",
                "code": "vital-signs",
                "display": "vital-signs"
              }
            ]
          }
        ],
        "code": {
          "coding": [
            {
              "system": "http://loinc.org",
              "code": "8716-3",
              "display": "Vital Signs Panel"
            }
          ]
        },
        "subject": {
          "reference": "Patient/Patient-6533",
          "display": "Tammy Toni Robbins"
        },
        "context": {
          "reference": "Encounter/Encounter-490",
          "display": "Acme Medical Center"
        },
        "effectivePeriod": {
          "start": "2020-11-23T09:36:36-05:00",
          "end": "2020-11-23T09:36:36-05:00"
        },
        "valueQuantity": {
          "value": 116.6380539200034,
          "unit": "mmHg"
        },
        "component": [
          {
            "code": {
              "coding": [
                {
                  "system": "http://loinc.org",
                  "code": "8302-2",
                  "display": "Height"
                }
              ]
            }
          },
          {
            "code": {
              "coding": [
                {
                  "system": "http://loinc.org",
                  "code": "29463-7",
                  "display": "Weight"
                }
              ]
            }
          },
          {
            "code": {
              "coding": [
                {
                  "system": "http://loinc.org",
                  "code": "39156-5",
                  "display": "BMI"
                }
              ]
            }
          },
          {
            "code": {
              "coding": [
                {
                  "system": "http://loinc.org",
                  "code": "8310-5",
                  "display": "Temperature"
                }
              ]
            }
          },
          {
            "code": {
              "coding": [
                {
                  "system": "http://loinc.org",
                  "code": "8459-0",
                  "display": "Systolic Blood Pressure"
                }
              ]
            }
          },
          {
            "code": {
              "coding": [
                {
                  "system": "http://loinc.org",
                  "code": "8453-3",
                  "display": "Diastolic Blood Pressure"
                }
              ]
            }
          }
        ]
      },
      "request": {
        "method": "PUT",
        "url": "http://localhost:8080/cqf-ruler/baseDstu3/Observation/Observation-85277"
      }
    }
  ]
}