{
  "resourceType": "Bundle",
  "type": "transaction",
  "entry": [
    {
      "resource": {
        "resourceType": "Encounter",
        "id": "Encounter-196",
        "status": "finished",
        "class": {
          "system": "http://hl7.org/fhir/encounter-class",
          "code": "other",
          "display": "Other"
        },
        "subject": {
          "reference": "Patient/Patient-6490",
          "display": "Carolyn Hickman Vega"
        },
        "participant": [
          {
            "period": {
              "start": "2018-04-09T09:36:36-04:00",
              "end": "2018-04-09T09:36:36-04:00"
            },
            "individual": {
              "reference": "Practitioner/Practitioner-2527",
              "display": "Lee Chris Mejia MD"
            }
          }
        ],
        "period": {
          "start": "2018-04-09T09:36:36-04:00",
          "end": "2018-04-09T09:36:36-04:00"
        },
        "location": [
          {
            "location": {
              "reference": "Location/Location-1106",
              "display": "Cranston Family Medical"
            }
          }
        ],
        "serviceProvider": {
          "reference": "Organization/Organization-1106",
          "display": "Cranston Family Medical"
        }
      },
      "request": {
        "method": "PUT",
        "url": "http://localhost:8080/cqf-ruler/baseDstu3/Encounter/Encounter-196"
      }
    },
    {
      "resource": {
        "resourceType": "Immunization",
        "id": "Immunization-412",
        "status": "completed",
        "notGiven": false,
        "vaccineCode": {
          "coding": [
            {
              "system": "http://hl7.org/fhir/sid/cvx",
              "code": "140",
              "display": "Influenza, seasonal, injectable, preservative free"
            }
          ]
        },
        "patient": {
          "reference": "Patient/Patient-6490",
          "display": "Carolyn Hickman Vega"
        },
        "date": "2018-04-03T09:36:36-04:00",
        "primarySource": true,
        "location": {
          "reference": "Location/Location-1106",
          "display": "Cranston Family Medical"
        },
        "practitioner": [
          {
            "actor": {
              "reference": "Practitioner/Practitioner-2527",
              "display": "Lee Chris Mejia MD"
            }
          }
        ]
      },
      "request": {
        "method": "PUT",
        "url": "http://localhost:8080/cqf-ruler/baseDstu3/Immunization/Immunization-412"
      }
    },
    {
      "resource": {
        "resourceType": "Procedure",
        "id": "Procedure-16013",
        "status": "completed",
        "code": {
          "coding": [
            {
              "system": "http://loinc.org",
              "code": "57905-2",
              "display": "Hemoglobin.gastrointestinal [Presence] in Stool by Immunologic method --1st specimen"
            }
          ]
        },
        "subject": {
          "reference": "Patient/Patient-6490",
          "display": "Carolyn Hickman Vega"
        },
        "context": {
          "reference": "Encounter/Encounter-196",
          "display": "Cranston Family Medical"
        },
        "performedPeriod": {
          "start": "2018-04-09T09:36:36-04:00",
          "end": "2018-04-09T09:36:36-04:00"
        },
        "performer": [
          {
            "actor": {
              "reference": "Practitioner/Practitioner-2527",
              "display": "Lee Chris Mejia MD"
            }
          }
        ],
        "location": {
          "reference": "Location/Location-1106",
          "display": "Cranston Family Medical"
        }
      },
      "request": {
        "method": "PUT",
        "url": "http://localhost:8080/cqf-ruler/baseDstu3/Procedure/Procedure-16013"
      }
    },
    {
      "resource": {
        "resourceType": "Observation",
        "id": "Observation-16014",
        "status": "final",
        "code": {
          "coding": [
            {
              "system": "http://loinc.org",
              "code": "27925-7",
              "display": "Hemoglobin.gastrointestinal [Presence] in Stool --7th specimen"
            }
          ]
        },
        "subject": {
          "reference": "Patient/Patient-6490",
          "display": "Carolyn Hickman Vega"
        },
        "context": {
          "reference": "Encounter/Encounter-196",
          "display": "Cranston Family Medical"
        },
        "effectiveDateTime": "2018-04-09T09:36:36-04:00",
        "performer": [
          {
            "reference": "Practitioner/Practitioner-2527",
            "display": "Lee Chris Mejia MD"
          }
        ],
        "valueString": "NEGATIVE"
      },
      "request": {
        "method": "PUT",
        "url": "http://localhost:8080/cqf-ruler/baseDstu3/Observation/Observation-16014"
      }
    },
    {
      "resource": {
        "resourceType": "Observation",
        "id": "Observation-16015",
        "status": "final",
        "code": {
          "coding": [
            {
              "system": "http://loinc.org",
              "code": "8480-6",
              "display": "Systolic blood pressure"
            }
          ]
        },
        "subject": {
          "reference": "Patient/Patient-6490",
          "display": "Carolyn Hickman Vega"
        },
        "context": {
          "reference": "Encounter/Encounter-196",
          "display": "Cranston Family Medical"
        },
        "effectiveDateTime": "2018-04-09T09:36:36-04:00",
        "performer": [
          {
            "reference": "Practitioner/Practitioner-2527",
            "display": "Lee Chris Mejia MD"
          }
        ],
        "valueQuantity": {
          "value": 127.64983909376849,
          "unit": "mmHg"
        }
      },
      "request": {
        "method": "PUT",
        "url": "http://localhost:8080/cqf-ruler/baseDstu3/Observation/Observation-16015"
      }
    },
    {
      "resource": {
        "resourceType": "Observation",
        "id": "Observation-16016",
        "status": "final",
        "code": {
          "coding": [
            {
              "system": "http://loinc.org",
              "code": "8462-4",
              "display": "Diastolic blood pressure"
            }
          ]
        },
        "subject": {
          "reference": "Patient/Patient-6490",
          "display": "Carolyn Hickman Vega"
        },
        "context": {
          "reference": "Encounter/Encounter-196",
          "display": "Cranston Family Medical"
        },
        "effectiveDateTime": "2018-04-09T09:36:36-04:00",
        "performer": [
          {
            "reference": "Practitioner/Practitioner-2527",
            "display": "Lee Chris Mejia MD"
          }
        ],
        "valueQuantity": {
          "value": 115.87969149002804,
          "unit": "mmHg"
        }
      },
      "request": {
        "method": "PUT",
        "url": "http://localhost:8080/cqf-ruler/baseDstu3/Observation/Observation-16016"
      }
    },
    {
      "resource": {
        "resourceType": "Condition",
        "id": "Condition-16017",
        "clinicalStatus": "active",
        "verificationStatus": "confirmed",
        "code": {
          "coding": [
            {
              "system": "http://snomed.info/sct",
              "code": "59720008",
              "display": "Sustained diastolic hypertension"
            }
          ]
        },
        "subject": {
          "reference": "Patient/Patient-6490",
          "display": "Carolyn Hickman Vega"
        },
        "context": {
          "reference": "Encounter/Encounter-196",
          "display": "Cranston Family Medical"
        },
        "onsetDateTime": "2018-04-09T09:36:36-04:00",
        "assertedDate": "2018-04-09T09:36:36-04:00",
        "asserter": {
          "reference": "Practitioner/Practitioner-2527",
          "display": "Lee Chris Mejia MD"
        }
      },
      "request": {
        "method": "PUT",
        "url": "http://localhost:8080/cqf-ruler/baseDstu3/Condition/Condition-16017"
      }
    },
    {
      "resource": {
        "resourceType": "Observation",
        "id": "Observation-16018",
        "status": "final",
        "category": [
          {
            "coding": [
              {
                "system": "http://hl7.org/fhir/observation-category",
                "code": "vital-signs",
                "display": "vital-signs"
              }
            ]
          }
        ],
        "code": {
          "coding": [
            {
              "system": "http://loinc.org",
              "code": "8716-3",
              "display": "Vital Signs Panel"
            }
          ]
        },
        "subject": {
          "reference": "Patient/Patient-6490",
          "display": "Carolyn Hickman Vega"
        },
        "context": {
          "reference": "Encounter/Encounter-196",
          "display": "Cranston Family Medical"
        },
        "effectivePeriod": {
          "start": "2018-04-09T09:36:36-04:00",
          "end": "2018-04-09T09:36:36-04:00"
        },
        "valueQuantity": {
          "value": 115.87969149002804,
          "unit": "mmHg"
        },
        "component": [
          {
            "code": {
              "coding": [
                {
                  "system": "http://loinc.org",
                  "code": "8302-2",
                  "display": "Height"
                }
              ]
            }
          },
          {
            "code": {
              "coding": [
                {
                  "system": "http://loinc.org",
                  "code": "29463-7",
                  "display": "Weight"
                }
              ]
            }
          },
          {
            "code": {
              "coding": [
                {
                  "system": "http://loinc.org",
                  "code": "39156-5",
                  "display": "BMI"
                }
              ]
            }
          },
          {
            "code": {
              "coding": [
                {
                  "system": "http://loinc.org",
                  "code": "8310-5",
                  "display": "Temperature"
                }
              ]
            }
          },
          {
            "code": {
              "coding": [
                {
                  "system": "http://loinc.org",
                  "code": "8459-0",
                  "display": "Systolic Blood Pressure"
                }
              ]
            }
          },
          {
            "code": {
              "coding": [
                {
                  "system": "http://loinc.org",
                  "code": "8453-3",
                  "display": "Diastolic Blood Pressure"
                }
              ]
            }
          }
        ]
      },
      "request": {
        "method": "PUT",
        "url": "http://localhost:8080/cqf-ruler/baseDstu3/Observation/Observation-16018"
      }
    }
  ]
}