{
  "resourceType": "Bundle",
  "type": "transaction",
  "entry": [
    {
      "resource": {
        "resourceType": "Encounter",
        "id": "Encounter-243",
        "status": "finished",
        "class": {
          "system": "http://hl7.org/fhir/encounter-class",
          "code": "other",
          "display": "Other"
        },
        "subject": {
          "reference": "Patient/Patient-6557",
          "display": "Mabel Haynes James"
        },
        "participant": [
          {
            "period": {
              "start": "2018-05-07T09:36:36-04:00",
              "end": "2018-05-07T09:36:36-04:00"
            },
            "individual": {
              "reference": "Practitioner/Practitioner-2534",
              "display": "Pearl Rita Dawson MD"
            }
          }
        ],
        "period": {
          "start": "2018-05-07T09:36:36-04:00",
          "end": "2018-05-07T09:36:36-04:00"
        },
        "location": [
          {
            "location": {
              "reference": "Location/Location-1101",
              "display": "McKinley Health Center"
            }
          }
        ],
        "serviceProvider": {
          "reference": "Organization/Organization-1101",
          "display": "McKinley Health Center"
        }
      },
      "request": {
        "method": "PUT",
        "url": "http://localhost:8080/cqf-ruler/baseDstu3/Encounter/Encounter-243"
      }
    },
    {
      "resource": {
        "resourceType": "Immunization",
        "id": "Immunization-1619",
        "status": "completed",
        "notGiven": false,
        "vaccineCode": {
          "coding": [
            {
              "system": "http://hl7.org/fhir/sid/cvx",
              "code": "140",
              "display": "Influenza, seasonal, injectable, preservative free"
            }
          ]
        },
        "patient": {
          "reference": "Patient/Patient-6557",
          "display": "Mabel Haynes James"
        },
        "date": "2018-05-02T09:36:36-04:00",
        "primarySource": true,
        "location": {
          "reference": "Location/Location-1101",
          "display": "McKinley Health Center"
        },
        "practitioner": [
          {
            "actor": {
              "reference": "Practitioner/Practitioner-2534",
              "display": "Pearl Rita Dawson MD"
            }
          }
        ]
      },
      "request": {
        "method": "PUT",
        "url": "http://localhost:8080/cqf-ruler/baseDstu3/Immunization/Immunization-1619"
      }
    },
    {
      "resource": {
        "resourceType": "Procedure",
        "id": "Procedure-19151",
        "status": "completed",
        "code": {
          "coding": [
            {
              "system": "http://loinc.org",
              "code": "14565-6",
              "display": "Hemoglobin.gastrointestinal [Presence] in Stool --3rd specimen"
            }
          ]
        },
        "subject": {
          "reference": "Patient/Patient-6557",
          "display": "Mabel Haynes James"
        },
        "context": {
          "reference": "Encounter/Encounter-243",
          "display": "McKinley Health Center"
        },
        "performedPeriod": {
          "start": "2018-05-07T09:36:36-04:00",
          "end": "2018-05-07T09:36:36-04:00"
        },
        "performer": [
          {
            "actor": {
              "reference": "Practitioner/Practitioner-2534",
              "display": "Pearl Rita Dawson MD"
            }
          }
        ],
        "location": {
          "reference": "Location/Location-1101",
          "display": "McKinley Health Center"
        }
      },
      "request": {
        "method": "PUT",
        "url": "http://localhost:8080/cqf-ruler/baseDstu3/Procedure/Procedure-19151"
      }
    },
    {
      "resource": {
        "resourceType": "Observation",
        "id": "Observation-19152",
        "status": "final",
        "code": {
          "coding": [
            {
              "system": "http://loinc.org",
              "code": "12504-7",
              "display": "Hemoglobin.gastrointestinal [Presence] in Stool --5th specimen"
            }
          ]
        },
        "subject": {
          "reference": "Patient/Patient-6557",
          "display": "Mabel Haynes James"
        },
        "context": {
          "reference": "Encounter/Encounter-243",
          "display": "McKinley Health Center"
        },
        "effectiveDateTime": "2018-05-07T09:36:36-04:00",
        "performer": [
          {
            "reference": "Practitioner/Practitioner-2534",
            "display": "Pearl Rita Dawson MD"
          }
        ],
        "valueString": "NEGATIVE"
      },
      "request": {
        "method": "PUT",
        "url": "http://localhost:8080/cqf-ruler/baseDstu3/Observation/Observation-19152"
      }
    },
    {
      "resource": {
        "resourceType": "Observation",
        "id": "Observation-19153",
        "status": "final",
        "code": {
          "coding": [
            {
              "system": "http://loinc.org",
              "code": "8480-6",
              "display": "Systolic blood pressure"
            }
          ]
        },
        "subject": {
          "reference": "Patient/Patient-6557",
          "display": "Mabel Haynes James"
        },
        "context": {
          "reference": "Encounter/Encounter-243",
          "display": "McKinley Health Center"
        },
        "effectiveDateTime": "2018-05-07T09:36:36-04:00",
        "performer": [
          {
            "reference": "Practitioner/Practitioner-2534",
            "display": "Pearl Rita Dawson MD"
          }
        ],
        "valueQuantity": {
          "value": 148.46066603961364,
          "unit": "mmHg"
        }
      },
      "request": {
        "method": "PUT",
        "url": "http://localhost:8080/cqf-ruler/baseDstu3/Observation/Observation-19153"
      }
    },
    {
      "resource": {
        "resourceType": "Observation",
        "id": "Observation-19154",
        "status": "final",
        "code": {
          "coding": [
            {
              "system": "http://loinc.org",
              "code": "8462-4",
              "display": "Diastolic blood pressure"
            }
          ]
        },
        "subject": {
          "reference": "Patient/Patient-6557",
          "display": "Mabel Haynes James"
        },
        "context": {
          "reference": "Encounter/Encounter-243",
          "display": "McKinley Health Center"
        },
        "effectiveDateTime": "2018-05-07T09:36:36-04:00",
        "performer": [
          {
            "reference": "Practitioner/Practitioner-2534",
            "display": "Pearl Rita Dawson MD"
          }
        ],
        "valueQuantity": {
          "value": 96.46622648362552,
          "unit": "mmHg"
        }
      },
      "request": {
        "method": "PUT",
        "url": "http://localhost:8080/cqf-ruler/baseDstu3/Observation/Observation-19154"
      }
    },
    {
      "resource": {
        "resourceType": "Condition",
        "id": "Condition-19155",
        "clinicalStatus": "active",
        "verificationStatus": "confirmed",
        "code": {
          "coding": [
            {
              "system": "http://snomed.info/sct",
              "code": "78975002",
              "display": "Malignant essential hypertension"
            }
          ]
        },
        "subject": {
          "reference": "Patient/Patient-6557",
          "display": "Mabel Haynes James"
        },
        "context": {
          "reference": "Encounter/Encounter-243",
          "display": "McKinley Health Center"
        },
        "onsetDateTime": "2018-05-07T09:36:36-04:00",
        "assertedDate": "2018-05-07T09:36:36-04:00",
        "asserter": {
          "reference": "Practitioner/Practitioner-2534",
          "display": "Pearl Rita Dawson MD"
        }
      },
      "request": {
        "method": "PUT",
        "url": "http://localhost:8080/cqf-ruler/baseDstu3/Condition/Condition-19155"
      }
    },
    {
      "resource": {
        "resourceType": "Procedure",
        "id": "Procedure-19156",
        "status": "completed",
        "code": {
          "coding": [
            {
              "system": "http://snomed.info/sct",
              "code": "43204002",
              "display": "Bilateral mammography (procedure)"
            }
          ]
        },
        "subject": {
          "reference": "Patient/Patient-6557",
          "display": "Mabel Haynes James"
        },
        "context": {
          "reference": "Encounter/Encounter-243",
          "display": "McKinley Health Center"
        },
        "performedPeriod": {
          "start": "2018-05-07T09:36:36-04:00",
          "end": "2018-05-07T09:36:36-04:00"
        },
        "performer": [
          {
            "actor": {
              "reference": "Practitioner/Practitioner-2534",
              "display": "Pearl Rita Dawson MD"
            }
          }
        ],
        "location": {
          "reference": "Location/Location-1101",
          "display": "McKinley Health Center"
        }
      },
      "request": {
        "method": "PUT",
        "url": "http://localhost:8080/cqf-ruler/baseDstu3/Procedure/Procedure-19156"
      }
    },
    {
      "resource": {
        "resourceType": "Observation",
        "id": "Observation-19158",
        "status": "final",
        "code": {
          "coding": [
            {
              "system": "http://snomed.info/sct",
              "code": "397145000",
              "display": "Mammography assessment (Category 5) - Highly suggestive of malignancy"
            }
          ]
        },
        "subject": {
          "reference": "Patient/Patient-6557",
          "display": "Mabel Haynes James"
        },
        "context": {
          "reference": "Encounter/Encounter-243",
          "display": "McKinley Health Center"
        },
        "effectiveDateTime": "2018-05-07T09:36:36-04:00",
        "performer": [
          {
            "reference": "Practitioner/Practitioner-2534",
            "display": "Pearl Rita Dawson MD"
          }
        ],
        "valueString": "POSITIVE"
      },
      "request": {
        "method": "PUT",
        "url": "http://localhost:8080/cqf-ruler/baseDstu3/Observation/Observation-19158"
      }
    },
    {
      "resource": {
        "resourceType": "DiagnosticReport",
        "id": "DiagnosticReport-19159",
        "status": "final",
        "code": {
          "coding": [
            {
              "system": "http://loinc.org",
              "code": "26350-9",
              "display": "Breast - left Mammogram diagnostic limited"
            }
          ]
        },
        "subject": {
          "reference": "Patient/Patient-6557",
          "display": "Mabel Haynes James"
        },
        "context": {
          "reference": "Encounter/Encounter-243",
          "display": "McKinley Health Center"
        },
        "effectivePeriod": {
          "start": "2018-05-07T09:36:36-04:00",
          "end": "2018-05-07T09:36:36-04:00"
        },
        "result": [
          {
            "reference": "Observation/Observation-19158",
            "display": "Breast_Cancer_Observation"
          }
        ]
      },
      "request": {
        "method": "PUT",
        "url": "http://localhost:8080/cqf-ruler/baseDstu3/DiagnosticReport/DiagnosticReport-19159"
      }
    },
    {
      "resource": {
        "resourceType": "Procedure",
        "id": "Procedure-19160",
        "status": "completed",
        "code": {
          "coding": [
            {
              "system": "http://loinc.org",
              "code": "19762-4",
              "display": "General categories [interpretation] of Cervical or vaginal smear or scraping by Cyto stain"
            }
          ]
        },
        "subject": {
          "reference": "Patient/Patient-6557",
          "display": "Mabel Haynes James"
        },
        "context": {
          "reference": "Encounter/Encounter-243",
          "display": "McKinley Health Center"
        },
        "performedPeriod": {
          "start": "2018-05-07T09:36:36-04:00",
          "end": "2018-05-07T09:36:36-04:00"
        },
        "performer": [
          {
            "actor": {
              "reference": "Practitioner/Practitioner-2534",
              "display": "Pearl Rita Dawson MD"
            }
          }
        ],
        "location": {
          "reference": "Location/Location-1101",
          "display": "McKinley Health Center"
        }
      },
      "request": {
        "method": "PUT",
        "url": "http://localhost:8080/cqf-ruler/baseDstu3/Procedure/Procedure-19160"
      }
    },
    {
      "resource": {
        "resourceType": "Observation",
        "id": "Observation-19161",
        "status": "final",
        "code": {
          "coding": [
            {
              "system": "http://snomed.info/sct",
              "code": "289829007",
              "display": "Normal uterine cervix (finding)"
            }
          ]
        },
        "subject": {
          "reference": "Patient/Patient-6557",
          "display": "Mabel Haynes James"
        },
        "context": {
          "reference": "Encounter/Encounter-243",
          "display": "McKinley Health Center"
        },
        "effectiveDateTime": "2018-05-07T09:36:36-04:00",
        "performer": [
          {
            "reference": "Practitioner/Practitioner-2534",
            "display": "Pearl Rita Dawson MD"
          }
        ],
        "valueString": "NEGATIVE"
      },
      "request": {
        "method": "PUT",
        "url": "http://localhost:8080/cqf-ruler/baseDstu3/Observation/Observation-19161"
      }
    },
    {
      "resource": {
        "resourceType": "DiagnosticReport",
        "id": "DiagnosticReport-19162",
        "status": "final",
        "code": {
          "coding": [
            {
              "system": "http://loinc.org",
              "code": "37030-4",
              "display": "Breast - left Mammogram tangential"
            }
          ]
        },
        "subject": {
          "reference": "Patient/Patient-6557",
          "display": "Mabel Haynes James"
        },
        "context": {
          "reference": "Encounter/Encounter-243",
          "display": "McKinley Health Center"
        },
        "effectivePeriod": {
          "start": "2018-05-07T09:36:36-04:00",
          "end": "2018-05-07T09:36:36-04:00"
        },
        "result": [
          {
            "reference": "Observation/Observation-19161",
            "display": "No_Cancer_Detected"
          }
        ]
      },
      "request": {
        "method": "PUT",
        "url": "http://localhost:8080/cqf-ruler/baseDstu3/DiagnosticReport/DiagnosticReport-19162"
      }
    },
    {
      "resource": {
        "resourceType": "Observation",
        "id": "Observation-19163",
        "status": "final",
        "category": [
          {
            "coding": [
              {
                "system": "http://hl7.org/fhir/observation-category",
                "code": "vital-signs",
                "display": "vital-signs"
              }
            ]
          }
        ],
        "code": {
          "coding": [
            {
              "system": "http://loinc.org",
              "code": "8716-3",
              "display": "Vital Signs Panel"
            }
          ]
        },
        "subject": {
          "reference": "Patient/Patient-6557",
          "display": "Mabel Haynes James"
        },
        "context": {
          "reference": "Encounter/Encounter-243",
          "display": "McKinley Health Center"
        },
        "effectivePeriod": {
          "start": "2018-05-07T09:36:36-04:00",
          "end": "2018-05-07T09:36:36-04:00"
        },
        "valueQuantity": {
          "value": 96.46622648362552,
          "unit": "mmHg"
        },
        "component": [
          {
            "code": {
              "coding": [
                {
                  "system": "http://loinc.org",
                  "code": "8302-2",
                  "display": "Height"
                }
              ]
            }
          },
          {
            "code": {
              "coding": [
                {
                  "system": "http://loinc.org",
                  "code": "29463-7",
                  "display": "Weight"
                }
              ]
            }
          },
          {
            "code": {
              "coding": [
                {
                  "system": "http://loinc.org",
                  "code": "39156-5",
                  "display": "BMI"
                }
              ]
            }
          },
          {
            "code": {
              "coding": [
                {
                  "system": "http://loinc.org",
                  "code": "8310-5",
                  "display": "Temperature"
                }
              ]
            }
          },
          {
            "code": {
              "coding": [
                {
                  "system": "http://loinc.org",
                  "code": "8459-0",
                  "display": "Systolic Blood Pressure"
                }
              ]
            }
          },
          {
            "code": {
              "coding": [
                {
                  "system": "http://loinc.org",
                  "code": "8453-3",
                  "display": "Diastolic Blood Pressure"
                }
              ]
            }
          }
        ]
      },
      "request": {
        "method": "PUT",
        "url": "http://localhost:8080/cqf-ruler/baseDstu3/Observation/Observation-19163"
      }
    }
  ]
}