{
  "resourceType": "Bundle",
  "type": "transaction",
  "entry": [
    {
      "resource": {
        "resourceType": "Encounter",
        "id": "Encounter-535",
        "status": "finished",
        "class": {
          "system": "http://hl7.org/fhir/encounter-class",
          "code": "other",
          "display": "Other"
        },
        "subject": {
          "reference": "Patient/Patient-6546",
          "display": "Andrea Andrade Woodard"
        },
        "participant": [
          {
            "period": {
              "start": "2021-05-31T09:36:36-04:00",
              "end": "2021-05-31T09:36:36-04:00"
            },
            "individual": {
              "reference": "Practitioner/Practitioner-2523",
              "display": "Dean Andrew Davis MD"
            }
          }
        ],
        "period": {
          "start": "2021-05-31T09:36:36-04:00",
          "end": "2021-05-31T09:36:36-04:00"
        },
        "location": [
          {
            "location": {
              "reference": "Location/Location-1102",
              "display": "Pediatric and Adult Medicine"
            }
          }
        ],
        "serviceProvider": {
          "reference": "Organization/Organization-1102",
          "display": "Pediatric and Adult Medicine"
        }
      },
      "request": {
        "method": "PUT",
        "url": "http://localhost:8080/cqf-ruler/baseDstu3/Encounter/Encounter-535"
      }
    },
    {
      "resource": {
        "resourceType": "Immunization",
        "id": "Immunization-72239",
        "status": "completed",
        "notGiven": false,
        "vaccineCode": {
          "coding": [
            {
              "system": "http://hl7.org/fhir/sid/cvx",
              "code": "140",
              "display": "Influenza, seasonal, injectable, preservative free"
            }
          ]
        },
        "patient": {
          "reference": "Patient/Patient-6546",
          "display": "Andrea Andrade Woodard"
        },
        "date": "2021-05-25T09:36:36-04:00",
        "primarySource": true,
        "location": {
          "reference": "Location/Location-1102",
          "display": "Pediatric and Adult Medicine"
        },
        "practitioner": [
          {
            "actor": {
              "reference": "Practitioner/Practitioner-2523",
              "display": "Dean Andrew Davis MD"
            }
          }
        ]
      },
      "request": {
        "method": "PUT",
        "url": "http://localhost:8080/cqf-ruler/baseDstu3/Immunization/Immunization-72239"
      }
    },
    {
      "resource": {
        "resourceType": "Immunization",
        "id": "Immunization-72240",
        "status": "completed",
        "notGiven": false,
        "vaccineCode": {
          "coding": [
            {
              "system": "http://hl7.org/fhir/sid/cvx",
              "code": "62",
              "display": "HPV, quadrivalent"
            }
          ]
        },
        "patient": {
          "reference": "Patient/Patient-6546",
          "display": "Andrea Andrade Woodard"
        },
        "date": "2021-05-25T09:36:36-04:00",
        "primarySource": true,
        "location": {
          "reference": "Location/Location-1102",
          "display": "Pediatric and Adult Medicine"
        },
        "practitioner": [
          {
            "actor": {
              "reference": "Practitioner/Practitioner-2523",
              "display": "Dean Andrew Davis MD"
            }
          }
        ]
      },
      "request": {
        "method": "PUT",
        "url": "http://localhost:8080/cqf-ruler/baseDstu3/Immunization/Immunization-72240"
      }
    },
    {
      "resource": {
        "resourceType": "Immunization",
        "id": "Immunization-72241",
        "status": "completed",
        "notGiven": false,
        "vaccineCode": {
          "coding": [
            {
              "system": "http://hl7.org/fhir/sid/cvx",
              "code": "114",
              "display": "meningococcal MCV4P"
            }
          ]
        },
        "patient": {
          "reference": "Patient/Patient-6546",
          "display": "Andrea Andrade Woodard"
        },
        "date": "2021-05-25T09:36:36-04:00",
        "primarySource": true,
        "location": {
          "reference": "Location/Location-1102",
          "display": "Pediatric and Adult Medicine"
        },
        "practitioner": [
          {
            "actor": {
              "reference": "Practitioner/Practitioner-2523",
              "display": "Dean Andrew Davis MD"
            }
          }
        ]
      },
      "request": {
        "method": "PUT",
        "url": "http://localhost:8080/cqf-ruler/baseDstu3/Immunization/Immunization-72241"
      }
    },
    {
      "resource": {
        "resourceType": "Immunization",
        "id": "Immunization-72242",
        "status": "completed",
        "notGiven": false,
        "vaccineCode": {
          "coding": [
            {
              "system": "http://hl7.org/fhir/sid/cvx",
              "code": "115",
              "display": "Tdap"
            }
          ]
        },
        "patient": {
          "reference": "Patient/Patient-6546",
          "display": "Andrea Andrade Woodard"
        },
        "date": "2021-05-25T09:36:36-04:00",
        "primarySource": true,
        "location": {
          "reference": "Location/Location-1102",
          "display": "Pediatric and Adult Medicine"
        },
        "practitioner": [
          {
            "actor": {
              "reference": "Practitioner/Practitioner-2523",
              "display": "Dean Andrew Davis MD"
            }
          }
        ]
      },
      "request": {
        "method": "PUT",
        "url": "http://localhost:8080/cqf-ruler/baseDstu3/Immunization/Immunization-72242"
      }
    },
    {
      "resource": {
        "resourceType": "Observation",
        "id": "Observation-98289",
        "status": "final",
        "code": {
          "coding": [
            {
              "system": "http://loinc.org",
              "code": "8480-6",
              "display": "Systolic blood pressure"
            }
          ]
        },
        "subject": {
          "reference": "Patient/Patient-6546",
          "display": "Andrea Andrade Woodard"
        },
        "context": {
          "reference": "Encounter/Encounter-535",
          "display": "Pediatric and Adult Medicine"
        },
        "effectiveDateTime": "2021-05-31T09:36:36-04:00",
        "performer": [
          {
            "reference": "Practitioner/Practitioner-2523",
            "display": "Dean Andrew Davis MD"
          }
        ],
        "valueQuantity": {
          "value": 129.2466297211971,
          "unit": "mmHg"
        }
      },
      "request": {
        "method": "PUT",
        "url": "http://localhost:8080/cqf-ruler/baseDstu3/Observation/Observation-98289"
      }
    },
    {
      "resource": {
        "resourceType": "Observation",
        "id": "Observation-98290",
        "status": "final",
        "code": {
          "coding": [
            {
              "system": "http://loinc.org",
              "code": "8462-4",
              "display": "Diastolic blood pressure"
            }
          ]
        },
        "subject": {
          "reference": "Patient/Patient-6546",
          "display": "Andrea Andrade Woodard"
        },
        "context": {
          "reference": "Encounter/Encounter-535",
          "display": "Pediatric and Adult Medicine"
        },
        "effectiveDateTime": "2021-05-31T09:36:36-04:00",
        "performer": [
          {
            "reference": "Practitioner/Practitioner-2523",
            "display": "Dean Andrew Davis MD"
          }
        ],
        "valueQuantity": {
          "value": 89.48174893836544,
          "unit": "mmHg"
        }
      },
      "request": {
        "method": "PUT",
        "url": "http://localhost:8080/cqf-ruler/baseDstu3/Observation/Observation-98290"
      }
    },
    {
      "resource": {
        "resourceType": "Observation",
        "id": "Observation-98291",
        "status": "final",
        "category": [
          {
            "coding": [
              {
                "system": "http://hl7.org/fhir/observation-category",
                "code": "vital-signs",
                "display": "vital-signs"
              }
            ]
          }
        ],
        "code": {
          "coding": [
            {
              "system": "http://loinc.org",
              "code": "8716-3",
              "display": "Vital Signs Panel"
            }
          ]
        },
        "subject": {
          "reference": "Patient/Patient-6546",
          "display": "Andrea Andrade Woodard"
        },
        "context": {
          "reference": "Encounter/Encounter-535",
          "display": "Pediatric and Adult Medicine"
        },
        "effectivePeriod": {
          "start": "2021-05-31T09:36:36-04:00",
          "end": "2021-05-31T09:36:36-04:00"
        },
        "valueQuantity": {
          "value": 89.48174893836544,
          "unit": "mmHg"
        },
        "component": [
          {
            "code": {
              "coding": [
                {
                  "system": "http://loinc.org",
                  "code": "8302-2",
                  "display": "Height"
                }
              ]
            }
          },
          {
            "code": {
              "coding": [
                {
                  "system": "http://loinc.org",
                  "code": "29463-7",
                  "display": "Weight"
                }
              ]
            }
          },
          {
            "code": {
              "coding": [
                {
                  "system": "http://loinc.org",
                  "code": "39156-5",
                  "display": "BMI"
                }
              ]
            }
          },
          {
            "code": {
              "coding": [
                {
                  "system": "http://loinc.org",
                  "code": "8310-5",
                  "display": "Temperature"
                }
              ]
            }
          },
          {
            "code": {
              "coding": [
                {
                  "system": "http://loinc.org",
                  "code": "8459-0",
                  "display": "Systolic Blood Pressure"
                }
              ]
            }
          },
          {
            "code": {
              "coding": [
                {
                  "system": "http://loinc.org",
                  "code": "8453-3",
                  "display": "Diastolic Blood Pressure"
                }
              ]
            }
          }
        ]
      },
      "request": {
        "method": "PUT",
        "url": "http://localhost:8080/cqf-ruler/baseDstu3/Observation/Observation-98291"
      }
    }
  ]
}