{
  "resourceType": "Bundle",
  "type": "transaction",
  "entry": [
    {
      "resource": {
        "resourceType": "Encounter",
        "id": "Encounter-609",
        "status": "finished",
        "class": {
          "system": "http://hl7.org/fhir/encounter-class",
          "code": "other",
          "display": "Other"
        },
        "subject": {
          "reference": "Patient/Patient-6495",
          "display": "Russell Dominguez Lambert"
        },
        "participant": [
          {
            "period": {
              "start": "2024-03-18T09:36:36-04:00",
              "end": "2024-03-18T09:36:36-04:00"
            },
            "individual": {
              "reference": "Practitioner/Practitioner-2532",
              "display": "Chad Espinoza Potter MD"
            }
          }
        ],
        "period": {
          "start": "2024-03-18T09:36:36-04:00",
          "end": "2024-03-18T09:36:36-04:00"
        },
        "location": [
          {
            "location": {
              "reference": "Location/Location-1105",
              "display": "Bayside Medical Group"
            }
          }
        ],
        "serviceProvider": {
          "reference": "Organization/Organization-1105",
          "display": "Bayside Medical Group"
        }
      },
      "request": {
        "method": "PUT",
        "url": "http://localhost:8080/cqf-ruler/baseDstu3/Encounter/Encounter-609"
      }
    },
    {
      "resource": {
        "resourceType": "Immunization",
        "id": "Immunization-93933",
        "status": "completed",
        "notGiven": false,
        "vaccineCode": {
          "coding": [
            {
              "system": "http://hl7.org/fhir/sid/cvx",
              "code": "140",
              "display": "Influenza, seasonal, injectable, preservative free"
            }
          ]
        },
        "patient": {
          "reference": "Patient/Patient-6495",
          "display": "Russell Dominguez Lambert"
        },
        "date": "2024-03-14T09:36:36-04:00",
        "primarySource": true,
        "location": {
          "reference": "Location/Location-1105",
          "display": "Bayside Medical Group"
        },
        "practitioner": [
          {
            "actor": {
              "reference": "Practitioner/Practitioner-2532",
              "display": "Chad Espinoza Potter MD"
            }
          }
        ]
      },
      "request": {
        "method": "PUT",
        "url": "http://localhost:8080/cqf-ruler/baseDstu3/Immunization/Immunization-93933"
      }
    },
    {
      "resource": {
        "resourceType": "Observation",
        "id": "Observation-171598",
        "status": "final",
        "code": {
          "coding": [
            {
              "system": "http://loinc.org",
              "code": "8480-6",
              "display": "Systolic blood pressure"
            }
          ]
        },
        "subject": {
          "reference": "Patient/Patient-6495",
          "display": "Russell Dominguez Lambert"
        },
        "context": {
          "reference": "Encounter/Encounter-609",
          "display": "Bayside Medical Group"
        },
        "effectiveDateTime": "2024-03-18T09:36:36-04:00",
        "performer": [
          {
            "reference": "Practitioner/Practitioner-2532",
            "display": "Chad Espinoza Potter MD"
          }
        ],
        "valueQuantity": {
          "value": 168.61420479042746,
          "unit": "mmHg"
        }
      },
      "request": {
        "method": "PUT",
        "url": "http://localhost:8080/cqf-ruler/baseDstu3/Observation/Observation-171598"
      }
    },
    {
      "resource": {
        "resourceType": "Observation",
        "id": "Observation-171599",
        "status": "final",
        "code": {
          "coding": [
            {
              "system": "http://loinc.org",
              "code": "8462-4",
              "display": "Diastolic blood pressure"
            }
          ]
        },
        "subject": {
          "reference": "Patient/Patient-6495",
          "display": "Russell Dominguez Lambert"
        },
        "context": {
          "reference": "Encounter/Encounter-609",
          "display": "Bayside Medical Group"
        },
        "effectiveDateTime": "2024-03-18T09:36:36-04:00",
        "performer": [
          {
            "reference": "Practitioner/Practitioner-2532",
            "display": "Chad Espinoza Potter MD"
          }
        ],
        "valueQuantity": {
          "value": 92.91699291274631,
          "unit": "mmHg"
        }
      },
      "request": {
        "method": "PUT",
        "url": "http://localhost:8080/cqf-ruler/baseDstu3/Observation/Observation-171599"
      }
    },
    {
      "resource": {
        "resourceType": "Condition",
        "id": "Condition-171600",
        "clinicalStatus": "active",
        "verificationStatus": "confirmed",
        "code": {
          "coding": [
            {
              "system": "http://snomed.info/sct",
              "code": "46481004",
              "display": "Low-renin essential hypertension"
            }
          ]
        },
        "subject": {
          "reference": "Patient/Patient-6495",
          "display": "Russell Dominguez Lambert"
        },
        "context": {
          "reference": "Encounter/Encounter-609",
          "display": "Bayside Medical Group"
        },
        "onsetDateTime": "2024-03-18T09:36:36-04:00",
        "assertedDate": "2024-03-18T09:36:36-04:00",
        "asserter": {
          "reference": "Practitioner/Practitioner-2532",
          "display": "Chad Espinoza Potter MD"
        }
      },
      "request": {
        "method": "PUT",
        "url": "http://localhost:8080/cqf-ruler/baseDstu3/Condition/Condition-171600"
      }
    },
    {
      "resource": {
        "resourceType": "Observation",
        "id": "Observation-171601",
        "status": "final",
        "category": [
          {
            "coding": [
              {
                "system": "http://hl7.org/fhir/observation-category",
                "code": "vital-signs",
                "display": "vital-signs"
              }
            ]
          }
        ],
        "code": {
          "coding": [
            {
              "system": "http://loinc.org",
              "code": "8716-3",
              "display": "Vital Signs Panel"
            }
          ]
        },
        "subject": {
          "reference": "Patient/Patient-6495",
          "display": "Russell Dominguez Lambert"
        },
        "context": {
          "reference": "Encounter/Encounter-609",
          "display": "Bayside Medical Group"
        },
        "effectivePeriod": {
          "start": "2024-03-18T09:36:36-04:00",
          "end": "2024-03-18T09:36:36-04:00"
        },
        "valueQuantity": {
          "value": 92.91699291274631,
          "unit": "mmHg"
        },
        "component": [
          {
            "code": {
              "coding": [
                {
                  "system": "http://loinc.org",
                  "code": "8302-2",
                  "display": "Height"
                }
              ]
            }
          },
          {
            "code": {
              "coding": [
                {
                  "system": "http://loinc.org",
                  "code": "29463-7",
                  "display": "Weight"
                }
              ]
            }
          },
          {
            "code": {
              "coding": [
                {
                  "system": "http://loinc.org",
                  "code": "39156-5",
                  "display": "BMI"
                }
              ]
            }
          },
          {
            "code": {
              "coding": [
                {
                  "system": "http://loinc.org",
                  "code": "8310-5",
                  "display": "Temperature"
                }
              ]
            }
          },
          {
            "code": {
              "coding": [
                {
                  "system": "http://loinc.org",
                  "code": "8459-0",
                  "display": "Systolic Blood Pressure"
                }
              ]
            }
          },
          {
            "code": {
              "coding": [
                {
                  "system": "http://loinc.org",
                  "code": "8453-3",
                  "display": "Diastolic Blood Pressure"
                }
              ]
            }
          }
        ]
      },
      "request": {
        "method": "PUT",
        "url": "http://localhost:8080/cqf-ruler/baseDstu3/Observation/Observation-171601"
      }
    }
  ]
}