{
  "resourceType": "Bundle",
  "type": "transaction",
  "entry": [
    {
      "resource": {
        "resourceType": "Encounter",
        "id": "Encounter-478",
        "status": "finished",
        "class": {
          "system": "http://hl7.org/fhir/encounter-class",
          "code": "other",
          "display": "Other"
        },
        "subject": {
          "reference": "Patient/Patient-1136",
          "display": "Angelica Desiree Jones"
        },
        "participant": [
          {
            "period": {
              "start": "2022-09-26T09:36:36-04:00",
              "end": "2022-09-26T09:36:36-04:00"
            },
            "individual": {
              "reference": "Practitioner/Practitioner-2533",
              "display": "Lena Dickerson Ballard MD"
            }
          }
        ],
        "period": {
          "start": "2022-09-26T09:36:36-04:00",
          "end": "2022-09-26T09:36:36-04:00"
        },
        "location": [
          {
            "location": {
              "reference": "Location/Location-1106",
              "display": "Cranston Family Medical"
            }
          }
        ],
        "serviceProvider": {
          "reference": "Organization/Organization-1106",
          "display": "Cranston Family Medical"
        }
      },
      "request": {
        "method": "PUT",
        "url": "http://localhost:8080/cqf-ruler/baseDstu3/Encounter/Encounter-478"
      }
    },
    {
      "resource": {
        "resourceType": "Immunization",
        "id": "Immunization-54885",
        "status": "completed",
        "notGiven": false,
        "vaccineCode": {
          "coding": [
            {
              "system": "http://hl7.org/fhir/sid/cvx",
              "code": "140",
              "display": "Influenza, seasonal, injectable, preservative free"
            }
          ]
        },
        "patient": {
          "reference": "Patient/Patient-1136",
          "display": "Angelica Desiree Jones"
        },
        "date": "2022-09-22T09:36:36-04:00",
        "primarySource": true,
        "location": {
          "reference": "Location/Location-1106",
          "display": "Cranston Family Medical"
        },
        "practitioner": [
          {
            "actor": {
              "reference": "Practitioner/Practitioner-2533",
              "display": "Lena Dickerson Ballard MD"
            }
          }
        ]
      },
      "request": {
        "method": "PUT",
        "url": "http://localhost:8080/cqf-ruler/baseDstu3/Immunization/Immunization-54885"
      }
    },
    {
      "resource": {
        "resourceType": "Observation",
        "id": "Observation-133004",
        "status": "final",
        "code": {
          "coding": [
            {
              "system": "http://loinc.org",
              "code": "8480-6",
              "display": "Systolic blood pressure"
            }
          ]
        },
        "subject": {
          "reference": "Patient/Patient-1136",
          "display": "Angelica Desiree Jones"
        },
        "context": {
          "reference": "Encounter/Encounter-478",
          "display": "Cranston Family Medical"
        },
        "effectiveDateTime": "2022-09-26T09:36:36-04:00",
        "performer": [
          {
            "reference": "Practitioner/Practitioner-2533",
            "display": "Lena Dickerson Ballard MD"
          }
        ],
        "valueQuantity": {
          "value": 120.38138164545627,
          "unit": "mmHg"
        }
      },
      "request": {
        "method": "PUT",
        "url": "http://localhost:8080/cqf-ruler/baseDstu3/Observation/Observation-133004"
      }
    },
    {
      "resource": {
        "resourceType": "Observation",
        "id": "Observation-133005",
        "status": "final",
        "code": {
          "coding": [
            {
              "system": "http://loinc.org",
              "code": "8462-4",
              "display": "Diastolic blood pressure"
            }
          ]
        },
        "subject": {
          "reference": "Patient/Patient-1136",
          "display": "Angelica Desiree Jones"
        },
        "context": {
          "reference": "Encounter/Encounter-478",
          "display": "Cranston Family Medical"
        },
        "effectiveDateTime": "2022-09-26T09:36:36-04:00",
        "performer": [
          {
            "reference": "Practitioner/Practitioner-2533",
            "display": "Lena Dickerson Ballard MD"
          }
        ],
        "valueQuantity": {
          "value": 98.54023004019837,
          "unit": "mmHg"
        }
      },
      "request": {
        "method": "PUT",
        "url": "http://localhost:8080/cqf-ruler/baseDstu3/Observation/Observation-133005"
      }
    },
    {
      "resource": {
        "resourceType": "Condition",
        "id": "Condition-133006",
        "clinicalStatus": "active",
        "verificationStatus": "confirmed",
        "code": {
          "coding": [
            {
              "system": "http://snomed.info/sct",
              "code": "276789009",
              "display": "Labile hypertension"
            }
          ]
        },
        "subject": {
          "reference": "Patient/Patient-1136",
          "display": "Angelica Desiree Jones"
        },
        "context": {
          "reference": "Encounter/Encounter-478",
          "display": "Cranston Family Medical"
        },
        "onsetDateTime": "2022-09-26T09:36:36-04:00",
        "assertedDate": "2022-09-26T09:36:36-04:00",
        "asserter": {
          "reference": "Practitioner/Practitioner-2533",
          "display": "Lena Dickerson Ballard MD"
        }
      },
      "request": {
        "method": "PUT",
        "url": "http://localhost:8080/cqf-ruler/baseDstu3/Condition/Condition-133006"
      }
    },
    {
      "resource": {
        "resourceType": "Procedure",
        "id": "Procedure-133007",
        "status": "completed",
        "code": {
          "coding": [
            {
              "system": "http://loinc.org",
              "code": "33717-0",
              "display": "Cytology Cervical or vaginal smear or scraping study"
            }
          ]
        },
        "subject": {
          "reference": "Patient/Patient-1136",
          "display": "Angelica Desiree Jones"
        },
        "context": {
          "reference": "Encounter/Encounter-478",
          "display": "Cranston Family Medical"
        },
        "performedPeriod": {
          "start": "2022-09-26T09:36:36-04:00",
          "end": "2022-09-26T09:36:36-04:00"
        },
        "performer": [
          {
            "actor": {
              "reference": "Practitioner/Practitioner-2533",
              "display": "Lena Dickerson Ballard MD"
            }
          }
        ],
        "location": {
          "reference": "Location/Location-1106",
          "display": "Cranston Family Medical"
        }
      },
      "request": {
        "method": "PUT",
        "url": "http://localhost:8080/cqf-ruler/baseDstu3/Procedure/Procedure-133007"
      }
    },
    {
      "resource": {
        "resourceType": "Observation",
        "id": "Observation-133008",
        "status": "final",
        "code": {
          "coding": [
            {
              "system": "http://snomed.info/sct",
              "code": "289829007",
              "display": "Normal uterine cervix (finding)"
            }
          ]
        },
        "subject": {
          "reference": "Patient/Patient-1136",
          "display": "Angelica Desiree Jones"
        },
        "context": {
          "reference": "Encounter/Encounter-478",
          "display": "Cranston Family Medical"
        },
        "effectiveDateTime": "2022-09-26T09:36:36-04:00",
        "performer": [
          {
            "reference": "Practitioner/Practitioner-2533",
            "display": "Lena Dickerson Ballard MD"
          }
        ],
        "valueString": "NEGATIVE"
      },
      "request": {
        "method": "PUT",
        "url": "http://localhost:8080/cqf-ruler/baseDstu3/Observation/Observation-133008"
      }
    },
    {
      "resource": {
        "resourceType": "DiagnosticReport",
        "id": "DiagnosticReport-133009",
        "status": "final",
        "code": {
          "coding": [
            {
              "system": "http://loinc.org",
              "code": "26348-3",
              "display": "Breast - right Mammogram diagnostic"
            }
          ]
        },
        "subject": {
          "reference": "Patient/Patient-1136",
          "display": "Angelica Desiree Jones"
        },
        "context": {
          "reference": "Encounter/Encounter-478",
          "display": "Cranston Family Medical"
        },
        "effectivePeriod": {
          "start": "2022-09-26T09:36:36-04:00",
          "end": "2022-09-26T09:36:36-04:00"
        },
        "result": [
          {
            "reference": "Observation/Observation-133008",
            "display": "No_Cancer_Detected"
          }
        ]
      },
      "request": {
        "method": "PUT",
        "url": "http://localhost:8080/cqf-ruler/baseDstu3/DiagnosticReport/DiagnosticReport-133009"
      }
    },
    {
      "resource": {
        "resourceType": "Observation",
        "id": "Observation-133010",
        "status": "final",
        "category": [
          {
            "coding": [
              {
                "system": "http://hl7.org/fhir/observation-category",
                "code": "vital-signs",
                "display": "vital-signs"
              }
            ]
          }
        ],
        "code": {
          "coding": [
            {
              "system": "http://loinc.org",
              "code": "8716-3",
              "display": "Vital Signs Panel"
            }
          ]
        },
        "subject": {
          "reference": "Patient/Patient-1136",
          "display": "Angelica Desiree Jones"
        },
        "context": {
          "reference": "Encounter/Encounter-478",
          "display": "Cranston Family Medical"
        },
        "effectivePeriod": {
          "start": "2022-09-26T09:36:36-04:00",
          "end": "2022-09-26T09:36:36-04:00"
        },
        "valueQuantity": {
          "value": 98.54023004019837,
          "unit": "mmHg"
        },
        "component": [
          {
            "code": {
              "coding": [
                {
                  "system": "http://loinc.org",
                  "code": "8302-2",
                  "display": "Height"
                }
              ]
            }
          },
          {
            "code": {
              "coding": [
                {
                  "system": "http://loinc.org",
                  "code": "29463-7",
                  "display": "Weight"
                }
              ]
            }
          },
          {
            "code": {
              "coding": [
                {
                  "system": "http://loinc.org",
                  "code": "39156-5",
                  "display": "BMI"
                }
              ]
            }
          },
          {
            "code": {
              "coding": [
                {
                  "system": "http://loinc.org",
                  "code": "8310-5",
                  "display": "Temperature"
                }
              ]
            }
          },
          {
            "code": {
              "coding": [
                {
                  "system": "http://loinc.org",
                  "code": "8459-0",
                  "display": "Systolic Blood Pressure"
                }
              ]
            }
          },
          {
            "code": {
              "coding": [
                {
                  "system": "http://loinc.org",
                  "code": "8453-3",
                  "display": "Diastolic Blood Pressure"
                }
              ]
            }
          }
        ]
      },
      "request": {
        "method": "PUT",
        "url": "http://localhost:8080/cqf-ruler/baseDstu3/Observation/Observation-133010"
      }
    }
  ]
}