{
  "resourceType": "Bundle",
  "type": "transaction",
  "entry": [
    {
      "resource": {
        "resourceType": "Encounter",
        "id": "Encounter-271",
        "status": "finished",
        "class": {
          "system": "http://hl7.org/fhir/encounter-class",
          "code": "other",
          "display": "Other"
        },
        "subject": {
          "reference": "Patient/Patient-6497",
          "display": "Terri Reilly Zavala"
        },
        "participant": [
          {
            "period": {
              "start": "2020-05-25T09:36:36-04:00",
              "end": "2020-05-25T09:36:36-04:00"
            },
            "individual": {
              "reference": "Practitioner/Practitioner-2534",
              "display": "Pearl Rita Dawson MD"
            }
          }
        ],
        "period": {
          "start": "2020-05-25T09:36:36-04:00",
          "end": "2020-05-25T09:36:36-04:00"
        },
        "location": [
          {
            "location": {
              "reference": "Location/Location-1101",
              "display": "McKinley Health Center"
            }
          }
        ],
        "serviceProvider": {
          "reference": "Organization/Organization-1101",
          "display": "McKinley Health Center"
        }
      },
      "request": {
        "method": "PUT",
        "url": "http://localhost:8080/cqf-ruler/baseDstu3/Encounter/Encounter-271"
      }
    },
    {
      "resource": {
        "resourceType": "Immunization",
        "id": "Immunization-2328",
        "status": "completed",
        "notGiven": false,
        "vaccineCode": {
          "coding": [
            {
              "system": "http://hl7.org/fhir/sid/cvx",
              "code": "140",
              "display": "Influenza, seasonal, injectable, preservative free"
            }
          ]
        },
        "patient": {
          "reference": "Patient/Patient-6497",
          "display": "Terri Reilly Zavala"
        },
        "date": "2020-05-21T09:36:36-04:00",
        "primarySource": true,
        "location": {
          "reference": "Location/Location-1101",
          "display": "McKinley Health Center"
        },
        "practitioner": [
          {
            "actor": {
              "reference": "Practitioner/Practitioner-2534",
              "display": "Pearl Rita Dawson MD"
            }
          }
        ]
      },
      "request": {
        "method": "PUT",
        "url": "http://localhost:8080/cqf-ruler/baseDstu3/Immunization/Immunization-2328"
      }
    },
    {
      "resource": {
        "resourceType": "Observation",
        "id": "Observation-72247",
        "status": "final",
        "code": {
          "coding": [
            {
              "system": "http://loinc.org",
              "code": "8480-6",
              "display": "Systolic blood pressure"
            }
          ]
        },
        "subject": {
          "reference": "Patient/Patient-6497",
          "display": "Terri Reilly Zavala"
        },
        "context": {
          "reference": "Encounter/Encounter-271",
          "display": "McKinley Health Center"
        },
        "effectiveDateTime": "2020-05-25T09:36:36-04:00",
        "performer": [
          {
            "reference": "Practitioner/Practitioner-2534",
            "display": "Pearl Rita Dawson MD"
          }
        ],
        "valueQuantity": {
          "value": 159.87571913227478,
          "unit": "mmHg"
        }
      },
      "request": {
        "method": "PUT",
        "url": "http://localhost:8080/cqf-ruler/baseDstu3/Observation/Observation-72247"
      }
    },
    {
      "resource": {
        "resourceType": "Observation",
        "id": "Observation-72248",
        "status": "final",
        "code": {
          "coding": [
            {
              "system": "http://loinc.org",
              "code": "8462-4",
              "display": "Diastolic blood pressure"
            }
          ]
        },
        "subject": {
          "reference": "Patient/Patient-6497",
          "display": "Terri Reilly Zavala"
        },
        "context": {
          "reference": "Encounter/Encounter-271",
          "display": "McKinley Health Center"
        },
        "effectiveDateTime": "2020-05-25T09:36:36-04:00",
        "performer": [
          {
            "reference": "Practitioner/Practitioner-2534",
            "display": "Pearl Rita Dawson MD"
          }
        ],
        "valueQuantity": {
          "value": 112.6929959117307,
          "unit": "mmHg"
        }
      },
      "request": {
        "method": "PUT",
        "url": "http://localhost:8080/cqf-ruler/baseDstu3/Observation/Observation-72248"
      }
    },
    {
      "resource": {
        "resourceType": "Condition",
        "id": "Condition-72249",
        "clinicalStatus": "active",
        "verificationStatus": "confirmed",
        "code": {
          "coding": [
            {
              "system": "http://snomed.info/sct",
              "code": "56218007",
              "display": "Systolic hypertension"
            }
          ]
        },
        "subject": {
          "reference": "Patient/Patient-6497",
          "display": "Terri Reilly Zavala"
        },
        "context": {
          "reference": "Encounter/Encounter-271",
          "display": "McKinley Health Center"
        },
        "onsetDateTime": "2020-05-25T09:36:36-04:00",
        "assertedDate": "2020-05-25T09:36:36-04:00",
        "asserter": {
          "reference": "Practitioner/Practitioner-2534",
          "display": "Pearl Rita Dawson MD"
        }
      },
      "request": {
        "method": "PUT",
        "url": "http://localhost:8080/cqf-ruler/baseDstu3/Condition/Condition-72249"
      }
    },
    {
      "resource": {
        "resourceType": "Procedure",
        "id": "Procedure-72250",
        "status": "completed",
        "code": {
          "coding": [
            {
              "system": "http://loinc.org",
              "code": "47527-7",
              "display": "Cytology report of Cervical or vaginal smear or scraping Cyto stain.thin prep"
            }
          ]
        },
        "subject": {
          "reference": "Patient/Patient-6497",
          "display": "Terri Reilly Zavala"
        },
        "context": {
          "reference": "Encounter/Encounter-271",
          "display": "McKinley Health Center"
        },
        "performedPeriod": {
          "start": "2020-05-25T09:36:36-04:00",
          "end": "2020-05-25T09:36:36-04:00"
        },
        "performer": [
          {
            "actor": {
              "reference": "Practitioner/Practitioner-2534",
              "display": "Pearl Rita Dawson MD"
            }
          }
        ],
        "location": {
          "reference": "Location/Location-1101",
          "display": "McKinley Health Center"
        }
      },
      "request": {
        "method": "PUT",
        "url": "http://localhost:8080/cqf-ruler/baseDstu3/Procedure/Procedure-72250"
      }
    },
    {
      "resource": {
        "resourceType": "Observation",
        "id": "Observation-72251",
        "status": "final",
        "code": {
          "coding": [
            {
              "system": "http://snomed.info/sct",
              "code": "289829007",
              "display": "Normal uterine cervix (finding)"
            }
          ]
        },
        "subject": {
          "reference": "Patient/Patient-6497",
          "display": "Terri Reilly Zavala"
        },
        "context": {
          "reference": "Encounter/Encounter-271",
          "display": "McKinley Health Center"
        },
        "effectiveDateTime": "2020-05-25T09:36:36-04:00",
        "performer": [
          {
            "reference": "Practitioner/Practitioner-2534",
            "display": "Pearl Rita Dawson MD"
          }
        ],
        "valueString": "NEGATIVE"
      },
      "request": {
        "method": "PUT",
        "url": "http://localhost:8080/cqf-ruler/baseDstu3/Observation/Observation-72251"
      }
    },
    {
      "resource": {
        "resourceType": "DiagnosticReport",
        "id": "DiagnosticReport-72252",
        "status": "final",
        "code": {
          "coding": [
            {
              "system": "http://loinc.org",
              "code": "46380-2",
              "display": "Breast Implant - unilateral Mammogram"
            }
          ]
        },
        "subject": {
          "reference": "Patient/Patient-6497",
          "display": "Terri Reilly Zavala"
        },
        "context": {
          "reference": "Encounter/Encounter-271",
          "display": "McKinley Health Center"
        },
        "effectivePeriod": {
          "start": "2020-05-25T09:36:36-04:00",
          "end": "2020-05-25T09:36:36-04:00"
        },
        "result": [
          {
            "reference": "Observation/Observation-72251",
            "display": "No_Cancer_Detected"
          }
        ]
      },
      "request": {
        "method": "PUT",
        "url": "http://localhost:8080/cqf-ruler/baseDstu3/DiagnosticReport/DiagnosticReport-72252"
      }
    },
    {
      "resource": {
        "resourceType": "Observation",
        "id": "Observation-72253",
        "status": "final",
        "category": [
          {
            "coding": [
              {
                "system": "http://hl7.org/fhir/observation-category",
                "code": "vital-signs",
                "display": "vital-signs"
              }
            ]
          }
        ],
        "code": {
          "coding": [
            {
              "system": "http://loinc.org",
              "code": "8716-3",
              "display": "Vital Signs Panel"
            }
          ]
        },
        "subject": {
          "reference": "Patient/Patient-6497",
          "display": "Terri Reilly Zavala"
        },
        "context": {
          "reference": "Encounter/Encounter-271",
          "display": "McKinley Health Center"
        },
        "effectivePeriod": {
          "start": "2020-05-25T09:36:36-04:00",
          "end": "2020-05-25T09:36:36-04:00"
        },
        "valueQuantity": {
          "value": 112.6929959117307,
          "unit": "mmHg"
        },
        "component": [
          {
            "code": {
              "coding": [
                {
                  "system": "http://loinc.org",
                  "code": "8302-2",
                  "display": "Height"
                }
              ]
            }
          },
          {
            "code": {
              "coding": [
                {
                  "system": "http://loinc.org",
                  "code": "29463-7",
                  "display": "Weight"
                }
              ]
            }
          },
          {
            "code": {
              "coding": [
                {
                  "system": "http://loinc.org",
                  "code": "39156-5",
                  "display": "BMI"
                }
              ]
            }
          },
          {
            "code": {
              "coding": [
                {
                  "system": "http://loinc.org",
                  "code": "8310-5",
                  "display": "Temperature"
                }
              ]
            }
          },
          {
            "code": {
              "coding": [
                {
                  "system": "http://loinc.org",
                  "code": "8459-0",
                  "display": "Systolic Blood Pressure"
                }
              ]
            }
          },
          {
            "code": {
              "coding": [
                {
                  "system": "http://loinc.org",
                  "code": "8453-3",
                  "display": "Diastolic Blood Pressure"
                }
              ]
            }
          }
        ]
      },
      "request": {
        "method": "PUT",
        "url": "http://localhost:8080/cqf-ruler/baseDstu3/Observation/Observation-72253"
      }
    }
  ]
}