{
  "resourceType": "Bundle",
  "type": "transaction",
  "entry": [
    {
      "resource": {
        "resourceType": "Encounter",
        "id": "Encounter-390",
        "status": "finished",
        "class": {
          "system": "http://hl7.org/fhir/encounter-class",
          "code": "other",
          "display": "Other"
        },
        "subject": {
          "reference": "Patient/Patient-1125",
          "display": "Ryan Arthur Paulson"
        },
        "participant": [
          {
            "period": {
              "start": "2020-11-09T09:36:36-05:00",
              "end": "2020-11-09T09:36:36-05:00"
            },
            "individual": {
              "reference": "Practitioner/Practitioner-2521",
              "display": "Heather Fuentes Guerra MD"
            }
          }
        ],
        "period": {
          "start": "2020-11-09T09:36:36-05:00",
          "end": "2020-11-09T09:36:36-05:00"
        },
        "location": [
          {
            "location": {
              "reference": "Location/Location-1106",
              "display": "Cranston Family Medical"
            }
          }
        ],
        "serviceProvider": {
          "reference": "Organization/Organization-1106",
          "display": "Cranston Family Medical"
        }
      },
      "request": {
        "method": "PUT",
        "url": "http://localhost:8080/cqf-ruler/baseDstu3/Encounter/Encounter-390"
      }
    },
    {
      "resource": {
        "resourceType": "Immunization",
        "id": "Immunization-32732",
        "status": "completed",
        "notGiven": false,
        "vaccineCode": {
          "coding": [
            {
              "system": "http://hl7.org/fhir/sid/cvx",
              "code": "140",
              "display": "Influenza, seasonal, injectable, preservative free"
            }
          ]
        },
        "patient": {
          "reference": "Patient/Patient-1125",
          "display": "Ryan Arthur Paulson"
        },
        "date": "2020-11-04T09:36:36-05:00",
        "primarySource": true,
        "location": {
          "reference": "Location/Location-1106",
          "display": "Cranston Family Medical"
        },
        "practitioner": [
          {
            "actor": {
              "reference": "Practitioner/Practitioner-2521",
              "display": "Heather Fuentes Guerra MD"
            }
          }
        ]
      },
      "request": {
        "method": "PUT",
        "url": "http://localhost:8080/cqf-ruler/baseDstu3/Immunization/Immunization-32732"
      }
    },
    {
      "resource": {
        "resourceType": "Immunization",
        "id": "Immunization-32733",
        "status": "completed",
        "notGiven": false,
        "vaccineCode": {
          "coding": [
            {
              "system": "http://hl7.org/fhir/sid/cvx",
              "code": "113",
              "display": "Td (adult) preservative free"
            }
          ]
        },
        "patient": {
          "reference": "Patient/Patient-1125",
          "display": "Ryan Arthur Paulson"
        },
        "date": "2020-11-04T09:36:36-05:00",
        "primarySource": true,
        "location": {
          "reference": "Location/Location-1106",
          "display": "Cranston Family Medical"
        },
        "practitioner": [
          {
            "actor": {
              "reference": "Practitioner/Practitioner-2521",
              "display": "Heather Fuentes Guerra MD"
            }
          }
        ]
      },
      "request": {
        "method": "PUT",
        "url": "http://localhost:8080/cqf-ruler/baseDstu3/Immunization/Immunization-32733"
      }
    },
    {
      "resource": {
        "resourceType": "Procedure",
        "id": "Procedure-84936",
        "status": "completed",
        "code": {
          "coding": [
            {
              "system": "http://loinc.org",
              "code": "58453-2",
              "display": "Hemoglobin.gastrointestinal [Mass/volume] in Stool by Immunologic method"
            }
          ]
        },
        "subject": {
          "reference": "Patient/Patient-1125",
          "display": "Ryan Arthur Paulson"
        },
        "context": {
          "reference": "Encounter/Encounter-390",
          "display": "Cranston Family Medical"
        },
        "performedPeriod": {
          "start": "2020-11-09T09:36:36-05:00",
          "end": "2020-11-09T09:36:36-05:00"
        },
        "performer": [
          {
            "actor": {
              "reference": "Practitioner/Practitioner-2521",
              "display": "Heather Fuentes Guerra MD"
            }
          }
        ],
        "location": {
          "reference": "Location/Location-1106",
          "display": "Cranston Family Medical"
        }
      },
      "request": {
        "method": "PUT",
        "url": "http://localhost:8080/cqf-ruler/baseDstu3/Procedure/Procedure-84936"
      }
    },
    {
      "resource": {
        "resourceType": "Observation",
        "id": "Observation-84937",
        "status": "final",
        "code": {
          "coding": [
            {
              "system": "http://loinc.org",
              "code": "57905-2",
              "display": "Hemoglobin.gastrointestinal [Presence] in Stool by Immunologic method --1st specimen"
            }
          ]
        },
        "subject": {
          "reference": "Patient/Patient-1125",
          "display": "Ryan Arthur Paulson"
        },
        "context": {
          "reference": "Encounter/Encounter-390",
          "display": "Cranston Family Medical"
        },
        "effectiveDateTime": "2020-11-09T09:36:36-05:00",
        "performer": [
          {
            "reference": "Practitioner/Practitioner-2521",
            "display": "Heather Fuentes Guerra MD"
          }
        ],
        "valueString": "NEGATIVE"
      },
      "request": {
        "method": "PUT",
        "url": "http://localhost:8080/cqf-ruler/baseDstu3/Observation/Observation-84937"
      }
    },
    {
      "resource": {
        "resourceType": "Observation",
        "id": "Observation-84938",
        "status": "final",
        "code": {
          "coding": [
            {
              "system": "http://loinc.org",
              "code": "8480-6",
              "display": "Systolic blood pressure"
            }
          ]
        },
        "subject": {
          "reference": "Patient/Patient-1125",
          "display": "Ryan Arthur Paulson"
        },
        "context": {
          "reference": "Encounter/Encounter-390",
          "display": "Cranston Family Medical"
        },
        "effectiveDateTime": "2020-11-09T09:36:36-05:00",
        "performer": [
          {
            "reference": "Practitioner/Practitioner-2521",
            "display": "Heather Fuentes Guerra MD"
          }
        ],
        "valueQuantity": {
          "value": 133.29208184548142,
          "unit": "mmHg"
        }
      },
      "request": {
        "method": "PUT",
        "url": "http://localhost:8080/cqf-ruler/baseDstu3/Observation/Observation-84938"
      }
    },
    {
      "resource": {
        "resourceType": "Observation",
        "id": "Observation-84939",
        "status": "final",
        "code": {
          "coding": [
            {
              "system": "http://loinc.org",
              "code": "8462-4",
              "display": "Diastolic blood pressure"
            }
          ]
        },
        "subject": {
          "reference": "Patient/Patient-1125",
          "display": "Ryan Arthur Paulson"
        },
        "context": {
          "reference": "Encounter/Encounter-390",
          "display": "Cranston Family Medical"
        },
        "effectiveDateTime": "2020-11-09T09:36:36-05:00",
        "performer": [
          {
            "reference": "Practitioner/Practitioner-2521",
            "display": "Heather Fuentes Guerra MD"
          }
        ],
        "valueQuantity": {
          "value": 112.52633767539425,
          "unit": "mmHg"
        }
      },
      "request": {
        "method": "PUT",
        "url": "http://localhost:8080/cqf-ruler/baseDstu3/Observation/Observation-84939"
      }
    },
    {
      "resource": {
        "resourceType": "Condition",
        "id": "Condition-84940",
        "clinicalStatus": "active",
        "verificationStatus": "confirmed",
        "code": {
          "coding": [
            {
              "system": "http://hl7.org/fhir/sid/icd-9-cm",
              "code": "401.1",
              "display": "Benign essential hypertension"
            }
          ]
        },
        "subject": {
          "reference": "Patient/Patient-1125",
          "display": "Ryan Arthur Paulson"
        },
        "context": {
          "reference": "Encounter/Encounter-390",
          "display": "Cranston Family Medical"
        },
        "onsetDateTime": "2020-11-09T09:36:36-05:00",
        "assertedDate": "2020-11-09T09:36:36-05:00",
        "asserter": {
          "reference": "Practitioner/Practitioner-2521",
          "display": "Heather Fuentes Guerra MD"
        }
      },
      "request": {
        "method": "PUT",
        "url": "http://localhost:8080/cqf-ruler/baseDstu3/Condition/Condition-84940"
      }
    },
    {
      "resource": {
        "resourceType": "Observation",
        "id": "Observation-84941",
        "status": "final",
        "category": [
          {
            "coding": [
              {
                "system": "http://hl7.org/fhir/observation-category",
                "code": "vital-signs",
                "display": "vital-signs"
              }
            ]
          }
        ],
        "code": {
          "coding": [
            {
              "system": "http://loinc.org",
              "code": "8716-3",
              "display": "Vital Signs Panel"
            }
          ]
        },
        "subject": {
          "reference": "Patient/Patient-1125",
          "display": "Ryan Arthur Paulson"
        },
        "context": {
          "reference": "Encounter/Encounter-390",
          "display": "Cranston Family Medical"
        },
        "effectivePeriod": {
          "start": "2020-11-09T09:36:36-05:00",
          "end": "2020-11-09T09:36:36-05:00"
        },
        "valueQuantity": {
          "value": 112.52633767539425,
          "unit": "mmHg"
        },
        "component": [
          {
            "code": {
              "coding": [
                {
                  "system": "http://loinc.org",
                  "code": "8302-2",
                  "display": "Height"
                }
              ]
            }
          },
          {
            "code": {
              "coding": [
                {
                  "system": "http://loinc.org",
                  "code": "29463-7",
                  "display": "Weight"
                }
              ]
            }
          },
          {
            "code": {
              "coding": [
                {
                  "system": "http://loinc.org",
                  "code": "39156-5",
                  "display": "BMI"
                }
              ]
            }
          },
          {
            "code": {
              "coding": [
                {
                  "system": "http://loinc.org",
                  "code": "8310-5",
                  "display": "Temperature"
                }
              ]
            }
          },
          {
            "code": {
              "coding": [
                {
                  "system": "http://loinc.org",
                  "code": "8459-0",
                  "display": "Systolic Blood Pressure"
                }
              ]
            }
          },
          {
            "code": {
              "coding": [
                {
                  "system": "http://loinc.org",
                  "code": "8453-3",
                  "display": "Diastolic Blood Pressure"
                }
              ]
            }
          }
        ]
      },
      "request": {
        "method": "PUT",
        "url": "http://localhost:8080/cqf-ruler/baseDstu3/Observation/Observation-84941"
      }
    }
  ]
}