{
  "resourceType": "Bundle",
  "type": "transaction",
  "entry": [
    {
      "resource": {
        "resourceType": "Encounter",
        "id": "Encounter-561",
        "status": "finished",
        "class": {
          "system": "http://hl7.org/fhir/encounter-class",
          "code": "other",
          "display": "Other"
        },
        "subject": {
          "reference": "Patient/Patient-6516",
          "display": "April Rhodes Nielsen"
        },
        "participant": [
          {
            "period": {
              "start": "2021-08-30T09:36:36-04:00",
              "end": "2021-08-30T09:36:36-04:00"
            },
            "individual": {
              "reference": "Practitioner/Practitioner-2533",
              "display": "Lena Dickerson Ballard MD"
            }
          }
        ],
        "period": {
          "start": "2021-08-30T09:36:36-04:00",
          "end": "2021-08-30T09:36:36-04:00"
        },
        "location": [
          {
            "location": {
              "reference": "Location/Location-1106",
              "display": "Cranston Family Medical"
            }
          }
        ],
        "serviceProvider": {
          "reference": "Organization/Organization-1106",
          "display": "Cranston Family Medical"
        }
      },
      "request": {
        "method": "PUT",
        "url": "http://localhost:8080/cqf-ruler/baseDstu3/Encounter/Encounter-561"
      }
    },
    {
      "resource": {
        "resourceType": "Immunization",
        "id": "Immunization-78792",
        "status": "completed",
        "notGiven": false,
        "vaccineCode": {
          "coding": [
            {
              "system": "http://hl7.org/fhir/sid/cvx",
              "code": "140",
              "display": "Influenza, seasonal, injectable, preservative free"
            }
          ]
        },
        "patient": {
          "reference": "Patient/Patient-6516",
          "display": "April Rhodes Nielsen"
        },
        "date": "2021-08-24T09:36:36-04:00",
        "primarySource": true,
        "location": {
          "reference": "Location/Location-1106",
          "display": "Cranston Family Medical"
        },
        "practitioner": [
          {
            "actor": {
              "reference": "Practitioner/Practitioner-2533",
              "display": "Lena Dickerson Ballard MD"
            }
          }
        ]
      },
      "request": {
        "method": "PUT",
        "url": "http://localhost:8080/cqf-ruler/baseDstu3/Immunization/Immunization-78792"
      }
    },
    {
      "resource": {
        "resourceType": "Procedure",
        "id": "Procedure-104792",
        "status": "completed",
        "code": {
          "coding": [
            {
              "system": "http://loinc.org",
              "code": "57905-2",
              "display": "Hemoglobin.gastrointestinal [Presence] in Stool by Immunologic method --1st specimen"
            }
          ]
        },
        "subject": {
          "reference": "Patient/Patient-6516",
          "display": "April Rhodes Nielsen"
        },
        "context": {
          "reference": "Encounter/Encounter-561",
          "display": "Cranston Family Medical"
        },
        "performedPeriod": {
          "start": "2021-08-30T09:36:36-04:00",
          "end": "2021-08-30T09:36:36-04:00"
        },
        "performer": [
          {
            "actor": {
              "reference": "Practitioner/Practitioner-2533",
              "display": "Lena Dickerson Ballard MD"
            }
          }
        ],
        "location": {
          "reference": "Location/Location-1106",
          "display": "Cranston Family Medical"
        }
      },
      "request": {
        "method": "PUT",
        "url": "http://localhost:8080/cqf-ruler/baseDstu3/Procedure/Procedure-104792"
      }
    },
    {
      "resource": {
        "resourceType": "Observation",
        "id": "Observation-104793",
        "status": "final",
        "code": {
          "coding": [
            {
              "system": "http://loinc.org",
              "code": "27401-9",
              "display": "Hemoglobin.gastrointestinal [Presence] in Stool --6th specimen"
            }
          ]
        },
        "subject": {
          "reference": "Patient/Patient-6516",
          "display": "April Rhodes Nielsen"
        },
        "context": {
          "reference": "Encounter/Encounter-561",
          "display": "Cranston Family Medical"
        },
        "effectiveDateTime": "2021-08-30T09:36:36-04:00",
        "performer": [
          {
            "reference": "Practitioner/Practitioner-2533",
            "display": "Lena Dickerson Ballard MD"
          }
        ],
        "valueString": "POSITIVE"
      },
      "request": {
        "method": "PUT",
        "url": "http://localhost:8080/cqf-ruler/baseDstu3/Observation/Observation-104793"
      }
    },
    {
      "resource": {
        "resourceType": "Observation",
        "id": "Observation-104794",
        "status": "final",
        "code": {
          "coding": [
            {
              "system": "http://loinc.org",
              "code": "8480-6",
              "display": "Systolic blood pressure"
            }
          ]
        },
        "subject": {
          "reference": "Patient/Patient-6516",
          "display": "April Rhodes Nielsen"
        },
        "context": {
          "reference": "Encounter/Encounter-561",
          "display": "Cranston Family Medical"
        },
        "effectiveDateTime": "2021-08-30T09:36:36-04:00",
        "performer": [
          {
            "reference": "Practitioner/Practitioner-2533",
            "display": "Lena Dickerson Ballard MD"
          }
        ],
        "valueQuantity": {
          "value": 173.0204511082589,
          "unit": "mmHg"
        }
      },
      "request": {
        "method": "PUT",
        "url": "http://localhost:8080/cqf-ruler/baseDstu3/Observation/Observation-104794"
      }
    },
    {
      "resource": {
        "resourceType": "Observation",
        "id": "Observation-104795",
        "status": "final",
        "code": {
          "coding": [
            {
              "system": "http://loinc.org",
              "code": "8462-4",
              "display": "Diastolic blood pressure"
            }
          ]
        },
        "subject": {
          "reference": "Patient/Patient-6516",
          "display": "April Rhodes Nielsen"
        },
        "context": {
          "reference": "Encounter/Encounter-561",
          "display": "Cranston Family Medical"
        },
        "effectiveDateTime": "2021-08-30T09:36:36-04:00",
        "performer": [
          {
            "reference": "Practitioner/Practitioner-2533",
            "display": "Lena Dickerson Ballard MD"
          }
        ],
        "valueQuantity": {
          "value": 92.00646619824397,
          "unit": "mmHg"
        }
      },
      "request": {
        "method": "PUT",
        "url": "http://localhost:8080/cqf-ruler/baseDstu3/Observation/Observation-104795"
      }
    },
    {
      "resource": {
        "resourceType": "Condition",
        "id": "Condition-104796",
        "clinicalStatus": "active",
        "verificationStatus": "confirmed",
        "code": {
          "coding": [
            {
              "system": "http://snomed.info/sct",
              "code": "371125006",
              "display": "Labile essential hypertension"
            }
          ]
        },
        "subject": {
          "reference": "Patient/Patient-6516",
          "display": "April Rhodes Nielsen"
        },
        "context": {
          "reference": "Encounter/Encounter-561",
          "display": "Cranston Family Medical"
        },
        "onsetDateTime": "2021-08-30T09:36:36-04:00",
        "assertedDate": "2021-08-30T09:36:36-04:00",
        "asserter": {
          "reference": "Practitioner/Practitioner-2533",
          "display": "Lena Dickerson Ballard MD"
        }
      },
      "request": {
        "method": "PUT",
        "url": "http://localhost:8080/cqf-ruler/baseDstu3/Condition/Condition-104796"
      }
    },
    {
      "resource": {
        "resourceType": "Procedure",
        "id": "Procedure-104797",
        "status": "completed",
        "code": {
          "coding": [
            {
              "system": "http://loinc.org",
              "code": "19765-7",
              "display": "Microscopic observation [Identifier] in Cervical or vaginal smear or scraping by Cyto stain"
            }
          ]
        },
        "subject": {
          "reference": "Patient/Patient-6516",
          "display": "April Rhodes Nielsen"
        },
        "context": {
          "reference": "Encounter/Encounter-561",
          "display": "Cranston Family Medical"
        },
        "performedPeriod": {
          "start": "2021-08-30T09:36:36-04:00",
          "end": "2021-08-30T09:36:36-04:00"
        },
        "performer": [
          {
            "actor": {
              "reference": "Practitioner/Practitioner-2533",
              "display": "Lena Dickerson Ballard MD"
            }
          }
        ],
        "location": {
          "reference": "Location/Location-1106",
          "display": "Cranston Family Medical"
        }
      },
      "request": {
        "method": "PUT",
        "url": "http://localhost:8080/cqf-ruler/baseDstu3/Procedure/Procedure-104797"
      }
    },
    {
      "resource": {
        "resourceType": "Observation",
        "id": "Observation-104798",
        "status": "final",
        "code": {
          "coding": [
            {
              "system": "http://snomed.info/sct",
              "code": "289829007",
              "display": "Normal uterine cervix (finding)"
            }
          ]
        },
        "subject": {
          "reference": "Patient/Patient-6516",
          "display": "April Rhodes Nielsen"
        },
        "context": {
          "reference": "Encounter/Encounter-561",
          "display": "Cranston Family Medical"
        },
        "effectiveDateTime": "2021-08-30T09:36:36-04:00",
        "performer": [
          {
            "reference": "Practitioner/Practitioner-2533",
            "display": "Lena Dickerson Ballard MD"
          }
        ],
        "valueString": "NEGATIVE"
      },
      "request": {
        "method": "PUT",
        "url": "http://localhost:8080/cqf-ruler/baseDstu3/Observation/Observation-104798"
      }
    },
    {
      "resource": {
        "resourceType": "DiagnosticReport",
        "id": "DiagnosticReport-104799",
        "status": "final",
        "code": {
          "coding": [
            {
              "system": "http://loinc.org",
              "code": "38855-3",
              "display": "Breast - left Mammogram true lateral"
            }
          ]
        },
        "subject": {
          "reference": "Patient/Patient-6516",
          "display": "April Rhodes Nielsen"
        },
        "context": {
          "reference": "Encounter/Encounter-561",
          "display": "Cranston Family Medical"
        },
        "effectivePeriod": {
          "start": "2021-08-30T09:36:36-04:00",
          "end": "2021-08-30T09:36:36-04:00"
        },
        "result": [
          {
            "reference": "Observation/Observation-104798",
            "display": "No_Cancer_Detected"
          }
        ]
      },
      "request": {
        "method": "PUT",
        "url": "http://localhost:8080/cqf-ruler/baseDstu3/DiagnosticReport/DiagnosticReport-104799"
      }
    },
    {
      "resource": {
        "resourceType": "Observation",
        "id": "Observation-104800",
        "status": "final",
        "category": [
          {
            "coding": [
              {
                "system": "http://hl7.org/fhir/observation-category",
                "code": "vital-signs",
                "display": "vital-signs"
              }
            ]
          }
        ],
        "code": {
          "coding": [
            {
              "system": "http://loinc.org",
              "code": "8716-3",
              "display": "Vital Signs Panel"
            }
          ]
        },
        "subject": {
          "reference": "Patient/Patient-6516",
          "display": "April Rhodes Nielsen"
        },
        "context": {
          "reference": "Encounter/Encounter-561",
          "display": "Cranston Family Medical"
        },
        "effectivePeriod": {
          "start": "2021-08-30T09:36:36-04:00",
          "end": "2021-08-30T09:36:36-04:00"
        },
        "valueQuantity": {
          "value": 92.00646619824397,
          "unit": "mmHg"
        },
        "component": [
          {
            "code": {
              "coding": [
                {
                  "system": "http://loinc.org",
                  "code": "8302-2",
                  "display": "Height"
                }
              ]
            }
          },
          {
            "code": {
              "coding": [
                {
                  "system": "http://loinc.org",
                  "code": "29463-7",
                  "display": "Weight"
                }
              ]
            }
          },
          {
            "code": {
              "coding": [
                {
                  "system": "http://loinc.org",
                  "code": "39156-5",
                  "display": "BMI"
                }
              ]
            }
          },
          {
            "code": {
              "coding": [
                {
                  "system": "http://loinc.org",
                  "code": "8310-5",
                  "display": "Temperature"
                }
              ]
            }
          },
          {
            "code": {
              "coding": [
                {
                  "system": "http://loinc.org",
                  "code": "8459-0",
                  "display": "Systolic Blood Pressure"
                }
              ]
            }
          },
          {
            "code": {
              "coding": [
                {
                  "system": "http://loinc.org",
                  "code": "8453-3",
                  "display": "Diastolic Blood Pressure"
                }
              ]
            }
          }
        ]
      },
      "request": {
        "method": "PUT",
        "url": "http://localhost:8080/cqf-ruler/baseDstu3/Observation/Observation-104800"
      }
    }
  ]
}