{
  "resourceType": "Bundle",
  "type": "transaction",
  "entry": [
    {
      "resource": {
        "resourceType": "Encounter",
        "id": "Encounter-1003",
        "status": "finished",
        "class": {
          "system": "http://hl7.org/fhir/encounter-class",
          "code": "other",
          "display": "Other"
        },
        "subject": {
          "reference": "Patient/Patient-6488",
          "display": "Erica Ortega Lam"
        },
        "participant": [
          {
            "period": {
              "start": "2026-10-05T09:36:36-04:00",
              "end": "2026-10-05T09:36:36-04:00"
            },
            "individual": {
              "reference": "Practitioner/Practitioner-2525",
              "display": "Kyle Christian Ballard MD"
            }
          }
        ],
        "period": {
          "start": "2026-10-05T09:36:36-04:00",
          "end": "2026-10-05T09:36:36-04:00"
        },
        "location": [
          {
            "location": {
              "reference": "Location/Location-1104",
              "display": "Bay Area Family Practice"
            }
          }
        ],
        "serviceProvider": {
          "reference": "Organization/Organization-1104",
          "display": "Bay Area Family Practice"
        }
      },
      "request": {
        "method": "PUT",
        "url": "http://localhost:8080/cqf-ruler/baseDstu3/Encounter/Encounter-1003"
      }
    },
    {
      "resource": {
        "resourceType": "Immunization",
        "id": "Immunization-210262",
        "status": "completed",
        "notGiven": false,
        "vaccineCode": {
          "coding": [
            {
              "system": "http://hl7.org/fhir/sid/cvx",
              "code": "140",
              "display": "Influenza, seasonal, injectable, preservative free"
            }
          ]
        },
        "patient": {
          "reference": "Patient/Patient-6488",
          "display": "Erica Ortega Lam"
        },
        "date": "2026-09-29T09:36:36-04:00",
        "primarySource": true,
        "location": {
          "reference": "Location/Location-1104",
          "display": "Bay Area Family Practice"
        },
        "practitioner": [
          {
            "actor": {
              "reference": "Practitioner/Practitioner-2525",
              "display": "Kyle Christian Ballard MD"
            }
          }
        ]
      },
      "request": {
        "method": "PUT",
        "url": "http://localhost:8080/cqf-ruler/baseDstu3/Immunization/Immunization-210262"
      }
    },
    {
      "resource": {
        "resourceType": "Procedure",
        "id": "Procedure-236741",
        "status": "completed",
        "code": {
          "coding": [
            {
              "system": "http://loinc.org",
              "code": "12503-9",
              "display": "Hemoglobin.gastrointestinal [Presence] in Stool --4th specimen"
            }
          ]
        },
        "subject": {
          "reference": "Patient/Patient-6488",
          "display": "Erica Ortega Lam"
        },
        "context": {
          "reference": "Encounter/Encounter-1003",
          "display": "Bay Area Family Practice"
        },
        "performedPeriod": {
          "start": "2026-10-05T09:36:36-04:00",
          "end": "2026-10-05T09:36:36-04:00"
        },
        "performer": [
          {
            "actor": {
              "reference": "Practitioner/Practitioner-2525",
              "display": "Kyle Christian Ballard MD"
            }
          }
        ],
        "location": {
          "reference": "Location/Location-1104",
          "display": "Bay Area Family Practice"
        }
      },
      "request": {
        "method": "PUT",
        "url": "http://localhost:8080/cqf-ruler/baseDstu3/Procedure/Procedure-236741"
      }
    },
    {
      "resource": {
        "resourceType": "Observation",
        "id": "Observation-236742",
        "status": "final",
        "code": {
          "coding": [
            {
              "system": "http://loinc.org",
              "code": "14565-6",
              "display": "Hemoglobin.gastrointestinal [Presence] in Stool --3rd specimen"
            }
          ]
        },
        "subject": {
          "reference": "Patient/Patient-6488",
          "display": "Erica Ortega Lam"
        },
        "context": {
          "reference": "Encounter/Encounter-1003",
          "display": "Bay Area Family Practice"
        },
        "effectiveDateTime": "2026-10-05T09:36:36-04:00",
        "performer": [
          {
            "reference": "Practitioner/Practitioner-2525",
            "display": "Kyle Christian Ballard MD"
          }
        ],
        "valueString": "NEGATIVE"
      },
      "request": {
        "method": "PUT",
        "url": "http://localhost:8080/cqf-ruler/baseDstu3/Observation/Observation-236742"
      }
    },
    {
      "resource": {
        "resourceType": "Observation",
        "id": "Observation-236743",
        "status": "final",
        "code": {
          "coding": [
            {
              "system": "http://loinc.org",
              "code": "8480-6",
              "display": "Systolic blood pressure"
            }
          ]
        },
        "subject": {
          "reference": "Patient/Patient-6488",
          "display": "Erica Ortega Lam"
        },
        "context": {
          "reference": "Encounter/Encounter-1003",
          "display": "Bay Area Family Practice"
        },
        "effectiveDateTime": "2026-10-05T09:36:36-04:00",
        "performer": [
          {
            "reference": "Practitioner/Practitioner-2525",
            "display": "Kyle Christian Ballard MD"
          }
        ],
        "valueQuantity": {
          "value": 117.3736239151611,
          "unit": "mmHg"
        }
      },
      "request": {
        "method": "PUT",
        "url": "http://localhost:8080/cqf-ruler/baseDstu3/Observation/Observation-236743"
      }
    },
    {
      "resource": {
        "resourceType": "Observation",
        "id": "Observation-236744",
        "status": "final",
        "code": {
          "coding": [
            {
              "system": "http://loinc.org",
              "code": "8462-4",
              "display": "Diastolic blood pressure"
            }
          ]
        },
        "subject": {
          "reference": "Patient/Patient-6488",
          "display": "Erica Ortega Lam"
        },
        "context": {
          "reference": "Encounter/Encounter-1003",
          "display": "Bay Area Family Practice"
        },
        "effectiveDateTime": "2026-10-05T09:36:36-04:00",
        "performer": [
          {
            "reference": "Practitioner/Practitioner-2525",
            "display": "Kyle Christian Ballard MD"
          }
        ],
        "valueQuantity": {
          "value": 78.14125428283057,
          "unit": "mmHg"
        }
      },
      "request": {
        "method": "PUT",
        "url": "http://localhost:8080/cqf-ruler/baseDstu3/Observation/Observation-236744"
      }
    },
    {
      "resource": {
        "resourceType": "Observation",
        "id": "Observation-236745",
        "status": "final",
        "category": [
          {
            "coding": [
              {
                "system": "http://hl7.org/fhir/observation-category",
                "code": "vital-signs",
                "display": "vital-signs"
              }
            ]
          }
        ],
        "code": {
          "coding": [
            {
              "system": "http://loinc.org",
              "code": "8716-3",
              "display": "Vital Signs Panel"
            }
          ]
        },
        "subject": {
          "reference": "Patient/Patient-6488",
          "display": "Erica Ortega Lam"
        },
        "context": {
          "reference": "Encounter/Encounter-1003",
          "display": "Bay Area Family Practice"
        },
        "effectivePeriod": {
          "start": "2026-10-05T09:36:36-04:00",
          "end": "2026-10-05T09:36:36-04:00"
        },
        "valueQuantity": {
          "value": 78.14125428283057,
          "unit": "mmHg"
        },
        "component": [
          {
            "code": {
              "coding": [
                {
                  "system": "http://loinc.org",
                  "code": "8302-2",
                  "display": "Height"
                }
              ]
            }
          },
          {
            "code": {
              "coding": [
                {
                  "system": "http://loinc.org",
                  "code": "29463-7",
                  "display": "Weight"
                }
              ]
            }
          },
          {
            "code": {
              "coding": [
                {
                  "system": "http://loinc.org",
                  "code": "39156-5",
                  "display": "BMI"
                }
              ]
            }
          },
          {
            "code": {
              "coding": [
                {
                  "system": "http://loinc.org",
                  "code": "8310-5",
                  "display": "Temperature"
                }
              ]
            }
          },
          {
            "code": {
              "coding": [
                {
                  "system": "http://loinc.org",
                  "code": "8459-0",
                  "display": "Systolic Blood Pressure"
                }
              ]
            }
          },
          {
            "code": {
              "coding": [
                {
                  "system": "http://loinc.org",
                  "code": "8453-3",
                  "display": "Diastolic Blood Pressure"
                }
              ]
            }
          }
        ]
      },
      "request": {
        "method": "PUT",
        "url": "http://localhost:8080/cqf-ruler/baseDstu3/Observation/Observation-236745"
      }
    }
  ]
}