{
  "resourceType": "Bundle",
  "type": "transaction",
  "entry": [
    {
      "resource": {
        "resourceType": "Encounter",
        "id": "Encounter-341",
        "status": "finished",
        "class": {
          "system": "http://hl7.org/fhir/encounter-class",
          "code": "other",
          "display": "Other"
        },
        "subject": {
          "reference": "Patient/Patient-6557",
          "display": "Mabel Haynes James"
        },
        "participant": [
          {
            "period": {
              "start": "2020-05-11T09:36:36-04:00",
              "end": "2020-05-11T09:36:36-04:00"
            },
            "individual": {
              "reference": "Practitioner/Practitioner-2534",
              "display": "Pearl Rita Dawson MD"
            }
          }
        ],
        "period": {
          "start": "2020-05-11T09:36:36-04:00",
          "end": "2020-05-11T09:36:36-04:00"
        },
        "location": [
          {
            "location": {
              "reference": "Location/Location-1101",
              "display": "McKinley Health Center"
            }
          }
        ],
        "serviceProvider": {
          "reference": "Organization/Organization-1101",
          "display": "McKinley Health Center"
        }
      },
      "request": {
        "method": "PUT",
        "url": "http://localhost:8080/cqf-ruler/baseDstu3/Encounter/Encounter-341"
      }
    },
    {
      "resource": {
        "resourceType": "Immunization",
        "id": "Immunization-19165",
        "status": "completed",
        "notGiven": false,
        "vaccineCode": {
          "coding": [
            {
              "system": "http://hl7.org/fhir/sid/cvx",
              "code": "140",
              "display": "Influenza, seasonal, injectable, preservative free"
            }
          ]
        },
        "patient": {
          "reference": "Patient/Patient-6557",
          "display": "Mabel Haynes James"
        },
        "date": "2020-05-06T09:36:36-04:00",
        "primarySource": true,
        "location": {
          "reference": "Location/Location-1101",
          "display": "McKinley Health Center"
        },
        "practitioner": [
          {
            "actor": {
              "reference": "Practitioner/Practitioner-2534",
              "display": "Pearl Rita Dawson MD"
            }
          }
        ]
      },
      "request": {
        "method": "PUT",
        "url": "http://localhost:8080/cqf-ruler/baseDstu3/Immunization/Immunization-19165"
      }
    },
    {
      "resource": {
        "resourceType": "Procedure",
        "id": "Procedure-71440",
        "status": "completed",
        "code": {
          "coding": [
            {
              "system": "http://loinc.org",
              "code": "14563-1",
              "display": "Hemoglobin.gastrointestinal [Presence] in Stool --1st specimen"
            }
          ]
        },
        "subject": {
          "reference": "Patient/Patient-6557",
          "display": "Mabel Haynes James"
        },
        "context": {
          "reference": "Encounter/Encounter-341",
          "display": "McKinley Health Center"
        },
        "performedPeriod": {
          "start": "2020-05-11T09:36:36-04:00",
          "end": "2020-05-11T09:36:36-04:00"
        },
        "performer": [
          {
            "actor": {
              "reference": "Practitioner/Practitioner-2534",
              "display": "Pearl Rita Dawson MD"
            }
          }
        ],
        "location": {
          "reference": "Location/Location-1101",
          "display": "McKinley Health Center"
        }
      },
      "request": {
        "method": "PUT",
        "url": "http://localhost:8080/cqf-ruler/baseDstu3/Procedure/Procedure-71440"
      }
    },
    {
      "resource": {
        "resourceType": "Observation",
        "id": "Observation-71441",
        "status": "final",
        "code": {
          "coding": [
            {
              "system": "http://loinc.org",
              "code": "2335-8",
              "display": "Hemoglobin.gastrointestinal [Presence] in Stool"
            }
          ]
        },
        "subject": {
          "reference": "Patient/Patient-6557",
          "display": "Mabel Haynes James"
        },
        "context": {
          "reference": "Encounter/Encounter-341",
          "display": "McKinley Health Center"
        },
        "effectiveDateTime": "2020-05-11T09:36:36-04:00",
        "performer": [
          {
            "reference": "Practitioner/Practitioner-2534",
            "display": "Pearl Rita Dawson MD"
          }
        ],
        "valueString": "NEGATIVE"
      },
      "request": {
        "method": "PUT",
        "url": "http://localhost:8080/cqf-ruler/baseDstu3/Observation/Observation-71441"
      }
    },
    {
      "resource": {
        "resourceType": "Observation",
        "id": "Observation-71442",
        "status": "final",
        "code": {
          "coding": [
            {
              "system": "http://loinc.org",
              "code": "8480-6",
              "display": "Systolic blood pressure"
            }
          ]
        },
        "subject": {
          "reference": "Patient/Patient-6557",
          "display": "Mabel Haynes James"
        },
        "context": {
          "reference": "Encounter/Encounter-341",
          "display": "McKinley Health Center"
        },
        "effectiveDateTime": "2020-05-11T09:36:36-04:00",
        "performer": [
          {
            "reference": "Practitioner/Practitioner-2534",
            "display": "Pearl Rita Dawson MD"
          }
        ],
        "valueQuantity": {
          "value": 140.00051974220054,
          "unit": "mmHg"
        }
      },
      "request": {
        "method": "PUT",
        "url": "http://localhost:8080/cqf-ruler/baseDstu3/Observation/Observation-71442"
      }
    },
    {
      "resource": {
        "resourceType": "Observation",
        "id": "Observation-71443",
        "status": "final",
        "code": {
          "coding": [
            {
              "system": "http://loinc.org",
              "code": "8462-4",
              "display": "Diastolic blood pressure"
            }
          ]
        },
        "subject": {
          "reference": "Patient/Patient-6557",
          "display": "Mabel Haynes James"
        },
        "context": {
          "reference": "Encounter/Encounter-341",
          "display": "McKinley Health Center"
        },
        "effectiveDateTime": "2020-05-11T09:36:36-04:00",
        "performer": [
          {
            "reference": "Practitioner/Practitioner-2534",
            "display": "Pearl Rita Dawson MD"
          }
        ],
        "valueQuantity": {
          "value": 106.1419515129362,
          "unit": "mmHg"
        }
      },
      "request": {
        "method": "PUT",
        "url": "http://localhost:8080/cqf-ruler/baseDstu3/Observation/Observation-71443"
      }
    },
    {
      "resource": {
        "resourceType": "Condition",
        "id": "Condition-71444",
        "clinicalStatus": "active",
        "verificationStatus": "confirmed",
        "code": {
          "coding": [
            {
              "system": "http://snomed.info/sct",
              "code": "59621000",
              "display": "Essential hypertension"
            }
          ]
        },
        "subject": {
          "reference": "Patient/Patient-6557",
          "display": "Mabel Haynes James"
        },
        "context": {
          "reference": "Encounter/Encounter-341",
          "display": "McKinley Health Center"
        },
        "onsetDateTime": "2020-05-11T09:36:36-04:00",
        "assertedDate": "2020-05-11T09:36:36-04:00",
        "asserter": {
          "reference": "Practitioner/Practitioner-2534",
          "display": "Pearl Rita Dawson MD"
        }
      },
      "request": {
        "method": "PUT",
        "url": "http://localhost:8080/cqf-ruler/baseDstu3/Condition/Condition-71444"
      }
    },
    {
      "resource": {
        "resourceType": "Procedure",
        "id": "Procedure-71445",
        "status": "completed",
        "code": {
          "coding": [
            {
              "system": "http://loinc.org",
              "code": "19774-9",
              "display": "Cytology study comment Cervical or vaginal smear or scraping Cyto stain"
            }
          ]
        },
        "subject": {
          "reference": "Patient/Patient-6557",
          "display": "Mabel Haynes James"
        },
        "context": {
          "reference": "Encounter/Encounter-341",
          "display": "McKinley Health Center"
        },
        "performedPeriod": {
          "start": "2020-05-11T09:36:36-04:00",
          "end": "2020-05-11T09:36:36-04:00"
        },
        "performer": [
          {
            "actor": {
              "reference": "Practitioner/Practitioner-2534",
              "display": "Pearl Rita Dawson MD"
            }
          }
        ],
        "location": {
          "reference": "Location/Location-1101",
          "display": "McKinley Health Center"
        }
      },
      "request": {
        "method": "PUT",
        "url": "http://localhost:8080/cqf-ruler/baseDstu3/Procedure/Procedure-71445"
      }
    },
    {
      "resource": {
        "resourceType": "Observation",
        "id": "Observation-71446",
        "status": "final",
        "code": {
          "coding": [
            {
              "system": "http://snomed.info/sct",
              "code": "289829007",
              "display": "Normal uterine cervix (finding)"
            }
          ]
        },
        "subject": {
          "reference": "Patient/Patient-6557",
          "display": "Mabel Haynes James"
        },
        "context": {
          "reference": "Encounter/Encounter-341",
          "display": "McKinley Health Center"
        },
        "effectiveDateTime": "2020-05-11T09:36:36-04:00",
        "performer": [
          {
            "reference": "Practitioner/Practitioner-2534",
            "display": "Pearl Rita Dawson MD"
          }
        ],
        "valueString": "NEGATIVE"
      },
      "request": {
        "method": "PUT",
        "url": "http://localhost:8080/cqf-ruler/baseDstu3/Observation/Observation-71446"
      }
    },
    {
      "resource": {
        "resourceType": "DiagnosticReport",
        "id": "DiagnosticReport-71447",
        "status": "final",
        "code": {
          "coding": [
            {
              "system": "http://loinc.org",
              "code": "39154-0",
              "display": "Breast - bilateral FFD mammogram diagnostic"
            }
          ]
        },
        "subject": {
          "reference": "Patient/Patient-6557",
          "display": "Mabel Haynes James"
        },
        "context": {
          "reference": "Encounter/Encounter-341",
          "display": "McKinley Health Center"
        },
        "effectivePeriod": {
          "start": "2020-05-11T09:36:36-04:00",
          "end": "2020-05-11T09:36:36-04:00"
        },
        "result": [
          {
            "reference": "Observation/Observation-71446",
            "display": "No_Cancer_Detected"
          }
        ]
      },
      "request": {
        "method": "PUT",
        "url": "http://localhost:8080/cqf-ruler/baseDstu3/DiagnosticReport/DiagnosticReport-71447"
      }
    },
    {
      "resource": {
        "resourceType": "Observation",
        "id": "Observation-71448",
        "status": "final",
        "category": [
          {
            "coding": [
              {
                "system": "http://hl7.org/fhir/observation-category",
                "code": "vital-signs",
                "display": "vital-signs"
              }
            ]
          }
        ],
        "code": {
          "coding": [
            {
              "system": "http://loinc.org",
              "code": "8716-3",
              "display": "Vital Signs Panel"
            }
          ]
        },
        "subject": {
          "reference": "Patient/Patient-6557",
          "display": "Mabel Haynes James"
        },
        "context": {
          "reference": "Encounter/Encounter-341",
          "display": "McKinley Health Center"
        },
        "effectivePeriod": {
          "start": "2020-05-11T09:36:36-04:00",
          "end": "2020-05-11T09:36:36-04:00"
        },
        "valueQuantity": {
          "value": 106.1419515129362,
          "unit": "mmHg"
        },
        "component": [
          {
            "code": {
              "coding": [
                {
                  "system": "http://loinc.org",
                  "code": "8302-2",
                  "display": "Height"
                }
              ]
            }
          },
          {
            "code": {
              "coding": [
                {
                  "system": "http://loinc.org",
                  "code": "29463-7",
                  "display": "Weight"
                }
              ]
            }
          },
          {
            "code": {
              "coding": [
                {
                  "system": "http://loinc.org",
                  "code": "39156-5",
                  "display": "BMI"
                }
              ]
            }
          },
          {
            "code": {
              "coding": [
                {
                  "system": "http://loinc.org",
                  "code": "8310-5",
                  "display": "Temperature"
                }
              ]
            }
          },
          {
            "code": {
              "coding": [
                {
                  "system": "http://loinc.org",
                  "code": "8459-0",
                  "display": "Systolic Blood Pressure"
                }
              ]
            }
          },
          {
            "code": {
              "coding": [
                {
                  "system": "http://loinc.org",
                  "code": "8453-3",
                  "display": "Diastolic Blood Pressure"
                }
              ]
            }
          }
        ]
      },
      "request": {
        "method": "PUT",
        "url": "http://localhost:8080/cqf-ruler/baseDstu3/Observation/Observation-71448"
      }
    }
  ]
}