{
  "resourceType": "Bundle",
  "type": "transaction",
  "entry": [
    {
      "resource": {
        "resourceType": "Encounter",
        "id": "Encounter-442",
        "status": "finished",
        "class": {
          "system": "http://hl7.org/fhir/encounter-class",
          "code": "other",
          "display": "Other"
        },
        "subject": {
          "reference": "Patient/Patient-6500",
          "display": "Lois Peterson Zuniga"
        },
        "participant": [
          {
            "period": {
              "start": "2020-06-01T09:36:36-04:00",
              "end": "2020-06-01T09:36:36-04:00"
            },
            "individual": {
              "reference": "Practitioner/Practitioner-2517",
              "display": "Cathy Shannon Warner MD"
            }
          }
        ],
        "period": {
          "start": "2020-06-01T09:36:36-04:00",
          "end": "2020-06-01T09:36:36-04:00"
        },
        "location": [
          {
            "location": {
              "reference": "Location/Location-1102",
              "display": "Pediatric and Adult Medicine"
            }
          }
        ],
        "serviceProvider": {
          "reference": "Organization/Organization-1102",
          "display": "Pediatric and Adult Medicine"
        }
      },
      "request": {
        "method": "PUT",
        "url": "http://localhost:8080/cqf-ruler/baseDstu3/Encounter/Encounter-442"
      }
    },
    {
      "resource": {
        "resourceType": "Immunization",
        "id": "Immunization-46139",
        "status": "completed",
        "notGiven": false,
        "vaccineCode": {
          "coding": [
            {
              "system": "http://hl7.org/fhir/sid/cvx",
              "code": "140",
              "display": "Influenza, seasonal, injectable, preservative free"
            }
          ]
        },
        "patient": {
          "reference": "Patient/Patient-6500",
          "display": "Lois Peterson Zuniga"
        },
        "date": "2020-05-26T09:36:36-04:00",
        "primarySource": true,
        "location": {
          "reference": "Location/Location-1102",
          "display": "Pediatric and Adult Medicine"
        },
        "practitioner": [
          {
            "actor": {
              "reference": "Practitioner/Practitioner-2517",
              "display": "Cathy Shannon Warner MD"
            }
          }
        ]
      },
      "request": {
        "method": "PUT",
        "url": "http://localhost:8080/cqf-ruler/baseDstu3/Immunization/Immunization-46139"
      }
    },
    {
      "resource": {
        "resourceType": "Observation",
        "id": "Observation-72272",
        "status": "final",
        "code": {
          "coding": [
            {
              "system": "http://loinc.org",
              "code": "8480-6",
              "display": "Systolic blood pressure"
            }
          ]
        },
        "subject": {
          "reference": "Patient/Patient-6500",
          "display": "Lois Peterson Zuniga"
        },
        "context": {
          "reference": "Encounter/Encounter-442",
          "display": "Pediatric and Adult Medicine"
        },
        "effectiveDateTime": "2020-06-01T09:36:36-04:00",
        "performer": [
          {
            "reference": "Practitioner/Practitioner-2517",
            "display": "Cathy Shannon Warner MD"
          }
        ],
        "valueQuantity": {
          "value": 136.8465644548871,
          "unit": "mmHg"
        }
      },
      "request": {
        "method": "PUT",
        "url": "http://localhost:8080/cqf-ruler/baseDstu3/Observation/Observation-72272"
      }
    },
    {
      "resource": {
        "resourceType": "Observation",
        "id": "Observation-72273",
        "status": "final",
        "code": {
          "coding": [
            {
              "system": "http://loinc.org",
              "code": "8462-4",
              "display": "Diastolic blood pressure"
            }
          ]
        },
        "subject": {
          "reference": "Patient/Patient-6500",
          "display": "Lois Peterson Zuniga"
        },
        "context": {
          "reference": "Encounter/Encounter-442",
          "display": "Pediatric and Adult Medicine"
        },
        "effectiveDateTime": "2020-06-01T09:36:36-04:00",
        "performer": [
          {
            "reference": "Practitioner/Practitioner-2517",
            "display": "Cathy Shannon Warner MD"
          }
        ],
        "valueQuantity": {
          "value": 64.16028455718974,
          "unit": "mmHg"
        }
      },
      "request": {
        "method": "PUT",
        "url": "http://localhost:8080/cqf-ruler/baseDstu3/Observation/Observation-72273"
      }
    },
    {
      "resource": {
        "resourceType": "Observation",
        "id": "Observation-72274",
        "status": "final",
        "category": [
          {
            "coding": [
              {
                "system": "http://hl7.org/fhir/observation-category",
                "code": "vital-signs",
                "display": "vital-signs"
              }
            ]
          }
        ],
        "code": {
          "coding": [
            {
              "system": "http://loinc.org",
              "code": "8716-3",
              "display": "Vital Signs Panel"
            }
          ]
        },
        "subject": {
          "reference": "Patient/Patient-6500",
          "display": "Lois Peterson Zuniga"
        },
        "context": {
          "reference": "Encounter/Encounter-442",
          "display": "Pediatric and Adult Medicine"
        },
        "effectivePeriod": {
          "start": "2020-06-01T09:36:36-04:00",
          "end": "2020-06-01T09:36:36-04:00"
        },
        "valueQuantity": {
          "value": 64.16028455718974,
          "unit": "mmHg"
        },
        "component": [
          {
            "code": {
              "coding": [
                {
                  "system": "http://loinc.org",
                  "code": "8302-2",
                  "display": "Height"
                }
              ]
            }
          },
          {
            "code": {
              "coding": [
                {
                  "system": "http://loinc.org",
                  "code": "29463-7",
                  "display": "Weight"
                }
              ]
            }
          },
          {
            "code": {
              "coding": [
                {
                  "system": "http://loinc.org",
                  "code": "39156-5",
                  "display": "BMI"
                }
              ]
            }
          },
          {
            "code": {
              "coding": [
                {
                  "system": "http://loinc.org",
                  "code": "8310-5",
                  "display": "Temperature"
                }
              ]
            }
          },
          {
            "code": {
              "coding": [
                {
                  "system": "http://loinc.org",
                  "code": "8459-0",
                  "display": "Systolic Blood Pressure"
                }
              ]
            }
          },
          {
            "code": {
              "coding": [
                {
                  "system": "http://loinc.org",
                  "code": "8453-3",
                  "display": "Diastolic Blood Pressure"
                }
              ]
            }
          }
        ]
      },
      "request": {
        "method": "PUT",
        "url": "http://localhost:8080/cqf-ruler/baseDstu3/Observation/Observation-72274"
      }
    }
  ]
}