{
  "resourceType": "Bundle",
  "type": "transaction",
  "entry": [
    {
      "resource": {
        "resourceType": "Encounter",
        "id": "Encounter-309",
        "status": "finished",
        "class": {
          "system": "http://hl7.org/fhir/encounter-class",
          "code": "other",
          "display": "Other"
        },
        "subject": {
          "reference": "Patient/Patient-6514",
          "display": "Victoria Palmer Gray"
        },
        "participant": [
          {
            "period": {
              "start": "2019-01-14T09:36:36-05:00",
              "end": "2019-01-14T09:36:36-05:00"
            },
            "individual": {
              "reference": "Practitioner/Practitioner-2531",
              "display": "Tracy Hampton Boone MD"
            }
          }
        ],
        "period": {
          "start": "2019-01-14T09:36:36-05:00",
          "end": "2019-01-14T09:36:36-05:00"
        },
        "location": [
          {
            "location": {
              "reference": "Location/Location-1104",
              "display": "Bay Area Family Practice"
            }
          }
        ],
        "serviceProvider": {
          "reference": "Organization/Organization-1104",
          "display": "Bay Area Family Practice"
        }
      },
      "request": {
        "method": "PUT",
        "url": "http://localhost:8080/cqf-ruler/baseDstu3/Encounter/Encounter-309"
      }
    },
    {
      "resource": {
        "resourceType": "Immunization",
        "id": "Immunization-11128",
        "status": "completed",
        "notGiven": false,
        "vaccineCode": {
          "coding": [
            {
              "system": "http://hl7.org/fhir/sid/cvx",
              "code": "140",
              "display": "Influenza, seasonal, injectable, preservative free"
            }
          ]
        },
        "patient": {
          "reference": "Patient/Patient-6514",
          "display": "Victoria Palmer Gray"
        },
        "date": "2019-01-08T09:36:36-05:00",
        "primarySource": true,
        "location": {
          "reference": "Location/Location-1104",
          "display": "Bay Area Family Practice"
        },
        "practitioner": [
          {
            "actor": {
              "reference": "Practitioner/Practitioner-2531",
              "display": "Tracy Hampton Boone MD"
            }
          }
        ]
      },
      "request": {
        "method": "PUT",
        "url": "http://localhost:8080/cqf-ruler/baseDstu3/Immunization/Immunization-11128"
      }
    },
    {
      "resource": {
        "resourceType": "Procedure",
        "id": "Procedure-37439",
        "status": "completed",
        "code": {
          "coding": [
            {
              "system": "http://loinc.org",
              "code": "14565-6",
              "display": "Hemoglobin.gastrointestinal [Presence] in Stool --3rd specimen"
            }
          ]
        },
        "subject": {
          "reference": "Patient/Patient-6514",
          "display": "Victoria Palmer Gray"
        },
        "context": {
          "reference": "Encounter/Encounter-309",
          "display": "Bay Area Family Practice"
        },
        "performedPeriod": {
          "start": "2019-01-14T09:36:36-05:00",
          "end": "2019-01-14T09:36:36-05:00"
        },
        "performer": [
          {
            "actor": {
              "reference": "Practitioner/Practitioner-2531",
              "display": "Tracy Hampton Boone MD"
            }
          }
        ],
        "location": {
          "reference": "Location/Location-1104",
          "display": "Bay Area Family Practice"
        }
      },
      "request": {
        "method": "PUT",
        "url": "http://localhost:8080/cqf-ruler/baseDstu3/Procedure/Procedure-37439"
      }
    },
    {
      "resource": {
        "resourceType": "Observation",
        "id": "Observation-37440",
        "status": "final",
        "code": {
          "coding": [
            {
              "system": "http://loinc.org",
              "code": "2335-8",
              "display": "Hemoglobin.gastrointestinal [Presence] in Stool"
            }
          ]
        },
        "subject": {
          "reference": "Patient/Patient-6514",
          "display": "Victoria Palmer Gray"
        },
        "context": {
          "reference": "Encounter/Encounter-309",
          "display": "Bay Area Family Practice"
        },
        "effectiveDateTime": "2019-01-14T09:36:36-05:00",
        "performer": [
          {
            "reference": "Practitioner/Practitioner-2531",
            "display": "Tracy Hampton Boone MD"
          }
        ],
        "valueString": "NEGATIVE"
      },
      "request": {
        "method": "PUT",
        "url": "http://localhost:8080/cqf-ruler/baseDstu3/Observation/Observation-37440"
      }
    },
    {
      "resource": {
        "resourceType": "Observation",
        "id": "Observation-37441",
        "status": "final",
        "code": {
          "coding": [
            {
              "system": "http://loinc.org",
              "code": "8480-6",
              "display": "Systolic blood pressure"
            }
          ]
        },
        "subject": {
          "reference": "Patient/Patient-6514",
          "display": "Victoria Palmer Gray"
        },
        "context": {
          "reference": "Encounter/Encounter-309",
          "display": "Bay Area Family Practice"
        },
        "effectiveDateTime": "2019-01-14T09:36:36-05:00",
        "performer": [
          {
            "reference": "Practitioner/Practitioner-2531",
            "display": "Tracy Hampton Boone MD"
          }
        ],
        "valueQuantity": {
          "value": 168.5945206198708,
          "unit": "mmHg"
        }
      },
      "request": {
        "method": "PUT",
        "url": "http://localhost:8080/cqf-ruler/baseDstu3/Observation/Observation-37441"
      }
    },
    {
      "resource": {
        "resourceType": "Observation",
        "id": "Observation-37442",
        "status": "final",
        "code": {
          "coding": [
            {
              "system": "http://loinc.org",
              "code": "8462-4",
              "display": "Diastolic blood pressure"
            }
          ]
        },
        "subject": {
          "reference": "Patient/Patient-6514",
          "display": "Victoria Palmer Gray"
        },
        "context": {
          "reference": "Encounter/Encounter-309",
          "display": "Bay Area Family Practice"
        },
        "effectiveDateTime": "2019-01-14T09:36:36-05:00",
        "performer": [
          {
            "reference": "Practitioner/Practitioner-2531",
            "display": "Tracy Hampton Boone MD"
          }
        ],
        "valueQuantity": {
          "value": 108.11934145037665,
          "unit": "mmHg"
        }
      },
      "request": {
        "method": "PUT",
        "url": "http://localhost:8080/cqf-ruler/baseDstu3/Observation/Observation-37442"
      }
    },
    {
      "resource": {
        "resourceType": "Condition",
        "id": "Condition-37443",
        "clinicalStatus": "active",
        "verificationStatus": "confirmed",
        "code": {
          "coding": [
            {
              "system": "http://snomed.info/sct",
              "code": "276789009",
              "display": "Labile hypertension"
            }
          ]
        },
        "subject": {
          "reference": "Patient/Patient-6514",
          "display": "Victoria Palmer Gray"
        },
        "context": {
          "reference": "Encounter/Encounter-309",
          "display": "Bay Area Family Practice"
        },
        "onsetDateTime": "2019-01-14T09:36:36-05:00",
        "assertedDate": "2019-01-14T09:36:36-05:00",
        "asserter": {
          "reference": "Practitioner/Practitioner-2531",
          "display": "Tracy Hampton Boone MD"
        }
      },
      "request": {
        "method": "PUT",
        "url": "http://localhost:8080/cqf-ruler/baseDstu3/Condition/Condition-37443"
      }
    },
    {
      "resource": {
        "resourceType": "Procedure",
        "id": "Procedure-37444",
        "status": "completed",
        "code": {
          "coding": [
            {
              "system": "http://snomed.info/sct",
              "code": "43204002",
              "display": "Bilateral mammography (procedure)"
            }
          ]
        },
        "subject": {
          "reference": "Patient/Patient-6514",
          "display": "Victoria Palmer Gray"
        },
        "context": {
          "reference": "Encounter/Encounter-309",
          "display": "Bay Area Family Practice"
        },
        "performedPeriod": {
          "start": "2019-01-14T09:36:36-05:00",
          "end": "2019-01-14T09:36:36-05:00"
        },
        "performer": [
          {
            "actor": {
              "reference": "Practitioner/Practitioner-2531",
              "display": "Tracy Hampton Boone MD"
            }
          }
        ],
        "location": {
          "reference": "Location/Location-1104",
          "display": "Bay Area Family Practice"
        }
      },
      "request": {
        "method": "PUT",
        "url": "http://localhost:8080/cqf-ruler/baseDstu3/Procedure/Procedure-37444"
      }
    },
    {
      "resource": {
        "resourceType": "Observation",
        "id": "Observation-37445",
        "status": "final",
        "code": {
          "coding": [
            {
              "system": "http://snomed.info/sct",
              "code": "168749009",
              "display": "Mammography normal (finding)"
            }
          ]
        },
        "subject": {
          "reference": "Patient/Patient-6514",
          "display": "Victoria Palmer Gray"
        },
        "context": {
          "reference": "Encounter/Encounter-309",
          "display": "Bay Area Family Practice"
        },
        "effectiveDateTime": "2019-01-14T09:36:36-05:00",
        "performer": [
          {
            "reference": "Practitioner/Practitioner-2531",
            "display": "Tracy Hampton Boone MD"
          }
        ],
        "valueString": "NEGATIVE"
      },
      "request": {
        "method": "PUT",
        "url": "http://localhost:8080/cqf-ruler/baseDstu3/Observation/Observation-37445"
      }
    },
    {
      "resource": {
        "resourceType": "DiagnosticReport",
        "id": "DiagnosticReport-37446",
        "status": "final",
        "code": {
          "coding": [
            {
              "system": "http://loinc.org",
              "code": "46335-6",
              "display": "Breast - bilateral Mammogram Single view"
            }
          ]
        },
        "subject": {
          "reference": "Patient/Patient-6514",
          "display": "Victoria Palmer Gray"
        },
        "context": {
          "reference": "Encounter/Encounter-309",
          "display": "Bay Area Family Practice"
        },
        "effectivePeriod": {
          "start": "2019-01-14T09:36:36-05:00",
          "end": "2019-01-14T09:36:36-05:00"
        },
        "result": [
          {
            "reference": "Observation/Observation-37445",
            "display": "No_Cancer_Detected"
          }
        ]
      },
      "request": {
        "method": "PUT",
        "url": "http://localhost:8080/cqf-ruler/baseDstu3/DiagnosticReport/DiagnosticReport-37446"
      }
    },
    {
      "resource": {
        "resourceType": "Procedure",
        "id": "Procedure-37447",
        "status": "completed",
        "code": {
          "coding": [
            {
              "system": "http://loinc.org",
              "code": "19764-0",
              "display": "Statement of adequacy [interpretation] of Cervical or vaginal smear or scraping by Cyto stain"
            }
          ]
        },
        "subject": {
          "reference": "Patient/Patient-6514",
          "display": "Victoria Palmer Gray"
        },
        "context": {
          "reference": "Encounter/Encounter-309",
          "display": "Bay Area Family Practice"
        },
        "performedPeriod": {
          "start": "2019-01-14T09:36:36-05:00",
          "end": "2019-01-14T09:36:36-05:00"
        },
        "performer": [
          {
            "actor": {
              "reference": "Practitioner/Practitioner-2531",
              "display": "Tracy Hampton Boone MD"
            }
          }
        ],
        "location": {
          "reference": "Location/Location-1104",
          "display": "Bay Area Family Practice"
        }
      },
      "request": {
        "method": "PUT",
        "url": "http://localhost:8080/cqf-ruler/baseDstu3/Procedure/Procedure-37447"
      }
    },
    {
      "resource": {
        "resourceType": "Observation",
        "id": "Observation-37448",
        "status": "final",
        "code": {
          "coding": [
            {
              "system": "http://snomed.info/sct",
              "code": "289829007",
              "display": "Normal uterine cervix (finding)"
            }
          ]
        },
        "subject": {
          "reference": "Patient/Patient-6514",
          "display": "Victoria Palmer Gray"
        },
        "context": {
          "reference": "Encounter/Encounter-309",
          "display": "Bay Area Family Practice"
        },
        "effectiveDateTime": "2019-01-14T09:36:36-05:00",
        "performer": [
          {
            "reference": "Practitioner/Practitioner-2531",
            "display": "Tracy Hampton Boone MD"
          }
        ],
        "valueString": "NEGATIVE"
      },
      "request": {
        "method": "PUT",
        "url": "http://localhost:8080/cqf-ruler/baseDstu3/Observation/Observation-37448"
      }
    },
    {
      "resource": {
        "resourceType": "DiagnosticReport",
        "id": "DiagnosticReport-37449",
        "status": "final",
        "code": {
          "coding": [
            {
              "system": "http://loinc.org",
              "code": "36962-9",
              "display": "Breast Mammogram axillary"
            }
          ]
        },
        "subject": {
          "reference": "Patient/Patient-6514",
          "display": "Victoria Palmer Gray"
        },
        "context": {
          "reference": "Encounter/Encounter-309",
          "display": "Bay Area Family Practice"
        },
        "effectivePeriod": {
          "start": "2019-01-14T09:36:36-05:00",
          "end": "2019-01-14T09:36:36-05:00"
        },
        "result": [
          {
            "reference": "Observation/Observation-37448",
            "display": "No_Cancer_Detected"
          }
        ]
      },
      "request": {
        "method": "PUT",
        "url": "http://localhost:8080/cqf-ruler/baseDstu3/DiagnosticReport/DiagnosticReport-37449"
      }
    },
    {
      "resource": {
        "resourceType": "Observation",
        "id": "Observation-37450",
        "status": "final",
        "category": [
          {
            "coding": [
              {
                "system": "http://hl7.org/fhir/observation-category",
                "code": "vital-signs",
                "display": "vital-signs"
              }
            ]
          }
        ],
        "code": {
          "coding": [
            {
              "system": "http://loinc.org",
              "code": "8716-3",
              "display": "Vital Signs Panel"
            }
          ]
        },
        "subject": {
          "reference": "Patient/Patient-6514",
          "display": "Victoria Palmer Gray"
        },
        "context": {
          "reference": "Encounter/Encounter-309",
          "display": "Bay Area Family Practice"
        },
        "effectivePeriod": {
          "start": "2019-01-14T09:36:36-05:00",
          "end": "2019-01-14T09:36:36-05:00"
        },
        "valueQuantity": {
          "value": 108.11934145037665,
          "unit": "mmHg"
        },
        "component": [
          {
            "code": {
              "coding": [
                {
                  "system": "http://loinc.org",
                  "code": "8302-2",
                  "display": "Height"
                }
              ]
            }
          },
          {
            "code": {
              "coding": [
                {
                  "system": "http://loinc.org",
                  "code": "29463-7",
                  "display": "Weight"
                }
              ]
            }
          },
          {
            "code": {
              "coding": [
                {
                  "system": "http://loinc.org",
                  "code": "39156-5",
                  "display": "BMI"
                }
              ]
            }
          },
          {
            "code": {
              "coding": [
                {
                  "system": "http://loinc.org",
                  "code": "8310-5",
                  "display": "Temperature"
                }
              ]
            }
          },
          {
            "code": {
              "coding": [
                {
                  "system": "http://loinc.org",
                  "code": "8459-0",
                  "display": "Systolic Blood Pressure"
                }
              ]
            }
          },
          {
            "code": {
              "coding": [
                {
                  "system": "http://loinc.org",
                  "code": "8453-3",
                  "display": "Diastolic Blood Pressure"
                }
              ]
            }
          }
        ]
      },
      "request": {
        "method": "PUT",
        "url": "http://localhost:8080/cqf-ruler/baseDstu3/Observation/Observation-37450"
      }
    }
  ]
}