{
  "resourceType": "Bundle",
  "type": "transaction",
  "entry": [
    {
      "resource": {
        "resourceType": "Encounter",
        "id": "Encounter-333",
        "status": "finished",
        "class": {
          "system": "http://hl7.org/fhir/encounter-class",
          "code": "other",
          "display": "Other"
        },
        "subject": {
          "reference": "Patient/Patient-6482",
          "display": "Mario Jared Stout"
        },
        "participant": [
          {
            "period": {
              "start": "2019-04-08T09:36:36-04:00",
              "end": "2019-04-08T09:36:36-04:00"
            },
            "individual": {
              "reference": "Practitioner/Practitioner-2519",
              "display": "Stanley Jason Garrett MD"
            }
          }
        ],
        "period": {
          "start": "2019-04-08T09:36:36-04:00",
          "end": "2019-04-08T09:36:36-04:00"
        },
        "location": [
          {
            "location": {
              "reference": "Location/Location-1104",
              "display": "Bay Area Family Practice"
            }
          }
        ],
        "serviceProvider": {
          "reference": "Organization/Organization-1104",
          "display": "Bay Area Family Practice"
        }
      },
      "request": {
        "method": "PUT",
        "url": "http://localhost:8080/cqf-ruler/baseDstu3/Encounter/Encounter-333"
      }
    },
    {
      "resource": {
        "resourceType": "Immunization",
        "id": "Immunization-15656",
        "status": "completed",
        "notGiven": false,
        "vaccineCode": {
          "coding": [
            {
              "system": "http://hl7.org/fhir/sid/cvx",
              "code": "140",
              "display": "Influenza, seasonal, injectable, preservative free"
            }
          ]
        },
        "patient": {
          "reference": "Patient/Patient-6482",
          "display": "Mario Jared Stout"
        },
        "date": "2019-04-02T09:36:36-04:00",
        "primarySource": true,
        "location": {
          "reference": "Location/Location-1104",
          "display": "Bay Area Family Practice"
        },
        "practitioner": [
          {
            "actor": {
              "reference": "Practitioner/Practitioner-2519",
              "display": "Stanley Jason Garrett MD"
            }
          }
        ]
      },
      "request": {
        "method": "PUT",
        "url": "http://localhost:8080/cqf-ruler/baseDstu3/Immunization/Immunization-15656"
      }
    },
    {
      "resource": {
        "resourceType": "Procedure",
        "id": "Procedure-43219",
        "status": "completed",
        "code": {
          "coding": [
            {
              "system": "http://loinc.org",
              "code": "57905-2",
              "display": "Hemoglobin.gastrointestinal [Presence] in Stool by Immunologic method --1st specimen"
            }
          ]
        },
        "subject": {
          "reference": "Patient/Patient-6482",
          "display": "Mario Jared Stout"
        },
        "context": {
          "reference": "Encounter/Encounter-333",
          "display": "Bay Area Family Practice"
        },
        "performedPeriod": {
          "start": "2019-04-08T09:36:36-04:00",
          "end": "2019-04-08T09:36:36-04:00"
        },
        "performer": [
          {
            "actor": {
              "reference": "Practitioner/Practitioner-2519",
              "display": "Stanley Jason Garrett MD"
            }
          }
        ],
        "location": {
          "reference": "Location/Location-1104",
          "display": "Bay Area Family Practice"
        }
      },
      "request": {
        "method": "PUT",
        "url": "http://localhost:8080/cqf-ruler/baseDstu3/Procedure/Procedure-43219"
      }
    },
    {
      "resource": {
        "resourceType": "Observation",
        "id": "Observation-43220",
        "status": "final",
        "code": {
          "coding": [
            {
              "system": "http://loinc.org",
              "code": "27396-1",
              "display": "Hemoglobin.gastrointestinal [Mass/mass] in Stool"
            }
          ]
        },
        "subject": {
          "reference": "Patient/Patient-6482",
          "display": "Mario Jared Stout"
        },
        "context": {
          "reference": "Encounter/Encounter-333",
          "display": "Bay Area Family Practice"
        },
        "effectiveDateTime": "2019-04-08T09:36:36-04:00",
        "performer": [
          {
            "reference": "Practitioner/Practitioner-2519",
            "display": "Stanley Jason Garrett MD"
          }
        ],
        "valueString": "POSITIVE"
      },
      "request": {
        "method": "PUT",
        "url": "http://localhost:8080/cqf-ruler/baseDstu3/Observation/Observation-43220"
      }
    },
    {
      "resource": {
        "resourceType": "Observation",
        "id": "Observation-43221",
        "status": "final",
        "code": {
          "coding": [
            {
              "system": "http://loinc.org",
              "code": "8480-6",
              "display": "Systolic blood pressure"
            }
          ]
        },
        "subject": {
          "reference": "Patient/Patient-6482",
          "display": "Mario Jared Stout"
        },
        "context": {
          "reference": "Encounter/Encounter-333",
          "display": "Bay Area Family Practice"
        },
        "effectiveDateTime": "2019-04-08T09:36:36-04:00",
        "performer": [
          {
            "reference": "Practitioner/Practitioner-2519",
            "display": "Stanley Jason Garrett MD"
          }
        ],
        "valueQuantity": {
          "value": 116.71463494170538,
          "unit": "mmHg"
        }
      },
      "request": {
        "method": "PUT",
        "url": "http://localhost:8080/cqf-ruler/baseDstu3/Observation/Observation-43221"
      }
    },
    {
      "resource": {
        "resourceType": "Observation",
        "id": "Observation-43222",
        "status": "final",
        "code": {
          "coding": [
            {
              "system": "http://loinc.org",
              "code": "8462-4",
              "display": "Diastolic blood pressure"
            }
          ]
        },
        "subject": {
          "reference": "Patient/Patient-6482",
          "display": "Mario Jared Stout"
        },
        "context": {
          "reference": "Encounter/Encounter-333",
          "display": "Bay Area Family Practice"
        },
        "effectiveDateTime": "2019-04-08T09:36:36-04:00",
        "performer": [
          {
            "reference": "Practitioner/Practitioner-2519",
            "display": "Stanley Jason Garrett MD"
          }
        ],
        "valueQuantity": {
          "value": 113.22207964973923,
          "unit": "mmHg"
        }
      },
      "request": {
        "method": "PUT",
        "url": "http://localhost:8080/cqf-ruler/baseDstu3/Observation/Observation-43222"
      }
    },
    {
      "resource": {
        "resourceType": "Condition",
        "id": "Condition-43223",
        "clinicalStatus": "active",
        "verificationStatus": "confirmed",
        "code": {
          "coding": [
            {
              "system": "http://snomed.info/sct",
              "code": "48146000",
              "display": "Diastolic hypertension"
            }
          ]
        },
        "subject": {
          "reference": "Patient/Patient-6482",
          "display": "Mario Jared Stout"
        },
        "context": {
          "reference": "Encounter/Encounter-333",
          "display": "Bay Area Family Practice"
        },
        "onsetDateTime": "2019-04-08T09:36:36-04:00",
        "assertedDate": "2019-04-08T09:36:36-04:00",
        "asserter": {
          "reference": "Practitioner/Practitioner-2519",
          "display": "Stanley Jason Garrett MD"
        }
      },
      "request": {
        "method": "PUT",
        "url": "http://localhost:8080/cqf-ruler/baseDstu3/Condition/Condition-43223"
      }
    },
    {
      "resource": {
        "resourceType": "Observation",
        "id": "Observation-43224",
        "status": "final",
        "category": [
          {
            "coding": [
              {
                "system": "http://hl7.org/fhir/observation-category",
                "code": "vital-signs",
                "display": "vital-signs"
              }
            ]
          }
        ],
        "code": {
          "coding": [
            {
              "system": "http://loinc.org",
              "code": "8716-3",
              "display": "Vital Signs Panel"
            }
          ]
        },
        "subject": {
          "reference": "Patient/Patient-6482",
          "display": "Mario Jared Stout"
        },
        "context": {
          "reference": "Encounter/Encounter-333",
          "display": "Bay Area Family Practice"
        },
        "effectivePeriod": {
          "start": "2019-04-08T09:36:36-04:00",
          "end": "2019-04-08T09:36:36-04:00"
        },
        "valueQuantity": {
          "value": 113.22207964973923,
          "unit": "mmHg"
        },
        "component": [
          {
            "code": {
              "coding": [
                {
                  "system": "http://loinc.org",
                  "code": "8302-2",
                  "display": "Height"
                }
              ]
            }
          },
          {
            "code": {
              "coding": [
                {
                  "system": "http://loinc.org",
                  "code": "29463-7",
                  "display": "Weight"
                }
              ]
            }
          },
          {
            "code": {
              "coding": [
                {
                  "system": "http://loinc.org",
                  "code": "39156-5",
                  "display": "BMI"
                }
              ]
            }
          },
          {
            "code": {
              "coding": [
                {
                  "system": "http://loinc.org",
                  "code": "8310-5",
                  "display": "Temperature"
                }
              ]
            }
          },
          {
            "code": {
              "coding": [
                {
                  "system": "http://loinc.org",
                  "code": "8459-0",
                  "display": "Systolic Blood Pressure"
                }
              ]
            }
          },
          {
            "code": {
              "coding": [
                {
                  "system": "http://loinc.org",
                  "code": "8453-3",
                  "display": "Diastolic Blood Pressure"
                }
              ]
            }
          }
        ]
      },
      "request": {
        "method": "PUT",
        "url": "http://localhost:8080/cqf-ruler/baseDstu3/Observation/Observation-43224"
      }
    }
  ]
}