{
  "resourceType": "Bundle",
  "type": "transaction",
  "entry": [
    {
      "resource": {
        "resourceType": "Encounter",
        "id": "Encounter-481",
        "status": "finished",
        "class": {
          "system": "http://hl7.org/fhir/encounter-class",
          "code": "other",
          "display": "Other"
        },
        "subject": {
          "reference": "Patient/Patient-6517",
          "display": "Yolanda Dawn Miranda"
        },
        "participant": [
          {
            "period": {
              "start": "2021-10-18T09:36:36-04:00",
              "end": "2021-10-18T09:36:36-04:00"
            },
            "individual": {
              "reference": "Practitioner/Practitioner-2534",
              "display": "Pearl Rita Dawson MD"
            }
          }
        ],
        "period": {
          "start": "2021-10-18T09:36:36-04:00",
          "end": "2021-10-18T09:36:36-04:00"
        },
        "location": [
          {
            "location": {
              "reference": "Location/Location-1101",
              "display": "McKinley Health Center"
            }
          }
        ],
        "serviceProvider": {
          "reference": "Organization/Organization-1101",
          "display": "McKinley Health Center"
        }
      },
      "request": {
        "method": "PUT",
        "url": "http://localhost:8080/cqf-ruler/baseDstu3/Encounter/Encounter-481"
      }
    },
    {
      "resource": {
        "resourceType": "Immunization",
        "id": "Immunization-57040",
        "status": "completed",
        "notGiven": false,
        "vaccineCode": {
          "coding": [
            {
              "system": "http://hl7.org/fhir/sid/cvx",
              "code": "140",
              "display": "Influenza, seasonal, injectable, preservative free"
            }
          ]
        },
        "patient": {
          "reference": "Patient/Patient-6517",
          "display": "Yolanda Dawn Miranda"
        },
        "date": "2021-10-13T09:36:36-04:00",
        "primarySource": true,
        "location": {
          "reference": "Location/Location-1101",
          "display": "McKinley Health Center"
        },
        "practitioner": [
          {
            "actor": {
              "reference": "Practitioner/Practitioner-2534",
              "display": "Pearl Rita Dawson MD"
            }
          }
        ]
      },
      "request": {
        "method": "PUT",
        "url": "http://localhost:8080/cqf-ruler/baseDstu3/Immunization/Immunization-57040"
      }
    },
    {
      "resource": {
        "resourceType": "Immunization",
        "id": "Immunization-57041",
        "status": "completed",
        "notGiven": false,
        "vaccineCode": {
          "coding": [
            {
              "system": "http://hl7.org/fhir/sid/cvx",
              "code": "113",
              "display": "Td (adult) preservative free"
            }
          ]
        },
        "patient": {
          "reference": "Patient/Patient-6517",
          "display": "Yolanda Dawn Miranda"
        },
        "date": "2021-10-13T09:36:36-04:00",
        "primarySource": true,
        "location": {
          "reference": "Location/Location-1101",
          "display": "McKinley Health Center"
        },
        "practitioner": [
          {
            "actor": {
              "reference": "Practitioner/Practitioner-2534",
              "display": "Pearl Rita Dawson MD"
            }
          }
        ]
      },
      "request": {
        "method": "PUT",
        "url": "http://localhost:8080/cqf-ruler/baseDstu3/Immunization/Immunization-57041"
      }
    },
    {
      "resource": {
        "resourceType": "Procedure",
        "id": "Procedure-109166",
        "status": "completed",
        "code": {
          "coding": [
            {
              "system": "http://loinc.org",
              "code": "2335-8",
              "display": "Hemoglobin.gastrointestinal [Presence] in Stool"
            }
          ]
        },
        "subject": {
          "reference": "Patient/Patient-6517",
          "display": "Yolanda Dawn Miranda"
        },
        "context": {
          "reference": "Encounter/Encounter-481",
          "display": "McKinley Health Center"
        },
        "performedPeriod": {
          "start": "2021-10-18T09:36:36-04:00",
          "end": "2021-10-18T09:36:36-04:00"
        },
        "performer": [
          {
            "actor": {
              "reference": "Practitioner/Practitioner-2534",
              "display": "Pearl Rita Dawson MD"
            }
          }
        ],
        "location": {
          "reference": "Location/Location-1101",
          "display": "McKinley Health Center"
        }
      },
      "request": {
        "method": "PUT",
        "url": "http://localhost:8080/cqf-ruler/baseDstu3/Procedure/Procedure-109166"
      }
    },
    {
      "resource": {
        "resourceType": "Observation",
        "id": "Observation-109167",
        "status": "final",
        "code": {
          "coding": [
            {
              "system": "http://loinc.org",
              "code": "27396-1",
              "display": "Hemoglobin.gastrointestinal [Mass/mass] in Stool"
            }
          ]
        },
        "subject": {
          "reference": "Patient/Patient-6517",
          "display": "Yolanda Dawn Miranda"
        },
        "context": {
          "reference": "Encounter/Encounter-481",
          "display": "McKinley Health Center"
        },
        "effectiveDateTime": "2021-10-18T09:36:36-04:00",
        "performer": [
          {
            "reference": "Practitioner/Practitioner-2534",
            "display": "Pearl Rita Dawson MD"
          }
        ],
        "valueString": "NEGATIVE"
      },
      "request": {
        "method": "PUT",
        "url": "http://localhost:8080/cqf-ruler/baseDstu3/Observation/Observation-109167"
      }
    },
    {
      "resource": {
        "resourceType": "Observation",
        "id": "Observation-109168",
        "status": "final",
        "code": {
          "coding": [
            {
              "system": "http://loinc.org",
              "code": "8480-6",
              "display": "Systolic blood pressure"
            }
          ]
        },
        "subject": {
          "reference": "Patient/Patient-6517",
          "display": "Yolanda Dawn Miranda"
        },
        "context": {
          "reference": "Encounter/Encounter-481",
          "display": "McKinley Health Center"
        },
        "effectiveDateTime": "2021-10-18T09:36:36-04:00",
        "performer": [
          {
            "reference": "Practitioner/Practitioner-2534",
            "display": "Pearl Rita Dawson MD"
          }
        ],
        "valueQuantity": {
          "value": 148.91270714847408,
          "unit": "mmHg"
        }
      },
      "request": {
        "method": "PUT",
        "url": "http://localhost:8080/cqf-ruler/baseDstu3/Observation/Observation-109168"
      }
    },
    {
      "resource": {
        "resourceType": "Observation",
        "id": "Observation-109169",
        "status": "final",
        "code": {
          "coding": [
            {
              "system": "http://loinc.org",
              "code": "8462-4",
              "display": "Diastolic blood pressure"
            }
          ]
        },
        "subject": {
          "reference": "Patient/Patient-6517",
          "display": "Yolanda Dawn Miranda"
        },
        "context": {
          "reference": "Encounter/Encounter-481",
          "display": "McKinley Health Center"
        },
        "effectiveDateTime": "2021-10-18T09:36:36-04:00",
        "performer": [
          {
            "reference": "Practitioner/Practitioner-2534",
            "display": "Pearl Rita Dawson MD"
          }
        ],
        "valueQuantity": {
          "value": 98.20542214459137,
          "unit": "mmHg"
        }
      },
      "request": {
        "method": "PUT",
        "url": "http://localhost:8080/cqf-ruler/baseDstu3/Observation/Observation-109169"
      }
    },
    {
      "resource": {
        "resourceType": "Condition",
        "id": "Condition-109170",
        "clinicalStatus": "active",
        "verificationStatus": "confirmed",
        "code": {
          "coding": [
            {
              "system": "http://snomed.info/sct",
              "code": "371125006",
              "display": "Labile essential hypertension"
            }
          ]
        },
        "subject": {
          "reference": "Patient/Patient-6517",
          "display": "Yolanda Dawn Miranda"
        },
        "context": {
          "reference": "Encounter/Encounter-481",
          "display": "McKinley Health Center"
        },
        "onsetDateTime": "2021-10-18T09:36:36-04:00",
        "assertedDate": "2021-10-18T09:36:36-04:00",
        "asserter": {
          "reference": "Practitioner/Practitioner-2534",
          "display": "Pearl Rita Dawson MD"
        }
      },
      "request": {
        "method": "PUT",
        "url": "http://localhost:8080/cqf-ruler/baseDstu3/Condition/Condition-109170"
      }
    },
    {
      "resource": {
        "resourceType": "Procedure",
        "id": "Procedure-109171",
        "status": "completed",
        "code": {
          "coding": [
            {
              "system": "http://snomed.info/sct",
              "code": "43204002",
              "display": "Bilateral mammography (procedure)"
            }
          ]
        },
        "subject": {
          "reference": "Patient/Patient-6517",
          "display": "Yolanda Dawn Miranda"
        },
        "context": {
          "reference": "Encounter/Encounter-481",
          "display": "McKinley Health Center"
        },
        "performedPeriod": {
          "start": "2021-10-18T09:36:36-04:00",
          "end": "2021-10-18T09:36:36-04:00"
        },
        "performer": [
          {
            "actor": {
              "reference": "Practitioner/Practitioner-2534",
              "display": "Pearl Rita Dawson MD"
            }
          }
        ],
        "location": {
          "reference": "Location/Location-1101",
          "display": "McKinley Health Center"
        }
      },
      "request": {
        "method": "PUT",
        "url": "http://localhost:8080/cqf-ruler/baseDstu3/Procedure/Procedure-109171"
      }
    },
    {
      "resource": {
        "resourceType": "Observation",
        "id": "Observation-109172",
        "status": "final",
        "code": {
          "coding": [
            {
              "system": "http://snomed.info/sct",
              "code": "168749009",
              "display": "Mammography normal (finding)"
            }
          ]
        },
        "subject": {
          "reference": "Patient/Patient-6517",
          "display": "Yolanda Dawn Miranda"
        },
        "context": {
          "reference": "Encounter/Encounter-481",
          "display": "McKinley Health Center"
        },
        "effectiveDateTime": "2021-10-18T09:36:36-04:00",
        "performer": [
          {
            "reference": "Practitioner/Practitioner-2534",
            "display": "Pearl Rita Dawson MD"
          }
        ],
        "valueString": "NEGATIVE"
      },
      "request": {
        "method": "PUT",
        "url": "http://localhost:8080/cqf-ruler/baseDstu3/Observation/Observation-109172"
      }
    },
    {
      "resource": {
        "resourceType": "DiagnosticReport",
        "id": "DiagnosticReport-109173",
        "status": "final",
        "code": {
          "coding": [
            {
              "system": "http://loinc.org",
              "code": "26350-9",
              "display": "Breast - left Mammogram diagnostic limited"
            }
          ]
        },
        "subject": {
          "reference": "Patient/Patient-6517",
          "display": "Yolanda Dawn Miranda"
        },
        "context": {
          "reference": "Encounter/Encounter-481",
          "display": "McKinley Health Center"
        },
        "effectivePeriod": {
          "start": "2021-10-18T09:36:36-04:00",
          "end": "2021-10-18T09:36:36-04:00"
        },
        "result": [
          {
            "reference": "Observation/Observation-109172",
            "display": "No_Cancer_Detected"
          }
        ]
      },
      "request": {
        "method": "PUT",
        "url": "http://localhost:8080/cqf-ruler/baseDstu3/DiagnosticReport/DiagnosticReport-109173"
      }
    },
    {
      "resource": {
        "resourceType": "Procedure",
        "id": "Procedure-109174",
        "status": "completed",
        "code": {
          "coding": [
            {
              "system": "http://loinc.org",
              "code": "47527-7",
              "display": "Cytology report of Cervical or vaginal smear or scraping Cyto stain.thin prep"
            }
          ]
        },
        "subject": {
          "reference": "Patient/Patient-6517",
          "display": "Yolanda Dawn Miranda"
        },
        "context": {
          "reference": "Encounter/Encounter-481",
          "display": "McKinley Health Center"
        },
        "performedPeriod": {
          "start": "2021-10-18T09:36:36-04:00",
          "end": "2021-10-18T09:36:36-04:00"
        },
        "performer": [
          {
            "actor": {
              "reference": "Practitioner/Practitioner-2534",
              "display": "Pearl Rita Dawson MD"
            }
          }
        ],
        "location": {
          "reference": "Location/Location-1101",
          "display": "McKinley Health Center"
        }
      },
      "request": {
        "method": "PUT",
        "url": "http://localhost:8080/cqf-ruler/baseDstu3/Procedure/Procedure-109174"
      }
    },
    {
      "resource": {
        "resourceType": "Observation",
        "id": "Observation-109175",
        "status": "final",
        "code": {
          "coding": [
            {
              "system": "http://snomed.info/sct",
              "code": "289829007",
              "display": "Normal uterine cervix (finding)"
            }
          ]
        },
        "subject": {
          "reference": "Patient/Patient-6517",
          "display": "Yolanda Dawn Miranda"
        },
        "context": {
          "reference": "Encounter/Encounter-481",
          "display": "McKinley Health Center"
        },
        "effectiveDateTime": "2021-10-18T09:36:36-04:00",
        "performer": [
          {
            "reference": "Practitioner/Practitioner-2534",
            "display": "Pearl Rita Dawson MD"
          }
        ],
        "valueString": "NEGATIVE"
      },
      "request": {
        "method": "PUT",
        "url": "http://localhost:8080/cqf-ruler/baseDstu3/Observation/Observation-109175"
      }
    },
    {
      "resource": {
        "resourceType": "DiagnosticReport",
        "id": "DiagnosticReport-109176",
        "status": "final",
        "code": {
          "coding": [
            {
              "system": "http://loinc.org",
              "code": "46338-0",
              "display": "Breast - unilateral Mammogram Single view"
            }
          ]
        },
        "subject": {
          "reference": "Patient/Patient-6517",
          "display": "Yolanda Dawn Miranda"
        },
        "context": {
          "reference": "Encounter/Encounter-481",
          "display": "McKinley Health Center"
        },
        "effectivePeriod": {
          "start": "2021-10-18T09:36:36-04:00",
          "end": "2021-10-18T09:36:36-04:00"
        },
        "result": [
          {
            "reference": "Observation/Observation-109175",
            "display": "No_Cancer_Detected"
          }
        ]
      },
      "request": {
        "method": "PUT",
        "url": "http://localhost:8080/cqf-ruler/baseDstu3/DiagnosticReport/DiagnosticReport-109176"
      }
    },
    {
      "resource": {
        "resourceType": "Observation",
        "id": "Observation-109177",
        "status": "final",
        "category": [
          {
            "coding": [
              {
                "system": "http://hl7.org/fhir/observation-category",
                "code": "vital-signs",
                "display": "vital-signs"
              }
            ]
          }
        ],
        "code": {
          "coding": [
            {
              "system": "http://loinc.org",
              "code": "8716-3",
              "display": "Vital Signs Panel"
            }
          ]
        },
        "subject": {
          "reference": "Patient/Patient-6517",
          "display": "Yolanda Dawn Miranda"
        },
        "context": {
          "reference": "Encounter/Encounter-481",
          "display": "McKinley Health Center"
        },
        "effectivePeriod": {
          "start": "2021-10-18T09:36:36-04:00",
          "end": "2021-10-18T09:36:36-04:00"
        },
        "valueQuantity": {
          "value": 98.20542214459137,
          "unit": "mmHg"
        },
        "component": [
          {
            "code": {
              "coding": [
                {
                  "system": "http://loinc.org",
                  "code": "8302-2",
                  "display": "Height"
                }
              ]
            }
          },
          {
            "code": {
              "coding": [
                {
                  "system": "http://loinc.org",
                  "code": "29463-7",
                  "display": "Weight"
                }
              ]
            }
          },
          {
            "code": {
              "coding": [
                {
                  "system": "http://loinc.org",
                  "code": "39156-5",
                  "display": "BMI"
                }
              ]
            }
          },
          {
            "code": {
              "coding": [
                {
                  "system": "http://loinc.org",
                  "code": "8310-5",
                  "display": "Temperature"
                }
              ]
            }
          },
          {
            "code": {
              "coding": [
                {
                  "system": "http://loinc.org",
                  "code": "8459-0",
                  "display": "Systolic Blood Pressure"
                }
              ]
            }
          },
          {
            "code": {
              "coding": [
                {
                  "system": "http://loinc.org",
                  "code": "8453-3",
                  "display": "Diastolic Blood Pressure"
                }
              ]
            }
          }
        ]
      },
      "request": {
        "method": "PUT",
        "url": "http://localhost:8080/cqf-ruler/baseDstu3/Observation/Observation-109177"
      }
    }
  ]
}