{
  "resourceType": "Bundle",
  "type": "transaction",
  "entry": [
    {
      "resource": {
        "resourceType": "Encounter",
        "id": "Encounter-559",
        "status": "finished",
        "class": {
          "system": "http://hl7.org/fhir/encounter-class",
          "code": "other",
          "display": "Other"
        },
        "subject": {
          "reference": "Patient/Patient-6515",
          "display": "Kathryn House Weeks"
        },
        "participant": [
          {
            "period": {
              "start": "2021-08-16T09:36:36-04:00",
              "end": "2021-08-16T09:36:36-04:00"
            },
            "individual": {
              "reference": "Practitioner/Practitioner-2532",
              "display": "Chad Espinoza Potter MD"
            }
          }
        ],
        "period": {
          "start": "2021-08-16T09:36:36-04:00",
          "end": "2021-08-16T09:36:36-04:00"
        },
        "location": [
          {
            "location": {
              "reference": "Location/Location-1105",
              "display": "Bayside Medical Group"
            }
          }
        ],
        "serviceProvider": {
          "reference": "Organization/Organization-1105",
          "display": "Bayside Medical Group"
        }
      },
      "request": {
        "method": "PUT",
        "url": "http://localhost:8080/cqf-ruler/baseDstu3/Encounter/Encounter-559"
      }
    },
    {
      "resource": {
        "resourceType": "Immunization",
        "id": "Immunization-77825",
        "status": "completed",
        "notGiven": false,
        "vaccineCode": {
          "coding": [
            {
              "system": "http://hl7.org/fhir/sid/cvx",
              "code": "140",
              "display": "Influenza, seasonal, injectable, preservative free"
            }
          ]
        },
        "patient": {
          "reference": "Patient/Patient-6515",
          "display": "Kathryn House Weeks"
        },
        "date": "2021-08-10T09:36:36-04:00",
        "primarySource": true,
        "location": {
          "reference": "Location/Location-1105",
          "display": "Bayside Medical Group"
        },
        "practitioner": [
          {
            "actor": {
              "reference": "Practitioner/Practitioner-2532",
              "display": "Chad Espinoza Potter MD"
            }
          }
        ]
      },
      "request": {
        "method": "PUT",
        "url": "http://localhost:8080/cqf-ruler/baseDstu3/Immunization/Immunization-77825"
      }
    },
    {
      "resource": {
        "resourceType": "Procedure",
        "id": "Procedure-104784",
        "status": "completed",
        "code": {
          "coding": [
            {
              "system": "http://loinc.org",
              "code": "27401-9",
              "display": "Hemoglobin.gastrointestinal [Presence] in Stool --6th specimen"
            }
          ]
        },
        "subject": {
          "reference": "Patient/Patient-6515",
          "display": "Kathryn House Weeks"
        },
        "context": {
          "reference": "Encounter/Encounter-559",
          "display": "Bayside Medical Group"
        },
        "performedPeriod": {
          "start": "2021-08-16T09:36:36-04:00",
          "end": "2021-08-16T09:36:36-04:00"
        },
        "performer": [
          {
            "actor": {
              "reference": "Practitioner/Practitioner-2532",
              "display": "Chad Espinoza Potter MD"
            }
          }
        ],
        "location": {
          "reference": "Location/Location-1105",
          "display": "Bayside Medical Group"
        }
      },
      "request": {
        "method": "PUT",
        "url": "http://localhost:8080/cqf-ruler/baseDstu3/Procedure/Procedure-104784"
      }
    },
    {
      "resource": {
        "resourceType": "Observation",
        "id": "Observation-104785",
        "status": "final",
        "code": {
          "coding": [
            {
              "system": "http://loinc.org",
              "code": "27396-1",
              "display": "Hemoglobin.gastrointestinal [Mass/mass] in Stool"
            }
          ]
        },
        "subject": {
          "reference": "Patient/Patient-6515",
          "display": "Kathryn House Weeks"
        },
        "context": {
          "reference": "Encounter/Encounter-559",
          "display": "Bayside Medical Group"
        },
        "effectiveDateTime": "2021-08-16T09:36:36-04:00",
        "performer": [
          {
            "reference": "Practitioner/Practitioner-2532",
            "display": "Chad Espinoza Potter MD"
          }
        ],
        "valueString": "NEGATIVE"
      },
      "request": {
        "method": "PUT",
        "url": "http://localhost:8080/cqf-ruler/baseDstu3/Observation/Observation-104785"
      }
    },
    {
      "resource": {
        "resourceType": "Observation",
        "id": "Observation-104786",
        "status": "final",
        "code": {
          "coding": [
            {
              "system": "http://loinc.org",
              "code": "8480-6",
              "display": "Systolic blood pressure"
            }
          ]
        },
        "subject": {
          "reference": "Patient/Patient-6515",
          "display": "Kathryn House Weeks"
        },
        "context": {
          "reference": "Encounter/Encounter-559",
          "display": "Bayside Medical Group"
        },
        "effectiveDateTime": "2021-08-16T09:36:36-04:00",
        "performer": [
          {
            "reference": "Practitioner/Practitioner-2532",
            "display": "Chad Espinoza Potter MD"
          }
        ],
        "valueQuantity": {
          "value": 152.6576554076755,
          "unit": "mmHg"
        }
      },
      "request": {
        "method": "PUT",
        "url": "http://localhost:8080/cqf-ruler/baseDstu3/Observation/Observation-104786"
      }
    },
    {
      "resource": {
        "resourceType": "Observation",
        "id": "Observation-104787",
        "status": "final",
        "code": {
          "coding": [
            {
              "system": "http://loinc.org",
              "code": "8462-4",
              "display": "Diastolic blood pressure"
            }
          ]
        },
        "subject": {
          "reference": "Patient/Patient-6515",
          "display": "Kathryn House Weeks"
        },
        "context": {
          "reference": "Encounter/Encounter-559",
          "display": "Bayside Medical Group"
        },
        "effectiveDateTime": "2021-08-16T09:36:36-04:00",
        "performer": [
          {
            "reference": "Practitioner/Practitioner-2532",
            "display": "Chad Espinoza Potter MD"
          }
        ],
        "valueQuantity": {
          "value": 117.15543567657282,
          "unit": "mmHg"
        }
      },
      "request": {
        "method": "PUT",
        "url": "http://localhost:8080/cqf-ruler/baseDstu3/Observation/Observation-104787"
      }
    },
    {
      "resource": {
        "resourceType": "Condition",
        "id": "Condition-104788",
        "clinicalStatus": "active",
        "verificationStatus": "confirmed",
        "code": {
          "coding": [
            {
              "system": "http://snomed.info/sct",
              "code": "78975002",
              "display": "Malignant essential hypertension"
            }
          ]
        },
        "subject": {
          "reference": "Patient/Patient-6515",
          "display": "Kathryn House Weeks"
        },
        "context": {
          "reference": "Encounter/Encounter-559",
          "display": "Bayside Medical Group"
        },
        "onsetDateTime": "2021-08-16T09:36:36-04:00",
        "assertedDate": "2021-08-16T09:36:36-04:00",
        "asserter": {
          "reference": "Practitioner/Practitioner-2532",
          "display": "Chad Espinoza Potter MD"
        }
      },
      "request": {
        "method": "PUT",
        "url": "http://localhost:8080/cqf-ruler/baseDstu3/Condition/Condition-104788"
      }
    },
    {
      "resource": {
        "resourceType": "Observation",
        "id": "Observation-104789",
        "status": "final",
        "category": [
          {
            "coding": [
              {
                "system": "http://hl7.org/fhir/observation-category",
                "code": "vital-signs",
                "display": "vital-signs"
              }
            ]
          }
        ],
        "code": {
          "coding": [
            {
              "system": "http://loinc.org",
              "code": "8716-3",
              "display": "Vital Signs Panel"
            }
          ]
        },
        "subject": {
          "reference": "Patient/Patient-6515",
          "display": "Kathryn House Weeks"
        },
        "context": {
          "reference": "Encounter/Encounter-559",
          "display": "Bayside Medical Group"
        },
        "effectivePeriod": {
          "start": "2021-08-16T09:36:36-04:00",
          "end": "2021-08-16T09:36:36-04:00"
        },
        "valueQuantity": {
          "value": 117.15543567657282,
          "unit": "mmHg"
        },
        "component": [
          {
            "code": {
              "coding": [
                {
                  "system": "http://loinc.org",
                  "code": "8302-2",
                  "display": "Height"
                }
              ]
            }
          },
          {
            "code": {
              "coding": [
                {
                  "system": "http://loinc.org",
                  "code": "29463-7",
                  "display": "Weight"
                }
              ]
            }
          },
          {
            "code": {
              "coding": [
                {
                  "system": "http://loinc.org",
                  "code": "39156-5",
                  "display": "BMI"
                }
              ]
            }
          },
          {
            "code": {
              "coding": [
                {
                  "system": "http://loinc.org",
                  "code": "8310-5",
                  "display": "Temperature"
                }
              ]
            }
          },
          {
            "code": {
              "coding": [
                {
                  "system": "http://loinc.org",
                  "code": "8459-0",
                  "display": "Systolic Blood Pressure"
                }
              ]
            }
          },
          {
            "code": {
              "coding": [
                {
                  "system": "http://loinc.org",
                  "code": "8453-3",
                  "display": "Diastolic Blood Pressure"
                }
              ]
            }
          }
        ]
      },
      "request": {
        "method": "PUT",
        "url": "http://localhost:8080/cqf-ruler/baseDstu3/Observation/Observation-104789"
      }
    }
  ]
}