{
  "resourceType": "Bundle",
  "type": "transaction",
  "entry": [
    {
      "resource": {
        "resourceType": "Encounter",
        "id": "Encounter-208",
        "status": "finished",
        "class": {
          "system": "http://hl7.org/fhir/encounter-class",
          "code": "other",
          "display": "Other"
        },
        "subject": {
          "reference": "Patient/Patient-6532",
          "display": "Edith Elaine Brandt"
        },
        "participant": [
          {
            "period": {
              "start": "2018-09-03T09:36:36-04:00",
              "end": "2018-09-03T09:36:36-04:00"
            },
            "individual": {
              "reference": "Practitioner/Practitioner-2529",
              "display": "Stanley Floyd Nielsen MD"
            }
          }
        ],
        "period": {
          "start": "2018-09-03T09:36:36-04:00",
          "end": "2018-09-03T09:36:36-04:00"
        },
        "location": [
          {
            "location": {
              "reference": "Location/Location-1102",
              "display": "Pediatric and Adult Medicine"
            }
          }
        ],
        "serviceProvider": {
          "reference": "Organization/Organization-1102",
          "display": "Pediatric and Adult Medicine"
        }
      },
      "request": {
        "method": "PUT",
        "url": "http://localhost:8080/cqf-ruler/baseDstu3/Encounter/Encounter-208"
      }
    },
    {
      "resource": {
        "resourceType": "Immunization",
        "id": "Immunization-717",
        "status": "completed",
        "notGiven": false,
        "vaccineCode": {
          "coding": [
            {
              "system": "http://hl7.org/fhir/sid/cvx",
              "code": "140",
              "display": "Influenza, seasonal, injectable, preservative free"
            }
          ]
        },
        "patient": {
          "reference": "Patient/Patient-6532",
          "display": "Edith Elaine Brandt"
        },
        "date": "2018-08-30T09:36:36-04:00",
        "primarySource": true,
        "location": {
          "reference": "Location/Location-1102",
          "display": "Pediatric and Adult Medicine"
        },
        "practitioner": [
          {
            "actor": {
              "reference": "Practitioner/Practitioner-2529",
              "display": "Stanley Floyd Nielsen MD"
            }
          }
        ]
      },
      "request": {
        "method": "PUT",
        "url": "http://localhost:8080/cqf-ruler/baseDstu3/Immunization/Immunization-717"
      }
    },
    {
      "resource": {
        "resourceType": "Immunization",
        "id": "Immunization-718",
        "status": "completed",
        "notGiven": false,
        "vaccineCode": {
          "coding": [
            {
              "system": "http://hl7.org/fhir/sid/cvx",
              "code": "113",
              "display": "Td (adult) preservative free"
            }
          ]
        },
        "patient": {
          "reference": "Patient/Patient-6532",
          "display": "Edith Elaine Brandt"
        },
        "date": "2018-08-30T09:36:36-04:00",
        "primarySource": true,
        "location": {
          "reference": "Location/Location-1102",
          "display": "Pediatric and Adult Medicine"
        },
        "practitioner": [
          {
            "actor": {
              "reference": "Practitioner/Practitioner-2529",
              "display": "Stanley Floyd Nielsen MD"
            }
          }
        ]
      },
      "request": {
        "method": "PUT",
        "url": "http://localhost:8080/cqf-ruler/baseDstu3/Immunization/Immunization-718"
      }
    },
    {
      "resource": {
        "resourceType": "Observation",
        "id": "Observation-26585",
        "status": "final",
        "code": {
          "coding": [
            {
              "system": "http://loinc.org",
              "code": "8480-6",
              "display": "Systolic blood pressure"
            }
          ]
        },
        "subject": {
          "reference": "Patient/Patient-6532",
          "display": "Edith Elaine Brandt"
        },
        "context": {
          "reference": "Encounter/Encounter-208",
          "display": "Pediatric and Adult Medicine"
        },
        "effectiveDateTime": "2018-09-03T09:36:36-04:00",
        "performer": [
          {
            "reference": "Practitioner/Practitioner-2529",
            "display": "Stanley Floyd Nielsen MD"
          }
        ],
        "valueQuantity": {
          "value": 141.6015802993116,
          "unit": "mmHg"
        }
      },
      "request": {
        "method": "PUT",
        "url": "http://localhost:8080/cqf-ruler/baseDstu3/Observation/Observation-26585"
      }
    },
    {
      "resource": {
        "resourceType": "Observation",
        "id": "Observation-26586",
        "status": "final",
        "code": {
          "coding": [
            {
              "system": "http://loinc.org",
              "code": "8462-4",
              "display": "Diastolic blood pressure"
            }
          ]
        },
        "subject": {
          "reference": "Patient/Patient-6532",
          "display": "Edith Elaine Brandt"
        },
        "context": {
          "reference": "Encounter/Encounter-208",
          "display": "Pediatric and Adult Medicine"
        },
        "effectiveDateTime": "2018-09-03T09:36:36-04:00",
        "performer": [
          {
            "reference": "Practitioner/Practitioner-2529",
            "display": "Stanley Floyd Nielsen MD"
          }
        ],
        "valueQuantity": {
          "value": 104.1752312425637,
          "unit": "mmHg"
        }
      },
      "request": {
        "method": "PUT",
        "url": "http://localhost:8080/cqf-ruler/baseDstu3/Observation/Observation-26586"
      }
    },
    {
      "resource": {
        "resourceType": "Condition",
        "id": "Condition-26587",
        "clinicalStatus": "active",
        "verificationStatus": "confirmed",
        "code": {
          "coding": [
            {
              "system": "http://hl7.org/fhir/sid/icd-10-us",
              "code": "I10",
              "display": "Essential (primary) hypertension"
            }
          ]
        },
        "subject": {
          "reference": "Patient/Patient-6532",
          "display": "Edith Elaine Brandt"
        },
        "context": {
          "reference": "Encounter/Encounter-208",
          "display": "Pediatric and Adult Medicine"
        },
        "onsetDateTime": "2018-09-03T09:36:36-04:00",
        "assertedDate": "2018-09-03T09:36:36-04:00",
        "asserter": {
          "reference": "Practitioner/Practitioner-2529",
          "display": "Stanley Floyd Nielsen MD"
        }
      },
      "request": {
        "method": "PUT",
        "url": "http://localhost:8080/cqf-ruler/baseDstu3/Condition/Condition-26587"
      }
    },
    {
      "resource": {
        "resourceType": "Procedure",
        "id": "Procedure-26588",
        "status": "completed",
        "code": {
          "coding": [
            {
              "system": "http://loinc.org",
              "code": "19764-0",
              "display": "Statement of adequacy [interpretation] of Cervical or vaginal smear or scraping by Cyto stain"
            }
          ]
        },
        "subject": {
          "reference": "Patient/Patient-6532",
          "display": "Edith Elaine Brandt"
        },
        "context": {
          "reference": "Encounter/Encounter-208",
          "display": "Pediatric and Adult Medicine"
        },
        "performedPeriod": {
          "start": "2018-09-03T09:36:36-04:00",
          "end": "2018-09-03T09:36:36-04:00"
        },
        "performer": [
          {
            "actor": {
              "reference": "Practitioner/Practitioner-2529",
              "display": "Stanley Floyd Nielsen MD"
            }
          }
        ],
        "location": {
          "reference": "Location/Location-1102",
          "display": "Pediatric and Adult Medicine"
        }
      },
      "request": {
        "method": "PUT",
        "url": "http://localhost:8080/cqf-ruler/baseDstu3/Procedure/Procedure-26588"
      }
    },
    {
      "resource": {
        "resourceType": "Observation",
        "id": "Observation-26589",
        "status": "final",
        "code": {
          "coding": [
            {
              "system": "http://snomed.info/sct",
              "code": "289829007",
              "display": "Normal uterine cervix (finding)"
            }
          ]
        },
        "subject": {
          "reference": "Patient/Patient-6532",
          "display": "Edith Elaine Brandt"
        },
        "context": {
          "reference": "Encounter/Encounter-208",
          "display": "Pediatric and Adult Medicine"
        },
        "effectiveDateTime": "2018-09-03T09:36:36-04:00",
        "performer": [
          {
            "reference": "Practitioner/Practitioner-2529",
            "display": "Stanley Floyd Nielsen MD"
          }
        ],
        "valueString": "NEGATIVE"
      },
      "request": {
        "method": "PUT",
        "url": "http://localhost:8080/cqf-ruler/baseDstu3/Observation/Observation-26589"
      }
    },
    {
      "resource": {
        "resourceType": "DiagnosticReport",
        "id": "DiagnosticReport-26590",
        "status": "final",
        "code": {
          "coding": [
            {
              "system": "http://loinc.org",
              "code": "39154-0",
              "display": "Breast - bilateral FFD mammogram diagnostic"
            }
          ]
        },
        "subject": {
          "reference": "Patient/Patient-6532",
          "display": "Edith Elaine Brandt"
        },
        "context": {
          "reference": "Encounter/Encounter-208",
          "display": "Pediatric and Adult Medicine"
        },
        "effectivePeriod": {
          "start": "2018-09-03T09:36:36-04:00",
          "end": "2018-09-03T09:36:36-04:00"
        },
        "result": [
          {
            "reference": "Observation/Observation-26589",
            "display": "No_Cancer_Detected"
          }
        ]
      },
      "request": {
        "method": "PUT",
        "url": "http://localhost:8080/cqf-ruler/baseDstu3/DiagnosticReport/DiagnosticReport-26590"
      }
    },
    {
      "resource": {
        "resourceType": "Observation",
        "id": "Observation-26591",
        "status": "final",
        "category": [
          {
            "coding": [
              {
                "system": "http://hl7.org/fhir/observation-category",
                "code": "vital-signs",
                "display": "vital-signs"
              }
            ]
          }
        ],
        "code": {
          "coding": [
            {
              "system": "http://loinc.org",
              "code": "8716-3",
              "display": "Vital Signs Panel"
            }
          ]
        },
        "subject": {
          "reference": "Patient/Patient-6532",
          "display": "Edith Elaine Brandt"
        },
        "context": {
          "reference": "Encounter/Encounter-208",
          "display": "Pediatric and Adult Medicine"
        },
        "effectivePeriod": {
          "start": "2018-09-03T09:36:36-04:00",
          "end": "2018-09-03T09:36:36-04:00"
        },
        "valueQuantity": {
          "value": 104.1752312425637,
          "unit": "mmHg"
        },
        "component": [
          {
            "code": {
              "coding": [
                {
                  "system": "http://loinc.org",
                  "code": "8302-2",
                  "display": "Height"
                }
              ]
            }
          },
          {
            "code": {
              "coding": [
                {
                  "system": "http://loinc.org",
                  "code": "29463-7",
                  "display": "Weight"
                }
              ]
            }
          },
          {
            "code": {
              "coding": [
                {
                  "system": "http://loinc.org",
                  "code": "39156-5",
                  "display": "BMI"
                }
              ]
            }
          },
          {
            "code": {
              "coding": [
                {
                  "system": "http://loinc.org",
                  "code": "8310-5",
                  "display": "Temperature"
                }
              ]
            }
          },
          {
            "code": {
              "coding": [
                {
                  "system": "http://loinc.org",
                  "code": "8459-0",
                  "display": "Systolic Blood Pressure"
                }
              ]
            }
          },
          {
            "code": {
              "coding": [
                {
                  "system": "http://loinc.org",
                  "code": "8453-3",
                  "display": "Diastolic Blood Pressure"
                }
              ]
            }
          }
        ]
      },
      "request": {
        "method": "PUT",
        "url": "http://localhost:8080/cqf-ruler/baseDstu3/Observation/Observation-26591"
      }
    }
  ]
}