{
  "resourceType": "Bundle",
  "type": "transaction",
  "entry": [
    {
      "resource": {
        "resourceType": "Encounter",
        "id": "Encounter-1010",
        "status": "finished",
        "class": {
          "system": "http://hl7.org/fhir/encounter-class",
          "code": "other",
          "display": "Other"
        },
        "subject": {
          "reference": "Patient/Patient-6536",
          "display": "Perry Ford Tran"
        },
        "participant": [
          {
            "period": {
              "start": "2026-10-12T09:36:36-04:00",
              "end": "2026-10-12T09:36:36-04:00"
            },
            "individual": {
              "reference": "Practitioner/Practitioner-2533",
              "display": "Lena Dickerson Ballard MD"
            }
          }
        ],
        "period": {
          "start": "2026-10-12T09:36:36-04:00",
          "end": "2026-10-12T09:36:36-04:00"
        },
        "location": [
          {
            "location": {
              "reference": "Location/Location-1106",
              "display": "Cranston Family Medical"
            }
          }
        ],
        "serviceProvider": {
          "reference": "Organization/Organization-1106",
          "display": "Cranston Family Medical"
        }
      },
      "request": {
        "method": "PUT",
        "url": "http://localhost:8080/cqf-ruler/baseDstu3/Encounter/Encounter-1010"
      }
    },
    {
      "resource": {
        "resourceType": "Immunization",
        "id": "Immunization-211846",
        "status": "completed",
        "notGiven": false,
        "vaccineCode": {
          "coding": [
            {
              "system": "http://hl7.org/fhir/sid/cvx",
              "code": "140",
              "display": "Influenza, seasonal, injectable, preservative free"
            }
          ]
        },
        "patient": {
          "reference": "Patient/Patient-6536",
          "display": "Perry Ford Tran"
        },
        "date": "2026-10-06T09:36:36-04:00",
        "primarySource": true,
        "location": {
          "reference": "Location/Location-1106",
          "display": "Cranston Family Medical"
        },
        "practitioner": [
          {
            "actor": {
              "reference": "Practitioner/Practitioner-2533",
              "display": "Lena Dickerson Ballard MD"
            }
          }
        ]
      },
      "request": {
        "method": "PUT",
        "url": "http://localhost:8080/cqf-ruler/baseDstu3/Immunization/Immunization-211846"
      }
    },
    {
      "resource": {
        "resourceType": "Immunization",
        "id": "Immunization-211847",
        "status": "completed",
        "notGiven": false,
        "vaccineCode": {
          "coding": [
            {
              "system": "http://hl7.org/fhir/sid/cvx",
              "code": "113",
              "display": "Td (adult) preservative free"
            }
          ]
        },
        "patient": {
          "reference": "Patient/Patient-6536",
          "display": "Perry Ford Tran"
        },
        "date": "2026-10-06T09:36:36-04:00",
        "primarySource": true,
        "location": {
          "reference": "Location/Location-1106",
          "display": "Cranston Family Medical"
        },
        "practitioner": [
          {
            "actor": {
              "reference": "Practitioner/Practitioner-2533",
              "display": "Lena Dickerson Ballard MD"
            }
          }
        ]
      },
      "request": {
        "method": "PUT",
        "url": "http://localhost:8080/cqf-ruler/baseDstu3/Immunization/Immunization-211847"
      }
    },
    {
      "resource": {
        "resourceType": "Procedure",
        "id": "Procedure-238200",
        "status": "completed",
        "code": {
          "coding": [
            {
              "system": "http://loinc.org",
              "code": "14564-9",
              "display": "Hemoglobin.gastrointestinal [Presence] in Stool --2nd specimen"
            }
          ]
        },
        "subject": {
          "reference": "Patient/Patient-6536",
          "display": "Perry Ford Tran"
        },
        "context": {
          "reference": "Encounter/Encounter-1010",
          "display": "Cranston Family Medical"
        },
        "performedPeriod": {
          "start": "2026-10-12T09:36:36-04:00",
          "end": "2026-10-12T09:36:36-04:00"
        },
        "performer": [
          {
            "actor": {
              "reference": "Practitioner/Practitioner-2533",
              "display": "Lena Dickerson Ballard MD"
            }
          }
        ],
        "location": {
          "reference": "Location/Location-1106",
          "display": "Cranston Family Medical"
        }
      },
      "request": {
        "method": "PUT",
        "url": "http://localhost:8080/cqf-ruler/baseDstu3/Procedure/Procedure-238200"
      }
    },
    {
      "resource": {
        "resourceType": "Observation",
        "id": "Observation-238201",
        "status": "final",
        "code": {
          "coding": [
            {
              "system": "http://loinc.org",
              "code": "56490-6",
              "display": "Hemoglobin.gastrointestinal [Presence] in Stool by Immunologic method --2nd specimen"
            }
          ]
        },
        "subject": {
          "reference": "Patient/Patient-6536",
          "display": "Perry Ford Tran"
        },
        "context": {
          "reference": "Encounter/Encounter-1010",
          "display": "Cranston Family Medical"
        },
        "effectiveDateTime": "2026-10-12T09:36:36-04:00",
        "performer": [
          {
            "reference": "Practitioner/Practitioner-2533",
            "display": "Lena Dickerson Ballard MD"
          }
        ],
        "valueString": "NEGATIVE"
      },
      "request": {
        "method": "PUT",
        "url": "http://localhost:8080/cqf-ruler/baseDstu3/Observation/Observation-238201"
      }
    },
    {
      "resource": {
        "resourceType": "Observation",
        "id": "Observation-238202",
        "status": "final",
        "code": {
          "coding": [
            {
              "system": "http://loinc.org",
              "code": "8480-6",
              "display": "Systolic blood pressure"
            }
          ]
        },
        "subject": {
          "reference": "Patient/Patient-6536",
          "display": "Perry Ford Tran"
        },
        "context": {
          "reference": "Encounter/Encounter-1010",
          "display": "Cranston Family Medical"
        },
        "effectiveDateTime": "2026-10-12T09:36:36-04:00",
        "performer": [
          {
            "reference": "Practitioner/Practitioner-2533",
            "display": "Lena Dickerson Ballard MD"
          }
        ],
        "valueQuantity": {
          "value": 147.07642423137474,
          "unit": "mmHg"
        }
      },
      "request": {
        "method": "PUT",
        "url": "http://localhost:8080/cqf-ruler/baseDstu3/Observation/Observation-238202"
      }
    },
    {
      "resource": {
        "resourceType": "Observation",
        "id": "Observation-238203",
        "status": "final",
        "code": {
          "coding": [
            {
              "system": "http://loinc.org",
              "code": "8462-4",
              "display": "Diastolic blood pressure"
            }
          ]
        },
        "subject": {
          "reference": "Patient/Patient-6536",
          "display": "Perry Ford Tran"
        },
        "context": {
          "reference": "Encounter/Encounter-1010",
          "display": "Cranston Family Medical"
        },
        "effectiveDateTime": "2026-10-12T09:36:36-04:00",
        "performer": [
          {
            "reference": "Practitioner/Practitioner-2533",
            "display": "Lena Dickerson Ballard MD"
          }
        ],
        "valueQuantity": {
          "value": 68.32142169016923,
          "unit": "mmHg"
        }
      },
      "request": {
        "method": "PUT",
        "url": "http://localhost:8080/cqf-ruler/baseDstu3/Observation/Observation-238203"
      }
    },
    {
      "resource": {
        "resourceType": "Condition",
        "id": "Condition-238204",
        "clinicalStatus": "active",
        "verificationStatus": "confirmed",
        "code": {
          "coding": [
            {
              "system": "http://snomed.info/sct",
              "code": "56218007",
              "display": "Systolic hypertension"
            }
          ]
        },
        "subject": {
          "reference": "Patient/Patient-6536",
          "display": "Perry Ford Tran"
        },
        "context": {
          "reference": "Encounter/Encounter-1010",
          "display": "Cranston Family Medical"
        },
        "onsetDateTime": "2026-10-12T09:36:36-04:00",
        "assertedDate": "2026-10-12T09:36:36-04:00",
        "asserter": {
          "reference": "Practitioner/Practitioner-2533",
          "display": "Lena Dickerson Ballard MD"
        }
      },
      "request": {
        "method": "PUT",
        "url": "http://localhost:8080/cqf-ruler/baseDstu3/Condition/Condition-238204"
      }
    },
    {
      "resource": {
        "resourceType": "Observation",
        "id": "Observation-238205",
        "status": "final",
        "category": [
          {
            "coding": [
              {
                "system": "http://hl7.org/fhir/observation-category",
                "code": "vital-signs",
                "display": "vital-signs"
              }
            ]
          }
        ],
        "code": {
          "coding": [
            {
              "system": "http://loinc.org",
              "code": "8716-3",
              "display": "Vital Signs Panel"
            }
          ]
        },
        "subject": {
          "reference": "Patient/Patient-6536",
          "display": "Perry Ford Tran"
        },
        "context": {
          "reference": "Encounter/Encounter-1010",
          "display": "Cranston Family Medical"
        },
        "effectivePeriod": {
          "start": "2026-10-12T09:36:36-04:00",
          "end": "2026-10-12T09:36:36-04:00"
        },
        "valueQuantity": {
          "value": 68.32142169016923,
          "unit": "mmHg"
        },
        "component": [
          {
            "code": {
              "coding": [
                {
                  "system": "http://loinc.org",
                  "code": "8302-2",
                  "display": "Height"
                }
              ]
            }
          },
          {
            "code": {
              "coding": [
                {
                  "system": "http://loinc.org",
                  "code": "29463-7",
                  "display": "Weight"
                }
              ]
            }
          },
          {
            "code": {
              "coding": [
                {
                  "system": "http://loinc.org",
                  "code": "39156-5",
                  "display": "BMI"
                }
              ]
            }
          },
          {
            "code": {
              "coding": [
                {
                  "system": "http://loinc.org",
                  "code": "8310-5",
                  "display": "Temperature"
                }
              ]
            }
          },
          {
            "code": {
              "coding": [
                {
                  "system": "http://loinc.org",
                  "code": "8459-0",
                  "display": "Systolic Blood Pressure"
                }
              ]
            }
          },
          {
            "code": {
              "coding": [
                {
                  "system": "http://loinc.org",
                  "code": "8453-3",
                  "display": "Diastolic Blood Pressure"
                }
              ]
            }
          }
        ]
      },
      "request": {
        "method": "PUT",
        "url": "http://localhost:8080/cqf-ruler/baseDstu3/Observation/Observation-238205"
      }
    }
  ]
}