{
  "resourceType": "Bundle",
  "type": "transaction",
  "entry": [
    {
      "resource": {
        "resourceType": "Encounter",
        "id": "Encounter-241",
        "status": "finished",
        "class": {
          "system": "http://hl7.org/fhir/encounter-class",
          "code": "other",
          "display": "Other"
        },
        "subject": {
          "reference": "Patient/Patient-1131",
          "display": "Louise Foster Campbell"
        },
        "participant": [
          {
            "period": {
              "start": "2018-06-11T09:36:36-04:00",
              "end": "2018-06-11T09:36:36-04:00"
            },
            "individual": {
              "reference": "Practitioner/Practitioner-2527",
              "display": "Lee Chris Mejia MD"
            }
          }
        ],
        "period": {
          "start": "2018-06-11T09:36:36-04:00",
          "end": "2018-06-11T09:36:36-04:00"
        },
        "location": [
          {
            "location": {
              "reference": "Location/Location-1106",
              "display": "Cranston Family Medical"
            }
          }
        ],
        "serviceProvider": {
          "reference": "Organization/Organization-1106",
          "display": "Cranston Family Medical"
        }
      },
      "request": {
        "method": "PUT",
        "url": "http://localhost:8080/cqf-ruler/baseDstu3/Encounter/Encounter-241"
      }
    },
    {
      "resource": {
        "resourceType": "Immunization",
        "id": "Immunization-1568",
        "status": "completed",
        "notGiven": false,
        "vaccineCode": {
          "coding": [
            {
              "system": "http://hl7.org/fhir/sid/cvx",
              "code": "140",
              "display": "Influenza, seasonal, injectable, preservative free"
            }
          ]
        },
        "patient": {
          "reference": "Patient/Patient-1131",
          "display": "Louise Foster Campbell"
        },
        "date": "2018-06-05T09:36:36-04:00",
        "primarySource": true,
        "location": {
          "reference": "Location/Location-1106",
          "display": "Cranston Family Medical"
        },
        "practitioner": [
          {
            "actor": {
              "reference": "Practitioner/Practitioner-2527",
              "display": "Lee Chris Mejia MD"
            }
          }
        ]
      },
      "request": {
        "method": "PUT",
        "url": "http://localhost:8080/cqf-ruler/baseDstu3/Immunization/Immunization-1568"
      }
    },
    {
      "resource": {
        "resourceType": "Observation",
        "id": "Observation-21294",
        "status": "final",
        "code": {
          "coding": [
            {
              "system": "http://loinc.org",
              "code": "8480-6",
              "display": "Systolic blood pressure"
            }
          ]
        },
        "subject": {
          "reference": "Patient/Patient-1131",
          "display": "Louise Foster Campbell"
        },
        "context": {
          "reference": "Encounter/Encounter-241",
          "display": "Cranston Family Medical"
        },
        "effectiveDateTime": "2018-06-11T09:36:36-04:00",
        "performer": [
          {
            "reference": "Practitioner/Practitioner-2527",
            "display": "Lee Chris Mejia MD"
          }
        ],
        "valueQuantity": {
          "value": 154.91910313736236,
          "unit": "mmHg"
        }
      },
      "request": {
        "method": "PUT",
        "url": "http://localhost:8080/cqf-ruler/baseDstu3/Observation/Observation-21294"
      }
    },
    {
      "resource": {
        "resourceType": "Observation",
        "id": "Observation-21295",
        "status": "final",
        "code": {
          "coding": [
            {
              "system": "http://loinc.org",
              "code": "8462-4",
              "display": "Diastolic blood pressure"
            }
          ]
        },
        "subject": {
          "reference": "Patient/Patient-1131",
          "display": "Louise Foster Campbell"
        },
        "context": {
          "reference": "Encounter/Encounter-241",
          "display": "Cranston Family Medical"
        },
        "effectiveDateTime": "2018-06-11T09:36:36-04:00",
        "performer": [
          {
            "reference": "Practitioner/Practitioner-2527",
            "display": "Lee Chris Mejia MD"
          }
        ],
        "valueQuantity": {
          "value": 91.64460280321057,
          "unit": "mmHg"
        }
      },
      "request": {
        "method": "PUT",
        "url": "http://localhost:8080/cqf-ruler/baseDstu3/Observation/Observation-21295"
      }
    },
    {
      "resource": {
        "resourceType": "Condition",
        "id": "Condition-21296",
        "clinicalStatus": "active",
        "verificationStatus": "confirmed",
        "code": {
          "coding": [
            {
              "system": "http://snomed.info/sct",
              "code": "276789009",
              "display": "Labile hypertension"
            }
          ]
        },
        "subject": {
          "reference": "Patient/Patient-1131",
          "display": "Louise Foster Campbell"
        },
        "context": {
          "reference": "Encounter/Encounter-241",
          "display": "Cranston Family Medical"
        },
        "onsetDateTime": "2018-06-11T09:36:36-04:00",
        "assertedDate": "2018-06-11T09:36:36-04:00",
        "asserter": {
          "reference": "Practitioner/Practitioner-2527",
          "display": "Lee Chris Mejia MD"
        }
      },
      "request": {
        "method": "PUT",
        "url": "http://localhost:8080/cqf-ruler/baseDstu3/Condition/Condition-21296"
      }
    },
    {
      "resource": {
        "resourceType": "Observation",
        "id": "Observation-21297",
        "status": "final",
        "category": [
          {
            "coding": [
              {
                "system": "http://hl7.org/fhir/observation-category",
                "code": "vital-signs",
                "display": "vital-signs"
              }
            ]
          }
        ],
        "code": {
          "coding": [
            {
              "system": "http://loinc.org",
              "code": "8716-3",
              "display": "Vital Signs Panel"
            }
          ]
        },
        "subject": {
          "reference": "Patient/Patient-1131",
          "display": "Louise Foster Campbell"
        },
        "context": {
          "reference": "Encounter/Encounter-241",
          "display": "Cranston Family Medical"
        },
        "effectivePeriod": {
          "start": "2018-06-11T09:36:36-04:00",
          "end": "2018-06-11T09:36:36-04:00"
        },
        "valueQuantity": {
          "value": 91.64460280321057,
          "unit": "mmHg"
        },
        "component": [
          {
            "code": {
              "coding": [
                {
                  "system": "http://loinc.org",
                  "code": "8302-2",
                  "display": "Height"
                }
              ]
            }
          },
          {
            "code": {
              "coding": [
                {
                  "system": "http://loinc.org",
                  "code": "29463-7",
                  "display": "Weight"
                }
              ]
            }
          },
          {
            "code": {
              "coding": [
                {
                  "system": "http://loinc.org",
                  "code": "39156-5",
                  "display": "BMI"
                }
              ]
            }
          },
          {
            "code": {
              "coding": [
                {
                  "system": "http://loinc.org",
                  "code": "8310-5",
                  "display": "Temperature"
                }
              ]
            }
          },
          {
            "code": {
              "coding": [
                {
                  "system": "http://loinc.org",
                  "code": "8459-0",
                  "display": "Systolic Blood Pressure"
                }
              ]
            }
          },
          {
            "code": {
              "coding": [
                {
                  "system": "http://loinc.org",
                  "code": "8453-3",
                  "display": "Diastolic Blood Pressure"
                }
              ]
            }
          }
        ]
      },
      "request": {
        "method": "PUT",
        "url": "http://localhost:8080/cqf-ruler/baseDstu3/Observation/Observation-21297"
      }
    }
  ]
}