{
  "resourceType": "Bundle",
  "type": "transaction",
  "entry": [
    {
      "resource": {
        "resourceType": "Encounter",
        "id": "Encounter-1054",
        "status": "finished",
        "class": {
          "system": "http://hl7.org/fhir/encounter-class",
          "code": "other",
          "display": "Other"
        },
        "subject": {
          "reference": "Patient/Patient-6489",
          "display": "Kathy Howell Ware"
        },
        "participant": [
          {
            "period": {
              "start": "2027-05-10T09:36:36-04:00",
              "end": "2027-05-10T09:36:36-04:00"
            },
            "individual": {
              "reference": "Practitioner/Practitioner-2526",
              "display": "James Woodward Wilkins MD"
            }
          }
        ],
        "period": {
          "start": "2027-05-10T09:36:36-04:00",
          "end": "2027-05-10T09:36:36-04:00"
        },
        "location": [
          {
            "location": {
              "reference": "Location/Location-1105",
              "display": "Bayside Medical Group"
            }
          }
        ],
        "serviceProvider": {
          "reference": "Organization/Organization-1105",
          "display": "Bayside Medical Group"
        }
      },
      "request": {
        "method": "PUT",
        "url": "http://localhost:8080/cqf-ruler/baseDstu3/Encounter/Encounter-1054"
      }
    },
    {
      "resource": {
        "resourceType": "Immunization",
        "id": "Immunization-226435",
        "status": "completed",
        "notGiven": false,
        "vaccineCode": {
          "coding": [
            {
              "system": "http://hl7.org/fhir/sid/cvx",
              "code": "140",
              "display": "Influenza, seasonal, injectable, preservative free"
            }
          ]
        },
        "patient": {
          "reference": "Patient/Patient-6489",
          "display": "Kathy Howell Ware"
        },
        "date": "2027-05-04T09:36:36-04:00",
        "primarySource": true,
        "location": {
          "reference": "Location/Location-1105",
          "display": "Bayside Medical Group"
        },
        "practitioner": [
          {
            "actor": {
              "reference": "Practitioner/Practitioner-2526",
              "display": "James Woodward Wilkins MD"
            }
          }
        ]
      },
      "request": {
        "method": "PUT",
        "url": "http://localhost:8080/cqf-ruler/baseDstu3/Immunization/Immunization-226435"
      }
    },
    {
      "resource": {
        "resourceType": "Procedure",
        "id": "Procedure-252246",
        "status": "completed",
        "code": {
          "coding": [
            {
              "system": "http://loinc.org",
              "code": "27926-5",
              "display": "Hemoglobin.gastrointestinal [Presence] in Stool --8th specimen"
            }
          ]
        },
        "subject": {
          "reference": "Patient/Patient-6489",
          "display": "Kathy Howell Ware"
        },
        "context": {
          "reference": "Encounter/Encounter-1054",
          "display": "Bayside Medical Group"
        },
        "performedPeriod": {
          "start": "2027-05-10T09:36:36-04:00",
          "end": "2027-05-10T09:36:36-04:00"
        },
        "performer": [
          {
            "actor": {
              "reference": "Practitioner/Practitioner-2526",
              "display": "James Woodward Wilkins MD"
            }
          }
        ],
        "location": {
          "reference": "Location/Location-1105",
          "display": "Bayside Medical Group"
        }
      },
      "request": {
        "method": "PUT",
        "url": "http://localhost:8080/cqf-ruler/baseDstu3/Procedure/Procedure-252246"
      }
    },
    {
      "resource": {
        "resourceType": "Observation",
        "id": "Observation-252247",
        "status": "final",
        "code": {
          "coding": [
            {
              "system": "http://loinc.org",
              "code": "57905-2",
              "display": "Hemoglobin.gastrointestinal [Presence] in Stool by Immunologic method --1st specimen"
            }
          ]
        },
        "subject": {
          "reference": "Patient/Patient-6489",
          "display": "Kathy Howell Ware"
        },
        "context": {
          "reference": "Encounter/Encounter-1054",
          "display": "Bayside Medical Group"
        },
        "effectiveDateTime": "2027-05-10T09:36:36-04:00",
        "performer": [
          {
            "reference": "Practitioner/Practitioner-2526",
            "display": "James Woodward Wilkins MD"
          }
        ],
        "valueString": "NEGATIVE"
      },
      "request": {
        "method": "PUT",
        "url": "http://localhost:8080/cqf-ruler/baseDstu3/Observation/Observation-252247"
      }
    },
    {
      "resource": {
        "resourceType": "Observation",
        "id": "Observation-252248",
        "status": "final",
        "code": {
          "coding": [
            {
              "system": "http://loinc.org",
              "code": "8480-6",
              "display": "Systolic blood pressure"
            }
          ]
        },
        "subject": {
          "reference": "Patient/Patient-6489",
          "display": "Kathy Howell Ware"
        },
        "context": {
          "reference": "Encounter/Encounter-1054",
          "display": "Bayside Medical Group"
        },
        "effectiveDateTime": "2027-05-10T09:36:36-04:00",
        "performer": [
          {
            "reference": "Practitioner/Practitioner-2526",
            "display": "James Woodward Wilkins MD"
          }
        ],
        "valueQuantity": {
          "value": 137.4687216680153,
          "unit": "mmHg"
        }
      },
      "request": {
        "method": "PUT",
        "url": "http://localhost:8080/cqf-ruler/baseDstu3/Observation/Observation-252248"
      }
    },
    {
      "resource": {
        "resourceType": "Observation",
        "id": "Observation-252249",
        "status": "final",
        "code": {
          "coding": [
            {
              "system": "http://loinc.org",
              "code": "8462-4",
              "display": "Diastolic blood pressure"
            }
          ]
        },
        "subject": {
          "reference": "Patient/Patient-6489",
          "display": "Kathy Howell Ware"
        },
        "context": {
          "reference": "Encounter/Encounter-1054",
          "display": "Bayside Medical Group"
        },
        "effectiveDateTime": "2027-05-10T09:36:36-04:00",
        "performer": [
          {
            "reference": "Practitioner/Practitioner-2526",
            "display": "James Woodward Wilkins MD"
          }
        ],
        "valueQuantity": {
          "value": 67.88458336717638,
          "unit": "mmHg"
        }
      },
      "request": {
        "method": "PUT",
        "url": "http://localhost:8080/cqf-ruler/baseDstu3/Observation/Observation-252249"
      }
    },
    {
      "resource": {
        "resourceType": "Observation",
        "id": "Observation-252250",
        "status": "final",
        "category": [
          {
            "coding": [
              {
                "system": "http://hl7.org/fhir/observation-category",
                "code": "vital-signs",
                "display": "vital-signs"
              }
            ]
          }
        ],
        "code": {
          "coding": [
            {
              "system": "http://loinc.org",
              "code": "8716-3",
              "display": "Vital Signs Panel"
            }
          ]
        },
        "subject": {
          "reference": "Patient/Patient-6489",
          "display": "Kathy Howell Ware"
        },
        "context": {
          "reference": "Encounter/Encounter-1054",
          "display": "Bayside Medical Group"
        },
        "effectivePeriod": {
          "start": "2027-05-10T09:36:36-04:00",
          "end": "2027-05-10T09:36:36-04:00"
        },
        "valueQuantity": {
          "value": 67.88458336717638,
          "unit": "mmHg"
        },
        "component": [
          {
            "code": {
              "coding": [
                {
                  "system": "http://loinc.org",
                  "code": "8302-2",
                  "display": "Height"
                }
              ]
            }
          },
          {
            "code": {
              "coding": [
                {
                  "system": "http://loinc.org",
                  "code": "29463-7",
                  "display": "Weight"
                }
              ]
            }
          },
          {
            "code": {
              "coding": [
                {
                  "system": "http://loinc.org",
                  "code": "39156-5",
                  "display": "BMI"
                }
              ]
            }
          },
          {
            "code": {
              "coding": [
                {
                  "system": "http://loinc.org",
                  "code": "8310-5",
                  "display": "Temperature"
                }
              ]
            }
          },
          {
            "code": {
              "coding": [
                {
                  "system": "http://loinc.org",
                  "code": "8459-0",
                  "display": "Systolic Blood Pressure"
                }
              ]
            }
          },
          {
            "code": {
              "coding": [
                {
                  "system": "http://loinc.org",
                  "code": "8453-3",
                  "display": "Diastolic Blood Pressure"
                }
              ]
            }
          }
        ]
      },
      "request": {
        "method": "PUT",
        "url": "http://localhost:8080/cqf-ruler/baseDstu3/Observation/Observation-252250"
      }
    }
  ]
}