{
  "resourceType": "Bundle",
  "type": "transaction",
  "entry": [
    {
      "resource": {
        "resourceType": "Encounter",
        "id": "Encounter-589",
        "status": "finished",
        "class": {
          "system": "http://hl7.org/fhir/encounter-class",
          "code": "other",
          "display": "Other"
        },
        "subject": {
          "reference": "Patient/Patient-6547",
          "display": "Jordan Webb Moses Jr"
        },
        "participant": [
          {
            "period": {
              "start": "2021-01-03T09:36:36-05:00",
              "end": "2021-01-04T09:36:36-05:00"
            },
            "individual": {
              "reference": "Practitioner/Practitioner-2530",
              "display": "Terrence Ramirez McCormick MD"
            }
          }
        ],
        "period": {
          "start": "2021-01-03T09:36:36-05:00",
          "end": "2021-01-04T09:36:36-05:00"
        },
        "location": [
          {
            "location": {
              "reference": "Location/Location-1001",
              "display": "Windward General Hospital"
            }
          }
        ],
        "serviceProvider": {
          "reference": "Organization/Organization-1001",
          "display": "Windward General Hospital"
        }
      },
      "request": {
        "method": "PUT",
        "url": "http://localhost:8080/cqf-ruler/baseDstu3/Encounter/Encounter-589"
      }
    },
    {
      "resource": {
        "resourceType": "Procedure",
        "id": "Procedure-88542",
        "status": "completed",
        "code": {
          "coding": [
            {
              "system": "https://www.cms.gov/Medicare/Coding/MedHCPCSGenInfo/index.html",
              "code": "G0104",
              "display": "Colorectal cancer screening; flexible sigmoidoscopy"
            }
          ]
        },
        "subject": {
          "reference": "Patient/Patient-6547",
          "display": "Jordan Webb Moses Jr"
        },
        "context": {
          "reference": "Encounter/Encounter-589",
          "display": "Windward General Hospital"
        },
        "performedPeriod": {
          "start": "2021-01-03T09:36:36-05:00",
          "end": "2021-01-03T09:36:36-05:00"
        },
        "performer": [
          {
            "actor": {
              "reference": "Practitioner/Practitioner-2530",
              "display": "Terrence Ramirez McCormick MD"
            }
          }
        ],
        "location": {
          "reference": "Location/Location-1001",
          "display": "Windward General Hospital"
        }
      },
      "request": {
        "method": "PUT",
        "url": "http://localhost:8080/cqf-ruler/baseDstu3/Procedure/Procedure-88542"
      }
    },
    {
      "resource": {
        "resourceType": "Condition",
        "id": "Condition-88543",
        "clinicalStatus": "active",
        "verificationStatus": "confirmed",
        "code": {
          "coding": [
            {
              "system": "http://snomed.info/sct",
              "code": "363410008",
              "display": "Malignant tumor of sigmoid colon"
            }
          ]
        },
        "subject": {
          "reference": "Patient/Patient-6547",
          "display": "Jordan Webb Moses Jr"
        },
        "context": {
          "reference": "Encounter/Encounter-589",
          "display": "Windward General Hospital"
        },
        "onsetDateTime": "2021-01-03T09:36:36-05:00",
        "assertedDate": "2021-01-03T09:36:36-05:00",
        "asserter": {
          "reference": "Practitioner/Practitioner-2530",
          "display": "Terrence Ramirez McCormick MD"
        }
      },
      "request": {
        "method": "PUT",
        "url": "http://localhost:8080/cqf-ruler/baseDstu3/Condition/Condition-88543"
      }
    },
    {
      "resource": {
        "resourceType": "Observation",
        "id": "Observation-88544",
        "status": "final",
        "code": {
          "coding": [
            {
              "system": "http://www.ama-assn.org/go/cpt",
              "code": "45339",
              "display": "Sigmoidoscopy, flexible; with ablation of tumor(s), polyp(s), or other lesion(s) not amenable to removal by hot biopsy forceps, bipolar cautery or snare technique"
            }
          ]
        },
        "subject": {
          "reference": "Patient/Patient-6547",
          "display": "Jordan Webb Moses Jr"
        },
        "context": {
          "reference": "Encounter/Encounter-589",
          "display": "Windward General Hospital"
        },
        "effectiveDateTime": "2021-01-03T09:36:36-05:00",
        "performer": [
          {
            "reference": "Practitioner/Practitioner-2530",
            "display": "Terrence Ramirez McCormick MD"
          }
        ],
        "valueString": "POSITIVE"
      },
      "request": {
        "method": "PUT",
        "url": "http://localhost:8080/cqf-ruler/baseDstu3/Observation/Observation-88544"
      }
    },
    {
      "resource": {
        "resourceType": "Observation",
        "id": "Observation-88546",
        "status": "final",
        "category": [
          {
            "coding": [
              {
                "system": "http://hl7.org/fhir/observation-category",
                "code": "vital-signs",
                "display": "vital-signs"
              }
            ]
          }
        ],
        "code": {
          "coding": [
            {
              "system": "http://loinc.org",
              "code": "8716-3",
              "display": "Vital Signs Panel"
            }
          ]
        },
        "subject": {
          "reference": "Patient/Patient-6547",
          "display": "Jordan Webb Moses Jr"
        },
        "context": {
          "reference": "Encounter/Encounter-589",
          "display": "Windward General Hospital"
        },
        "effectivePeriod": {
          "start": "2021-01-04T09:36:36-05:00",
          "end": "2021-01-04T09:36:36-05:00"
        },
        "valueQuantity": {
          "value": 91.45625616967354,
          "unit": "mmHg"
        },
        "component": [
          {
            "code": {
              "coding": [
                {
                  "system": "http://loinc.org",
                  "code": "8302-2",
                  "display": "Height"
                }
              ]
            }
          },
          {
            "code": {
              "coding": [
                {
                  "system": "http://loinc.org",
                  "code": "29463-7",
                  "display": "Weight"
                }
              ]
            }
          },
          {
            "code": {
              "coding": [
                {
                  "system": "http://loinc.org",
                  "code": "39156-5",
                  "display": "BMI"
                }
              ]
            }
          },
          {
            "code": {
              "coding": [
                {
                  "system": "http://loinc.org",
                  "code": "8310-5",
                  "display": "Temperature"
                }
              ]
            }
          },
          {
            "code": {
              "coding": [
                {
                  "system": "http://loinc.org",
                  "code": "8459-0",
                  "display": "Systolic Blood Pressure"
                }
              ]
            }
          },
          {
            "code": {
              "coding": [
                {
                  "system": "http://loinc.org",
                  "code": "8453-3",
                  "display": "Diastolic Blood Pressure"
                }
              ]
            }
          }
        ]
      },
      "request": {
        "method": "PUT",
        "url": "http://localhost:8080/cqf-ruler/baseDstu3/Observation/Observation-88546"
      }
    }
  ]
}