{
  "resourceType": "Bundle",
  "type": "transaction",
  "entry": [
    {
      "resource": {
        "resourceType": "Encounter",
        "id": "Encounter-471",
        "status": "finished",
        "class": {
          "system": "http://hl7.org/fhir/encounter-class",
          "code": "other",
          "display": "Other"
        },
        "subject": {
          "reference": "Patient/Patient-1154",
          "display": "George Clay Tullison"
        },
        "participant": [
          {
            "period": {
              "start": "2020-09-07T09:36:36-04:00",
              "end": "2020-09-07T09:36:36-04:00"
            },
            "individual": {
              "reference": "Practitioner/Practitioner-2516",
              "display": "Agnes Tammy Larson MD"
            }
          }
        ],
        "period": {
          "start": "2020-09-07T09:36:36-04:00",
          "end": "2020-09-07T09:36:36-04:00"
        },
        "location": [
          {
            "location": {
              "reference": "Location/Location-1101",
              "display": "McKinley Health Center"
            }
          }
        ],
        "serviceProvider": {
          "reference": "Organization/Organization-1101",
          "display": "McKinley Health Center"
        }
      },
      "request": {
        "method": "PUT",
        "url": "http://localhost:8080/cqf-ruler/baseDstu3/Encounter/Encounter-471"
      }
    },
    {
      "resource": {
        "resourceType": "Immunization",
        "id": "Immunization-52709",
        "status": "completed",
        "notGiven": false,
        "vaccineCode": {
          "coding": [
            {
              "system": "http://hl7.org/fhir/sid/cvx",
              "code": "140",
              "display": "Influenza, seasonal, injectable, preservative free"
            }
          ]
        },
        "patient": {
          "reference": "Patient/Patient-1154",
          "display": "George Clay Tullison"
        },
        "date": "2020-09-01T09:36:36-04:00",
        "primarySource": true,
        "location": {
          "reference": "Location/Location-1101",
          "display": "McKinley Health Center"
        },
        "practitioner": [
          {
            "actor": {
              "reference": "Practitioner/Practitioner-2516",
              "display": "Agnes Tammy Larson MD"
            }
          }
        ]
      },
      "request": {
        "method": "PUT",
        "url": "http://localhost:8080/cqf-ruler/baseDstu3/Immunization/Immunization-52709"
      }
    },
    {
      "resource": {
        "resourceType": "Immunization",
        "id": "Immunization-52710",
        "status": "completed",
        "notGiven": false,
        "vaccineCode": {
          "coding": [
            {
              "system": "http://hl7.org/fhir/sid/cvx",
              "code": "133",
              "display": "Pneumococcal conjugate PCV 13"
            }
          ]
        },
        "patient": {
          "reference": "Patient/Patient-1154",
          "display": "George Clay Tullison"
        },
        "date": "2020-09-01T09:36:36-04:00",
        "primarySource": true,
        "location": {
          "reference": "Location/Location-1101",
          "display": "McKinley Health Center"
        },
        "practitioner": [
          {
            "actor": {
              "reference": "Practitioner/Practitioner-2516",
              "display": "Agnes Tammy Larson MD"
            }
          }
        ]
      },
      "request": {
        "method": "PUT",
        "url": "http://localhost:8080/cqf-ruler/baseDstu3/Immunization/Immunization-52710"
      }
    },
    {
      "resource": {
        "resourceType": "Procedure",
        "id": "Procedure-79621",
        "status": "completed",
        "code": {
          "coding": [
            {
              "system": "http://loinc.org",
              "code": "14564-9",
              "display": "Hemoglobin.gastrointestinal [Presence] in Stool --2nd specimen"
            }
          ]
        },
        "subject": {
          "reference": "Patient/Patient-1154",
          "display": "George Clay Tullison"
        },
        "context": {
          "reference": "Encounter/Encounter-471",
          "display": "McKinley Health Center"
        },
        "performedPeriod": {
          "start": "2020-09-07T09:36:36-04:00",
          "end": "2020-09-07T09:36:36-04:00"
        },
        "performer": [
          {
            "actor": {
              "reference": "Practitioner/Practitioner-2516",
              "display": "Agnes Tammy Larson MD"
            }
          }
        ],
        "location": {
          "reference": "Location/Location-1101",
          "display": "McKinley Health Center"
        }
      },
      "request": {
        "method": "PUT",
        "url": "http://localhost:8080/cqf-ruler/baseDstu3/Procedure/Procedure-79621"
      }
    },
    {
      "resource": {
        "resourceType": "Observation",
        "id": "Observation-79622",
        "status": "final",
        "code": {
          "coding": [
            {
              "system": "http://loinc.org",
              "code": "27926-5",
              "display": "Hemoglobin.gastrointestinal [Presence] in Stool --8th specimen"
            }
          ]
        },
        "subject": {
          "reference": "Patient/Patient-1154",
          "display": "George Clay Tullison"
        },
        "context": {
          "reference": "Encounter/Encounter-471",
          "display": "McKinley Health Center"
        },
        "effectiveDateTime": "2020-09-07T09:36:36-04:00",
        "performer": [
          {
            "reference": "Practitioner/Practitioner-2516",
            "display": "Agnes Tammy Larson MD"
          }
        ],
        "valueString": "NEGATIVE"
      },
      "request": {
        "method": "PUT",
        "url": "http://localhost:8080/cqf-ruler/baseDstu3/Observation/Observation-79622"
      }
    },
    {
      "resource": {
        "resourceType": "Observation",
        "id": "Observation-79623",
        "status": "final",
        "code": {
          "coding": [
            {
              "system": "http://loinc.org",
              "code": "8480-6",
              "display": "Systolic blood pressure"
            }
          ]
        },
        "subject": {
          "reference": "Patient/Patient-1154",
          "display": "George Clay Tullison"
        },
        "context": {
          "reference": "Encounter/Encounter-471",
          "display": "McKinley Health Center"
        },
        "effectiveDateTime": "2020-09-07T09:36:36-04:00",
        "performer": [
          {
            "reference": "Practitioner/Practitioner-2516",
            "display": "Agnes Tammy Larson MD"
          }
        ],
        "valueQuantity": {
          "value": 164.9733958046584,
          "unit": "mmHg"
        }
      },
      "request": {
        "method": "PUT",
        "url": "http://localhost:8080/cqf-ruler/baseDstu3/Observation/Observation-79623"
      }
    },
    {
      "resource": {
        "resourceType": "Observation",
        "id": "Observation-79624",
        "status": "final",
        "code": {
          "coding": [
            {
              "system": "http://loinc.org",
              "code": "8462-4",
              "display": "Diastolic blood pressure"
            }
          ]
        },
        "subject": {
          "reference": "Patient/Patient-1154",
          "display": "George Clay Tullison"
        },
        "context": {
          "reference": "Encounter/Encounter-471",
          "display": "McKinley Health Center"
        },
        "effectiveDateTime": "2020-09-07T09:36:36-04:00",
        "performer": [
          {
            "reference": "Practitioner/Practitioner-2516",
            "display": "Agnes Tammy Larson MD"
          }
        ],
        "valueQuantity": {
          "value": 78.63263659480451,
          "unit": "mmHg"
        }
      },
      "request": {
        "method": "PUT",
        "url": "http://localhost:8080/cqf-ruler/baseDstu3/Observation/Observation-79624"
      }
    },
    {
      "resource": {
        "resourceType": "Condition",
        "id": "Condition-79625",
        "clinicalStatus": "active",
        "verificationStatus": "confirmed",
        "code": {
          "coding": [
            {
              "system": "http://hl7.org/fhir/sid/icd-9-cm",
              "code": "401.0",
              "display": "Malignant essential hypertension"
            }
          ]
        },
        "subject": {
          "reference": "Patient/Patient-1154",
          "display": "George Clay Tullison"
        },
        "context": {
          "reference": "Encounter/Encounter-471",
          "display": "McKinley Health Center"
        },
        "onsetDateTime": "2020-09-07T09:36:36-04:00",
        "assertedDate": "2020-09-07T09:36:36-04:00",
        "asserter": {
          "reference": "Practitioner/Practitioner-2516",
          "display": "Agnes Tammy Larson MD"
        }
      },
      "request": {
        "method": "PUT",
        "url": "http://localhost:8080/cqf-ruler/baseDstu3/Condition/Condition-79625"
      }
    },
    {
      "resource": {
        "resourceType": "Observation",
        "id": "Observation-79626",
        "status": "final",
        "category": [
          {
            "coding": [
              {
                "system": "http://hl7.org/fhir/observation-category",
                "code": "vital-signs",
                "display": "vital-signs"
              }
            ]
          }
        ],
        "code": {
          "coding": [
            {
              "system": "http://loinc.org",
              "code": "8716-3",
              "display": "Vital Signs Panel"
            }
          ]
        },
        "subject": {
          "reference": "Patient/Patient-1154",
          "display": "George Clay Tullison"
        },
        "context": {
          "reference": "Encounter/Encounter-471",
          "display": "McKinley Health Center"
        },
        "effectivePeriod": {
          "start": "2020-09-07T09:36:36-04:00",
          "end": "2020-09-07T09:36:36-04:00"
        },
        "valueQuantity": {
          "value": 78.63263659480451,
          "unit": "mmHg"
        },
        "component": [
          {
            "code": {
              "coding": [
                {
                  "system": "http://loinc.org",
                  "code": "8302-2",
                  "display": "Height"
                }
              ]
            }
          },
          {
            "code": {
              "coding": [
                {
                  "system": "http://loinc.org",
                  "code": "29463-7",
                  "display": "Weight"
                }
              ]
            }
          },
          {
            "code": {
              "coding": [
                {
                  "system": "http://loinc.org",
                  "code": "39156-5",
                  "display": "BMI"
                }
              ]
            }
          },
          {
            "code": {
              "coding": [
                {
                  "system": "http://loinc.org",
                  "code": "8310-5",
                  "display": "Temperature"
                }
              ]
            }
          },
          {
            "code": {
              "coding": [
                {
                  "system": "http://loinc.org",
                  "code": "8459-0",
                  "display": "Systolic Blood Pressure"
                }
              ]
            }
          },
          {
            "code": {
              "coding": [
                {
                  "system": "http://loinc.org",
                  "code": "8453-3",
                  "display": "Diastolic Blood Pressure"
                }
              ]
            }
          }
        ]
      },
      "request": {
        "method": "PUT",
        "url": "http://localhost:8080/cqf-ruler/baseDstu3/Observation/Observation-79626"
      }
    }
  ]
}