{
  "resourceType": "Bundle",
  "type": "transaction",
  "entry": [
    {
      "resource": {
        "resourceType": "Encounter",
        "id": "Encounter-212",
        "status": "finished",
        "class": {
          "system": "http://hl7.org/fhir/encounter-class",
          "code": "other",
          "display": "Other"
        },
        "subject": {
          "reference": "Patient/Patient-6488",
          "display": "Erica Ortega Lam"
        },
        "participant": [
          {
            "period": {
              "start": "2018-08-20T09:36:36-04:00",
              "end": "2018-08-20T09:36:36-04:00"
            },
            "individual": {
              "reference": "Practitioner/Practitioner-2525",
              "display": "Kyle Christian Ballard MD"
            }
          }
        ],
        "period": {
          "start": "2018-08-20T09:36:36-04:00",
          "end": "2018-08-20T09:36:36-04:00"
        },
        "location": [
          {
            "location": {
              "reference": "Location/Location-1104",
              "display": "Bay Area Family Practice"
            }
          }
        ],
        "serviceProvider": {
          "reference": "Organization/Organization-1104",
          "display": "Bay Area Family Practice"
        }
      },
      "request": {
        "method": "PUT",
        "url": "http://localhost:8080/cqf-ruler/baseDstu3/Encounter/Encounter-212"
      }
    },
    {
      "resource": {
        "resourceType": "Immunization",
        "id": "Immunization-819",
        "status": "completed",
        "notGiven": false,
        "vaccineCode": {
          "coding": [
            {
              "system": "http://hl7.org/fhir/sid/cvx",
              "code": "140",
              "display": "Influenza, seasonal, injectable, preservative free"
            }
          ]
        },
        "patient": {
          "reference": "Patient/Patient-6488",
          "display": "Erica Ortega Lam"
        },
        "date": "2018-08-14T09:36:36-04:00",
        "primarySource": true,
        "location": {
          "reference": "Location/Location-1104",
          "display": "Bay Area Family Practice"
        },
        "practitioner": [
          {
            "actor": {
              "reference": "Practitioner/Practitioner-2525",
              "display": "Kyle Christian Ballard MD"
            }
          }
        ]
      },
      "request": {
        "method": "PUT",
        "url": "http://localhost:8080/cqf-ruler/baseDstu3/Immunization/Immunization-819"
      }
    },
    {
      "resource": {
        "resourceType": "Immunization",
        "id": "Immunization-820",
        "status": "completed",
        "notGiven": false,
        "vaccineCode": {
          "coding": [
            {
              "system": "http://hl7.org/fhir/sid/cvx",
              "code": "113",
              "display": "Td (adult) preservative free"
            }
          ]
        },
        "patient": {
          "reference": "Patient/Patient-6488",
          "display": "Erica Ortega Lam"
        },
        "date": "2018-08-14T09:36:36-04:00",
        "primarySource": true,
        "location": {
          "reference": "Location/Location-1104",
          "display": "Bay Area Family Practice"
        },
        "practitioner": [
          {
            "actor": {
              "reference": "Practitioner/Practitioner-2525",
              "display": "Kyle Christian Ballard MD"
            }
          }
        ]
      },
      "request": {
        "method": "PUT",
        "url": "http://localhost:8080/cqf-ruler/baseDstu3/Immunization/Immunization-820"
      }
    },
    {
      "resource": {
        "resourceType": "Procedure",
        "id": "Procedure-26537",
        "status": "completed",
        "code": {
          "coding": [
            {
              "system": "http://loinc.org",
              "code": "2335-8",
              "display": "Hemoglobin.gastrointestinal [Presence] in Stool"
            }
          ]
        },
        "subject": {
          "reference": "Patient/Patient-6488",
          "display": "Erica Ortega Lam"
        },
        "context": {
          "reference": "Encounter/Encounter-212",
          "display": "Bay Area Family Practice"
        },
        "performedPeriod": {
          "start": "2018-08-20T09:36:36-04:00",
          "end": "2018-08-20T09:36:36-04:00"
        },
        "performer": [
          {
            "actor": {
              "reference": "Practitioner/Practitioner-2525",
              "display": "Kyle Christian Ballard MD"
            }
          }
        ],
        "location": {
          "reference": "Location/Location-1104",
          "display": "Bay Area Family Practice"
        }
      },
      "request": {
        "method": "PUT",
        "url": "http://localhost:8080/cqf-ruler/baseDstu3/Procedure/Procedure-26537"
      }
    },
    {
      "resource": {
        "resourceType": "Observation",
        "id": "Observation-26538",
        "status": "final",
        "code": {
          "coding": [
            {
              "system": "http://loinc.org",
              "code": "56491-4",
              "display": "Hemoglobin.gastrointestinal [Presence] in Stool by Immunologic method --3rd specimen"
            }
          ]
        },
        "subject": {
          "reference": "Patient/Patient-6488",
          "display": "Erica Ortega Lam"
        },
        "context": {
          "reference": "Encounter/Encounter-212",
          "display": "Bay Area Family Practice"
        },
        "effectiveDateTime": "2018-08-20T09:36:36-04:00",
        "performer": [
          {
            "reference": "Practitioner/Practitioner-2525",
            "display": "Kyle Christian Ballard MD"
          }
        ],
        "valueString": "NEGATIVE"
      },
      "request": {
        "method": "PUT",
        "url": "http://localhost:8080/cqf-ruler/baseDstu3/Observation/Observation-26538"
      }
    },
    {
      "resource": {
        "resourceType": "Observation",
        "id": "Observation-26539",
        "status": "final",
        "code": {
          "coding": [
            {
              "system": "http://loinc.org",
              "code": "8480-6",
              "display": "Systolic blood pressure"
            }
          ]
        },
        "subject": {
          "reference": "Patient/Patient-6488",
          "display": "Erica Ortega Lam"
        },
        "context": {
          "reference": "Encounter/Encounter-212",
          "display": "Bay Area Family Practice"
        },
        "effectiveDateTime": "2018-08-20T09:36:36-04:00",
        "performer": [
          {
            "reference": "Practitioner/Practitioner-2525",
            "display": "Kyle Christian Ballard MD"
          }
        ],
        "valueQuantity": {
          "value": 161.9684089661754,
          "unit": "mmHg"
        }
      },
      "request": {
        "method": "PUT",
        "url": "http://localhost:8080/cqf-ruler/baseDstu3/Observation/Observation-26539"
      }
    },
    {
      "resource": {
        "resourceType": "Observation",
        "id": "Observation-26540",
        "status": "final",
        "code": {
          "coding": [
            {
              "system": "http://loinc.org",
              "code": "8462-4",
              "display": "Diastolic blood pressure"
            }
          ]
        },
        "subject": {
          "reference": "Patient/Patient-6488",
          "display": "Erica Ortega Lam"
        },
        "context": {
          "reference": "Encounter/Encounter-212",
          "display": "Bay Area Family Practice"
        },
        "effectiveDateTime": "2018-08-20T09:36:36-04:00",
        "performer": [
          {
            "reference": "Practitioner/Practitioner-2525",
            "display": "Kyle Christian Ballard MD"
          }
        ],
        "valueQuantity": {
          "value": 77.15292278065289,
          "unit": "mmHg"
        }
      },
      "request": {
        "method": "PUT",
        "url": "http://localhost:8080/cqf-ruler/baseDstu3/Observation/Observation-26540"
      }
    },
    {
      "resource": {
        "resourceType": "Condition",
        "id": "Condition-26541",
        "clinicalStatus": "active",
        "verificationStatus": "confirmed",
        "code": {
          "coding": [
            {
              "system": "http://snomed.info/sct",
              "code": "78975002",
              "display": "Malignant essential hypertension"
            }
          ]
        },
        "subject": {
          "reference": "Patient/Patient-6488",
          "display": "Erica Ortega Lam"
        },
        "context": {
          "reference": "Encounter/Encounter-212",
          "display": "Bay Area Family Practice"
        },
        "onsetDateTime": "2018-08-20T09:36:36-04:00",
        "assertedDate": "2018-08-20T09:36:36-04:00",
        "asserter": {
          "reference": "Practitioner/Practitioner-2525",
          "display": "Kyle Christian Ballard MD"
        }
      },
      "request": {
        "method": "PUT",
        "url": "http://localhost:8080/cqf-ruler/baseDstu3/Condition/Condition-26541"
      }
    },
    {
      "resource": {
        "resourceType": "Observation",
        "id": "Observation-26542",
        "status": "final",
        "category": [
          {
            "coding": [
              {
                "system": "http://hl7.org/fhir/observation-category",
                "code": "vital-signs",
                "display": "vital-signs"
              }
            ]
          }
        ],
        "code": {
          "coding": [
            {
              "system": "http://loinc.org",
              "code": "8716-3",
              "display": "Vital Signs Panel"
            }
          ]
        },
        "subject": {
          "reference": "Patient/Patient-6488",
          "display": "Erica Ortega Lam"
        },
        "context": {
          "reference": "Encounter/Encounter-212",
          "display": "Bay Area Family Practice"
        },
        "effectivePeriod": {
          "start": "2018-08-20T09:36:36-04:00",
          "end": "2018-08-20T09:36:36-04:00"
        },
        "valueQuantity": {
          "value": 77.15292278065289,
          "unit": "mmHg"
        },
        "component": [
          {
            "code": {
              "coding": [
                {
                  "system": "http://loinc.org",
                  "code": "8302-2",
                  "display": "Height"
                }
              ]
            }
          },
          {
            "code": {
              "coding": [
                {
                  "system": "http://loinc.org",
                  "code": "29463-7",
                  "display": "Weight"
                }
              ]
            }
          },
          {
            "code": {
              "coding": [
                {
                  "system": "http://loinc.org",
                  "code": "39156-5",
                  "display": "BMI"
                }
              ]
            }
          },
          {
            "code": {
              "coding": [
                {
                  "system": "http://loinc.org",
                  "code": "8310-5",
                  "display": "Temperature"
                }
              ]
            }
          },
          {
            "code": {
              "coding": [
                {
                  "system": "http://loinc.org",
                  "code": "8459-0",
                  "display": "Systolic Blood Pressure"
                }
              ]
            }
          },
          {
            "code": {
              "coding": [
                {
                  "system": "http://loinc.org",
                  "code": "8453-3",
                  "display": "Diastolic Blood Pressure"
                }
              ]
            }
          }
        ]
      },
      "request": {
        "method": "PUT",
        "url": "http://localhost:8080/cqf-ruler/baseDstu3/Observation/Observation-26542"
      }
    }
  ]
}