{
  "resourceType": "Bundle",
  "type": "transaction",
  "entry": [
    {
      "resource": {
        "resourceType": "Encounter",
        "id": "Encounter-1042",
        "status": "finished",
        "class": {
          "system": "http://hl7.org/fhir/encounter-class",
          "code": "other",
          "display": "Other"
        },
        "subject": {
          "reference": "Patient/Patient-6502",
          "display": "Russell Jamie Henderson Jr"
        },
        "participant": [
          {
            "period": {
              "start": "2027-03-08T09:36:36-05:00",
              "end": "2027-03-08T09:36:36-05:00"
            },
            "individual": {
              "reference": "Practitioner/Practitioner-2519",
              "display": "Stanley Jason Garrett MD"
            }
          }
        ],
        "period": {
          "start": "2027-03-08T09:36:36-05:00",
          "end": "2027-03-08T09:36:36-05:00"
        },
        "location": [
          {
            "location": {
              "reference": "Location/Location-1104",
              "display": "Bay Area Family Practice"
            }
          }
        ],
        "serviceProvider": {
          "reference": "Organization/Organization-1104",
          "display": "Bay Area Family Practice"
        }
      },
      "request": {
        "method": "PUT",
        "url": "http://localhost:8080/cqf-ruler/baseDstu3/Encounter/Encounter-1042"
      }
    },
    {
      "resource": {
        "resourceType": "Immunization",
        "id": "Immunization-220999",
        "status": "completed",
        "notGiven": false,
        "vaccineCode": {
          "coding": [
            {
              "system": "http://hl7.org/fhir/sid/cvx",
              "code": "140",
              "display": "Influenza, seasonal, injectable, preservative free"
            }
          ]
        },
        "patient": {
          "reference": "Patient/Patient-6502",
          "display": "Russell Jamie Henderson Jr"
        },
        "date": "2027-03-02T09:36:36-05:00",
        "primarySource": true,
        "location": {
          "reference": "Location/Location-1104",
          "display": "Bay Area Family Practice"
        },
        "practitioner": [
          {
            "actor": {
              "reference": "Practitioner/Practitioner-2519",
              "display": "Stanley Jason Garrett MD"
            }
          }
        ]
      },
      "request": {
        "method": "PUT",
        "url": "http://localhost:8080/cqf-ruler/baseDstu3/Immunization/Immunization-220999"
      }
    },
    {
      "resource": {
        "resourceType": "Procedure",
        "id": "Procedure-248514",
        "status": "completed",
        "code": {
          "coding": [
            {
              "system": "http://loinc.org",
              "code": "14565-6",
              "display": "Hemoglobin.gastrointestinal [Presence] in Stool --3rd specimen"
            }
          ]
        },
        "subject": {
          "reference": "Patient/Patient-6502",
          "display": "Russell Jamie Henderson Jr"
        },
        "context": {
          "reference": "Encounter/Encounter-1042",
          "display": "Bay Area Family Practice"
        },
        "performedPeriod": {
          "start": "2027-03-08T09:36:36-05:00",
          "end": "2027-03-08T09:36:36-05:00"
        },
        "performer": [
          {
            "actor": {
              "reference": "Practitioner/Practitioner-2519",
              "display": "Stanley Jason Garrett MD"
            }
          }
        ],
        "location": {
          "reference": "Location/Location-1104",
          "display": "Bay Area Family Practice"
        }
      },
      "request": {
        "method": "PUT",
        "url": "http://localhost:8080/cqf-ruler/baseDstu3/Procedure/Procedure-248514"
      }
    },
    {
      "resource": {
        "resourceType": "Observation",
        "id": "Observation-248515",
        "status": "final",
        "code": {
          "coding": [
            {
              "system": "http://loinc.org",
              "code": "12503-9",
              "display": "Hemoglobin.gastrointestinal [Presence] in Stool --4th specimen"
            }
          ]
        },
        "subject": {
          "reference": "Patient/Patient-6502",
          "display": "Russell Jamie Henderson Jr"
        },
        "context": {
          "reference": "Encounter/Encounter-1042",
          "display": "Bay Area Family Practice"
        },
        "effectiveDateTime": "2027-03-08T09:36:36-05:00",
        "performer": [
          {
            "reference": "Practitioner/Practitioner-2519",
            "display": "Stanley Jason Garrett MD"
          }
        ],
        "valueString": "NEGATIVE"
      },
      "request": {
        "method": "PUT",
        "url": "http://localhost:8080/cqf-ruler/baseDstu3/Observation/Observation-248515"
      }
    },
    {
      "resource": {
        "resourceType": "Observation",
        "id": "Observation-248516",
        "status": "final",
        "code": {
          "coding": [
            {
              "system": "http://loinc.org",
              "code": "8480-6",
              "display": "Systolic blood pressure"
            }
          ]
        },
        "subject": {
          "reference": "Patient/Patient-6502",
          "display": "Russell Jamie Henderson Jr"
        },
        "context": {
          "reference": "Encounter/Encounter-1042",
          "display": "Bay Area Family Practice"
        },
        "effectiveDateTime": "2027-03-08T09:36:36-05:00",
        "performer": [
          {
            "reference": "Practitioner/Practitioner-2519",
            "display": "Stanley Jason Garrett MD"
          }
        ],
        "valueQuantity": {
          "value": 143.6430224390975,
          "unit": "mmHg"
        }
      },
      "request": {
        "method": "PUT",
        "url": "http://localhost:8080/cqf-ruler/baseDstu3/Observation/Observation-248516"
      }
    },
    {
      "resource": {
        "resourceType": "Observation",
        "id": "Observation-248517",
        "status": "final",
        "code": {
          "coding": [
            {
              "system": "http://loinc.org",
              "code": "8462-4",
              "display": "Diastolic blood pressure"
            }
          ]
        },
        "subject": {
          "reference": "Patient/Patient-6502",
          "display": "Russell Jamie Henderson Jr"
        },
        "context": {
          "reference": "Encounter/Encounter-1042",
          "display": "Bay Area Family Practice"
        },
        "effectiveDateTime": "2027-03-08T09:36:36-05:00",
        "performer": [
          {
            "reference": "Practitioner/Practitioner-2519",
            "display": "Stanley Jason Garrett MD"
          }
        ],
        "valueQuantity": {
          "value": 83.2377095491959,
          "unit": "mmHg"
        }
      },
      "request": {
        "method": "PUT",
        "url": "http://localhost:8080/cqf-ruler/baseDstu3/Observation/Observation-248517"
      }
    },
    {
      "resource": {
        "resourceType": "Condition",
        "id": "Condition-248518",
        "clinicalStatus": "active",
        "verificationStatus": "confirmed",
        "code": {
          "coding": [
            {
              "system": "http://snomed.info/sct",
              "code": "78975002",
              "display": "Malignant essential hypertension"
            }
          ]
        },
        "subject": {
          "reference": "Patient/Patient-6502",
          "display": "Russell Jamie Henderson Jr"
        },
        "context": {
          "reference": "Encounter/Encounter-1042",
          "display": "Bay Area Family Practice"
        },
        "onsetDateTime": "2027-03-08T09:36:36-05:00",
        "assertedDate": "2027-03-08T09:36:36-05:00",
        "asserter": {
          "reference": "Practitioner/Practitioner-2519",
          "display": "Stanley Jason Garrett MD"
        }
      },
      "request": {
        "method": "PUT",
        "url": "http://localhost:8080/cqf-ruler/baseDstu3/Condition/Condition-248518"
      }
    },
    {
      "resource": {
        "resourceType": "Observation",
        "id": "Observation-248519",
        "status": "final",
        "category": [
          {
            "coding": [
              {
                "system": "http://hl7.org/fhir/observation-category",
                "code": "vital-signs",
                "display": "vital-signs"
              }
            ]
          }
        ],
        "code": {
          "coding": [
            {
              "system": "http://loinc.org",
              "code": "8716-3",
              "display": "Vital Signs Panel"
            }
          ]
        },
        "subject": {
          "reference": "Patient/Patient-6502",
          "display": "Russell Jamie Henderson Jr"
        },
        "context": {
          "reference": "Encounter/Encounter-1042",
          "display": "Bay Area Family Practice"
        },
        "effectivePeriod": {
          "start": "2027-03-08T09:36:36-05:00",
          "end": "2027-03-08T09:36:36-05:00"
        },
        "valueQuantity": {
          "value": 83.2377095491959,
          "unit": "mmHg"
        },
        "component": [
          {
            "code": {
              "coding": [
                {
                  "system": "http://loinc.org",
                  "code": "8302-2",
                  "display": "Height"
                }
              ]
            }
          },
          {
            "code": {
              "coding": [
                {
                  "system": "http://loinc.org",
                  "code": "29463-7",
                  "display": "Weight"
                }
              ]
            }
          },
          {
            "code": {
              "coding": [
                {
                  "system": "http://loinc.org",
                  "code": "39156-5",
                  "display": "BMI"
                }
              ]
            }
          },
          {
            "code": {
              "coding": [
                {
                  "system": "http://loinc.org",
                  "code": "8310-5",
                  "display": "Temperature"
                }
              ]
            }
          },
          {
            "code": {
              "coding": [
                {
                  "system": "http://loinc.org",
                  "code": "8459-0",
                  "display": "Systolic Blood Pressure"
                }
              ]
            }
          },
          {
            "code": {
              "coding": [
                {
                  "system": "http://loinc.org",
                  "code": "8453-3",
                  "display": "Diastolic Blood Pressure"
                }
              ]
            }
          }
        ]
      },
      "request": {
        "method": "PUT",
        "url": "http://localhost:8080/cqf-ruler/baseDstu3/Observation/Observation-248519"
      }
    }
  ]
}