{
  "resourceType": "Bundle",
  "type": "transaction",
  "entry": [
    {
      "resource": {
        "resourceType": "Encounter",
        "id": "Encounter-588",
        "status": "finished",
        "class": {
          "system": "http://hl7.org/fhir/encounter-class",
          "code": "other",
          "display": "Other"
        },
        "subject": {
          "reference": "Patient/Patient-6558",
          "display": "Ellen Sandoval Sanford"
        },
        "participant": [
          {
            "period": {
              "start": "2022-01-10T09:36:36-05:00",
              "end": "2022-01-10T09:36:36-05:00"
            },
            "individual": {
              "reference": "Practitioner/Practitioner-2535",
              "display": "Clifton Terrence Carey MD"
            }
          }
        ],
        "period": {
          "start": "2022-01-10T09:36:36-05:00",
          "end": "2022-01-10T09:36:36-05:00"
        },
        "location": [
          {
            "location": {
              "reference": "Location/Location-1102",
              "display": "Pediatric and Adult Medicine"
            }
          }
        ],
        "serviceProvider": {
          "reference": "Organization/Organization-1102",
          "display": "Pediatric and Adult Medicine"
        }
      },
      "request": {
        "method": "PUT",
        "url": "http://localhost:8080/cqf-ruler/baseDstu3/Encounter/Encounter-588"
      }
    },
    {
      "resource": {
        "resourceType": "Immunization",
        "id": "Immunization-88098",
        "status": "completed",
        "notGiven": false,
        "vaccineCode": {
          "coding": [
            {
              "system": "http://hl7.org/fhir/sid/cvx",
              "code": "140",
              "display": "Influenza, seasonal, injectable, preservative free"
            }
          ]
        },
        "patient": {
          "reference": "Patient/Patient-6558",
          "display": "Ellen Sandoval Sanford"
        },
        "date": "2022-01-04T09:36:36-05:00",
        "primarySource": true,
        "location": {
          "reference": "Location/Location-1102",
          "display": "Pediatric and Adult Medicine"
        },
        "practitioner": [
          {
            "actor": {
              "reference": "Practitioner/Practitioner-2535",
              "display": "Clifton Terrence Carey MD"
            }
          }
        ]
      },
      "request": {
        "method": "PUT",
        "url": "http://localhost:8080/cqf-ruler/baseDstu3/Immunization/Immunization-88098"
      }
    },
    {
      "resource": {
        "resourceType": "Immunization",
        "id": "Immunization-88099",
        "status": "completed",
        "notGiven": false,
        "vaccineCode": {
          "coding": [
            {
              "system": "http://hl7.org/fhir/sid/cvx",
              "code": "113",
              "display": "Td (adult) preservative free"
            }
          ]
        },
        "patient": {
          "reference": "Patient/Patient-6558",
          "display": "Ellen Sandoval Sanford"
        },
        "date": "2022-01-04T09:36:36-05:00",
        "primarySource": true,
        "location": {
          "reference": "Location/Location-1102",
          "display": "Pediatric and Adult Medicine"
        },
        "practitioner": [
          {
            "actor": {
              "reference": "Practitioner/Practitioner-2535",
              "display": "Clifton Terrence Carey MD"
            }
          }
        ]
      },
      "request": {
        "method": "PUT",
        "url": "http://localhost:8080/cqf-ruler/baseDstu3/Immunization/Immunization-88099"
      }
    },
    {
      "resource": {
        "resourceType": "Procedure",
        "id": "Procedure-115600",
        "status": "completed",
        "code": {
          "coding": [
            {
              "system": "http://loinc.org",
              "code": "2335-8",
              "display": "Hemoglobin.gastrointestinal [Presence] in Stool"
            }
          ]
        },
        "subject": {
          "reference": "Patient/Patient-6558",
          "display": "Ellen Sandoval Sanford"
        },
        "context": {
          "reference": "Encounter/Encounter-588",
          "display": "Pediatric and Adult Medicine"
        },
        "performedPeriod": {
          "start": "2022-01-10T09:36:36-05:00",
          "end": "2022-01-10T09:36:36-05:00"
        },
        "performer": [
          {
            "actor": {
              "reference": "Practitioner/Practitioner-2535",
              "display": "Clifton Terrence Carey MD"
            }
          }
        ],
        "location": {
          "reference": "Location/Location-1102",
          "display": "Pediatric and Adult Medicine"
        }
      },
      "request": {
        "method": "PUT",
        "url": "http://localhost:8080/cqf-ruler/baseDstu3/Procedure/Procedure-115600"
      }
    },
    {
      "resource": {
        "resourceType": "Observation",
        "id": "Observation-115601",
        "status": "final",
        "code": {
          "coding": [
            {
              "system": "http://loinc.org",
              "code": "57905-2",
              "display": "Hemoglobin.gastrointestinal [Presence] in Stool by Immunologic method --1st specimen"
            }
          ]
        },
        "subject": {
          "reference": "Patient/Patient-6558",
          "display": "Ellen Sandoval Sanford"
        },
        "context": {
          "reference": "Encounter/Encounter-588",
          "display": "Pediatric and Adult Medicine"
        },
        "effectiveDateTime": "2022-01-10T09:36:36-05:00",
        "performer": [
          {
            "reference": "Practitioner/Practitioner-2535",
            "display": "Clifton Terrence Carey MD"
          }
        ],
        "valueString": "NEGATIVE"
      },
      "request": {
        "method": "PUT",
        "url": "http://localhost:8080/cqf-ruler/baseDstu3/Observation/Observation-115601"
      }
    },
    {
      "resource": {
        "resourceType": "Observation",
        "id": "Observation-115602",
        "status": "final",
        "code": {
          "coding": [
            {
              "system": "http://loinc.org",
              "code": "8480-6",
              "display": "Systolic blood pressure"
            }
          ]
        },
        "subject": {
          "reference": "Patient/Patient-6558",
          "display": "Ellen Sandoval Sanford"
        },
        "context": {
          "reference": "Encounter/Encounter-588",
          "display": "Pediatric and Adult Medicine"
        },
        "effectiveDateTime": "2022-01-10T09:36:36-05:00",
        "performer": [
          {
            "reference": "Practitioner/Practitioner-2535",
            "display": "Clifton Terrence Carey MD"
          }
        ],
        "valueQuantity": {
          "value": 170.86572060261497,
          "unit": "mmHg"
        }
      },
      "request": {
        "method": "PUT",
        "url": "http://localhost:8080/cqf-ruler/baseDstu3/Observation/Observation-115602"
      }
    },
    {
      "resource": {
        "resourceType": "Observation",
        "id": "Observation-115603",
        "status": "final",
        "code": {
          "coding": [
            {
              "system": "http://loinc.org",
              "code": "8462-4",
              "display": "Diastolic blood pressure"
            }
          ]
        },
        "subject": {
          "reference": "Patient/Patient-6558",
          "display": "Ellen Sandoval Sanford"
        },
        "context": {
          "reference": "Encounter/Encounter-588",
          "display": "Pediatric and Adult Medicine"
        },
        "effectiveDateTime": "2022-01-10T09:36:36-05:00",
        "performer": [
          {
            "reference": "Practitioner/Practitioner-2535",
            "display": "Clifton Terrence Carey MD"
          }
        ],
        "valueQuantity": {
          "value": 60.590574273611445,
          "unit": "mmHg"
        }
      },
      "request": {
        "method": "PUT",
        "url": "http://localhost:8080/cqf-ruler/baseDstu3/Observation/Observation-115603"
      }
    },
    {
      "resource": {
        "resourceType": "Condition",
        "id": "Condition-115604",
        "clinicalStatus": "active",
        "verificationStatus": "confirmed",
        "code": {
          "coding": [
            {
              "system": "http://snomed.info/sct",
              "code": "78975002",
              "display": "Malignant essential hypertension"
            }
          ]
        },
        "subject": {
          "reference": "Patient/Patient-6558",
          "display": "Ellen Sandoval Sanford"
        },
        "context": {
          "reference": "Encounter/Encounter-588",
          "display": "Pediatric and Adult Medicine"
        },
        "onsetDateTime": "2022-01-10T09:36:36-05:00",
        "assertedDate": "2022-01-10T09:36:36-05:00",
        "asserter": {
          "reference": "Practitioner/Practitioner-2535",
          "display": "Clifton Terrence Carey MD"
        }
      },
      "request": {
        "method": "PUT",
        "url": "http://localhost:8080/cqf-ruler/baseDstu3/Condition/Condition-115604"
      }
    },
    {
      "resource": {
        "resourceType": "Observation",
        "id": "Observation-115605",
        "status": "final",
        "category": [
          {
            "coding": [
              {
                "system": "http://hl7.org/fhir/observation-category",
                "code": "vital-signs",
                "display": "vital-signs"
              }
            ]
          }
        ],
        "code": {
          "coding": [
            {
              "system": "http://loinc.org",
              "code": "8716-3",
              "display": "Vital Signs Panel"
            }
          ]
        },
        "subject": {
          "reference": "Patient/Patient-6558",
          "display": "Ellen Sandoval Sanford"
        },
        "context": {
          "reference": "Encounter/Encounter-588",
          "display": "Pediatric and Adult Medicine"
        },
        "effectivePeriod": {
          "start": "2022-01-10T09:36:36-05:00",
          "end": "2022-01-10T09:36:36-05:00"
        },
        "valueQuantity": {
          "value": 60.590574273611445,
          "unit": "mmHg"
        },
        "component": [
          {
            "code": {
              "coding": [
                {
                  "system": "http://loinc.org",
                  "code": "8302-2",
                  "display": "Height"
                }
              ]
            }
          },
          {
            "code": {
              "coding": [
                {
                  "system": "http://loinc.org",
                  "code": "29463-7",
                  "display": "Weight"
                }
              ]
            }
          },
          {
            "code": {
              "coding": [
                {
                  "system": "http://loinc.org",
                  "code": "39156-5",
                  "display": "BMI"
                }
              ]
            }
          },
          {
            "code": {
              "coding": [
                {
                  "system": "http://loinc.org",
                  "code": "8310-5",
                  "display": "Temperature"
                }
              ]
            }
          },
          {
            "code": {
              "coding": [
                {
                  "system": "http://loinc.org",
                  "code": "8459-0",
                  "display": "Systolic Blood Pressure"
                }
              ]
            }
          },
          {
            "code": {
              "coding": [
                {
                  "system": "http://loinc.org",
                  "code": "8453-3",
                  "display": "Diastolic Blood Pressure"
                }
              ]
            }
          }
        ]
      },
      "request": {
        "method": "PUT",
        "url": "http://localhost:8080/cqf-ruler/baseDstu3/Observation/Observation-115605"
      }
    }
  ]
}