{
  "resourceType": "Bundle",
  "type": "transaction",
  "entry": [
    {
      "resource": {
        "resourceType": "Encounter",
        "id": "Encounter-501",
        "status": "finished",
        "class": {
          "system": "http://hl7.org/fhir/encounter-class",
          "code": "other",
          "display": "Other"
        },
        "subject": {
          "reference": "Patient/Patient-6531",
          "display": "Ruth Pamela Johnson"
        },
        "participant": [
          {
            "period": {
              "start": "2021-01-18T09:36:36-05:00",
              "end": "2021-01-18T09:36:36-05:00"
            },
            "individual": {
              "reference": "Practitioner/Practitioner-2528",
              "display": "Tanya Sally Wheeler MD"
            }
          }
        ],
        "period": {
          "start": "2021-01-18T09:36:36-05:00",
          "end": "2021-01-18T09:36:36-05:00"
        },
        "location": [
          {
            "location": {
              "reference": "Location/Location-1101",
              "display": "McKinley Health Center"
            }
          }
        ],
        "serviceProvider": {
          "reference": "Organization/Organization-1101",
          "display": "McKinley Health Center"
        }
      },
      "request": {
        "method": "PUT",
        "url": "http://localhost:8080/cqf-ruler/baseDstu3/Encounter/Encounter-501"
      }
    },
    {
      "resource": {
        "resourceType": "Immunization",
        "id": "Immunization-63529",
        "status": "completed",
        "notGiven": false,
        "vaccineCode": {
          "coding": [
            {
              "system": "http://hl7.org/fhir/sid/cvx",
              "code": "140",
              "display": "Influenza, seasonal, injectable, preservative free"
            }
          ]
        },
        "patient": {
          "reference": "Patient/Patient-6531",
          "display": "Ruth Pamela Johnson"
        },
        "date": "2021-01-12T09:36:36-05:00",
        "primarySource": true,
        "location": {
          "reference": "Location/Location-1101",
          "display": "McKinley Health Center"
        },
        "practitioner": [
          {
            "actor": {
              "reference": "Practitioner/Practitioner-2528",
              "display": "Tanya Sally Wheeler MD"
            }
          }
        ]
      },
      "request": {
        "method": "PUT",
        "url": "http://localhost:8080/cqf-ruler/baseDstu3/Immunization/Immunization-63529"
      }
    },
    {
      "resource": {
        "resourceType": "Observation",
        "id": "Observation-89581",
        "status": "final",
        "code": {
          "coding": [
            {
              "system": "http://loinc.org",
              "code": "8480-6",
              "display": "Systolic blood pressure"
            }
          ]
        },
        "subject": {
          "reference": "Patient/Patient-6531",
          "display": "Ruth Pamela Johnson"
        },
        "context": {
          "reference": "Encounter/Encounter-501",
          "display": "McKinley Health Center"
        },
        "effectiveDateTime": "2021-01-18T09:36:36-05:00",
        "performer": [
          {
            "reference": "Practitioner/Practitioner-2528",
            "display": "Tanya Sally Wheeler MD"
          }
        ],
        "valueQuantity": {
          "value": 122.22436308385086,
          "unit": "mmHg"
        }
      },
      "request": {
        "method": "PUT",
        "url": "http://localhost:8080/cqf-ruler/baseDstu3/Observation/Observation-89581"
      }
    },
    {
      "resource": {
        "resourceType": "Observation",
        "id": "Observation-89582",
        "status": "final",
        "code": {
          "coding": [
            {
              "system": "http://loinc.org",
              "code": "8462-4",
              "display": "Diastolic blood pressure"
            }
          ]
        },
        "subject": {
          "reference": "Patient/Patient-6531",
          "display": "Ruth Pamela Johnson"
        },
        "context": {
          "reference": "Encounter/Encounter-501",
          "display": "McKinley Health Center"
        },
        "effectiveDateTime": "2021-01-18T09:36:36-05:00",
        "performer": [
          {
            "reference": "Practitioner/Practitioner-2528",
            "display": "Tanya Sally Wheeler MD"
          }
        ],
        "valueQuantity": {
          "value": 117.498423499372,
          "unit": "mmHg"
        }
      },
      "request": {
        "method": "PUT",
        "url": "http://localhost:8080/cqf-ruler/baseDstu3/Observation/Observation-89582"
      }
    },
    {
      "resource": {
        "resourceType": "Condition",
        "id": "Condition-89583",
        "clinicalStatus": "active",
        "verificationStatus": "confirmed",
        "code": {
          "coding": [
            {
              "system": "http://hl7.org/fhir/sid/icd-9-cm",
              "code": "401.0",
              "display": "Malignant essential hypertension"
            }
          ]
        },
        "subject": {
          "reference": "Patient/Patient-6531",
          "display": "Ruth Pamela Johnson"
        },
        "context": {
          "reference": "Encounter/Encounter-501",
          "display": "McKinley Health Center"
        },
        "onsetDateTime": "2021-01-18T09:36:36-05:00",
        "assertedDate": "2021-01-18T09:36:36-05:00",
        "asserter": {
          "reference": "Practitioner/Practitioner-2528",
          "display": "Tanya Sally Wheeler MD"
        }
      },
      "request": {
        "method": "PUT",
        "url": "http://localhost:8080/cqf-ruler/baseDstu3/Condition/Condition-89583"
      }
    },
    {
      "resource": {
        "resourceType": "Observation",
        "id": "Observation-89584",
        "status": "final",
        "category": [
          {
            "coding": [
              {
                "system": "http://hl7.org/fhir/observation-category",
                "code": "vital-signs",
                "display": "vital-signs"
              }
            ]
          }
        ],
        "code": {
          "coding": [
            {
              "system": "http://loinc.org",
              "code": "8716-3",
              "display": "Vital Signs Panel"
            }
          ]
        },
        "subject": {
          "reference": "Patient/Patient-6531",
          "display": "Ruth Pamela Johnson"
        },
        "context": {
          "reference": "Encounter/Encounter-501",
          "display": "McKinley Health Center"
        },
        "effectivePeriod": {
          "start": "2021-01-18T09:36:36-05:00",
          "end": "2021-01-18T09:36:36-05:00"
        },
        "valueQuantity": {
          "value": 117.498423499372,
          "unit": "mmHg"
        },
        "component": [
          {
            "code": {
              "coding": [
                {
                  "system": "http://loinc.org",
                  "code": "8302-2",
                  "display": "Height"
                }
              ]
            }
          },
          {
            "code": {
              "coding": [
                {
                  "system": "http://loinc.org",
                  "code": "29463-7",
                  "display": "Weight"
                }
              ]
            }
          },
          {
            "code": {
              "coding": [
                {
                  "system": "http://loinc.org",
                  "code": "39156-5",
                  "display": "BMI"
                }
              ]
            }
          },
          {
            "code": {
              "coding": [
                {
                  "system": "http://loinc.org",
                  "code": "8310-5",
                  "display": "Temperature"
                }
              ]
            }
          },
          {
            "code": {
              "coding": [
                {
                  "system": "http://loinc.org",
                  "code": "8459-0",
                  "display": "Systolic Blood Pressure"
                }
              ]
            }
          },
          {
            "code": {
              "coding": [
                {
                  "system": "http://loinc.org",
                  "code": "8453-3",
                  "display": "Diastolic Blood Pressure"
                }
              ]
            }
          }
        ]
      },
      "request": {
        "method": "PUT",
        "url": "http://localhost:8080/cqf-ruler/baseDstu3/Observation/Observation-89584"
      }
    }
  ]
}