{
  "resourceType": "Bundle",
  "type": "transaction",
  "entry": [
    {
      "resource": {
        "resourceType": "Encounter",
        "id": "Encounter-386",
        "status": "finished",
        "class": {
          "system": "http://hl7.org/fhir/encounter-class",
          "code": "other",
          "display": "Other"
        },
        "subject": {
          "reference": "Patient/Patient-6521",
          "display": "Luis Norris Ayala"
        },
        "participant": [
          {
            "period": {
              "start": "2019-10-21T09:36:36-04:00",
              "end": "2019-10-21T09:36:36-04:00"
            },
            "individual": {
              "reference": "Practitioner/Practitioner-2518",
              "display": "Jane Rosemary Saunders MD"
            }
          }
        ],
        "period": {
          "start": "2019-10-21T09:36:36-04:00",
          "end": "2019-10-21T09:36:36-04:00"
        },
        "location": [
          {
            "location": {
              "reference": "Location/Location-1103",
              "display": "Acme Medical Center"
            }
          }
        ],
        "serviceProvider": {
          "reference": "Organization/Organization-1103",
          "display": "Acme Medical Center"
        }
      },
      "request": {
        "method": "PUT",
        "url": "http://localhost:8080/cqf-ruler/baseDstu3/Encounter/Encounter-386"
      }
    },
    {
      "resource": {
        "resourceType": "Immunization",
        "id": "Immunization-30904",
        "status": "completed",
        "notGiven": false,
        "vaccineCode": {
          "coding": [
            {
              "system": "http://hl7.org/fhir/sid/cvx",
              "code": "140",
              "display": "Influenza, seasonal, injectable, preservative free"
            }
          ]
        },
        "patient": {
          "reference": "Patient/Patient-6521",
          "display": "Luis Norris Ayala"
        },
        "date": "2019-10-15T09:36:36-04:00",
        "primarySource": true,
        "location": {
          "reference": "Location/Location-1103",
          "display": "Acme Medical Center"
        },
        "practitioner": [
          {
            "actor": {
              "reference": "Practitioner/Practitioner-2518",
              "display": "Jane Rosemary Saunders MD"
            }
          }
        ]
      },
      "request": {
        "method": "PUT",
        "url": "http://localhost:8080/cqf-ruler/baseDstu3/Immunization/Immunization-30904"
      }
    },
    {
      "resource": {
        "resourceType": "Procedure",
        "id": "Procedure-57069",
        "status": "completed",
        "code": {
          "coding": [
            {
              "system": "http://loinc.org",
              "code": "27925-7",
              "display": "Hemoglobin.gastrointestinal [Presence] in Stool --7th specimen"
            }
          ]
        },
        "subject": {
          "reference": "Patient/Patient-6521",
          "display": "Luis Norris Ayala"
        },
        "context": {
          "reference": "Encounter/Encounter-386",
          "display": "Acme Medical Center"
        },
        "performedPeriod": {
          "start": "2019-10-21T09:36:36-04:00",
          "end": "2019-10-21T09:36:36-04:00"
        },
        "performer": [
          {
            "actor": {
              "reference": "Practitioner/Practitioner-2518",
              "display": "Jane Rosemary Saunders MD"
            }
          }
        ],
        "location": {
          "reference": "Location/Location-1103",
          "display": "Acme Medical Center"
        }
      },
      "request": {
        "method": "PUT",
        "url": "http://localhost:8080/cqf-ruler/baseDstu3/Procedure/Procedure-57069"
      }
    },
    {
      "resource": {
        "resourceType": "Observation",
        "id": "Observation-57070",
        "status": "final",
        "code": {
          "coding": [
            {
              "system": "http://loinc.org",
              "code": "27396-1",
              "display": "Hemoglobin.gastrointestinal [Mass/mass] in Stool"
            }
          ]
        },
        "subject": {
          "reference": "Patient/Patient-6521",
          "display": "Luis Norris Ayala"
        },
        "context": {
          "reference": "Encounter/Encounter-386",
          "display": "Acme Medical Center"
        },
        "effectiveDateTime": "2019-10-21T09:36:36-04:00",
        "performer": [
          {
            "reference": "Practitioner/Practitioner-2518",
            "display": "Jane Rosemary Saunders MD"
          }
        ],
        "valueString": "NEGATIVE"
      },
      "request": {
        "method": "PUT",
        "url": "http://localhost:8080/cqf-ruler/baseDstu3/Observation/Observation-57070"
      }
    },
    {
      "resource": {
        "resourceType": "Observation",
        "id": "Observation-57071",
        "status": "final",
        "code": {
          "coding": [
            {
              "system": "http://loinc.org",
              "code": "8480-6",
              "display": "Systolic blood pressure"
            }
          ]
        },
        "subject": {
          "reference": "Patient/Patient-6521",
          "display": "Luis Norris Ayala"
        },
        "context": {
          "reference": "Encounter/Encounter-386",
          "display": "Acme Medical Center"
        },
        "effectiveDateTime": "2019-10-21T09:36:36-04:00",
        "performer": [
          {
            "reference": "Practitioner/Practitioner-2518",
            "display": "Jane Rosemary Saunders MD"
          }
        ],
        "valueQuantity": {
          "value": 139.50795117109587,
          "unit": "mmHg"
        }
      },
      "request": {
        "method": "PUT",
        "url": "http://localhost:8080/cqf-ruler/baseDstu3/Observation/Observation-57071"
      }
    },
    {
      "resource": {
        "resourceType": "Observation",
        "id": "Observation-57072",
        "status": "final",
        "code": {
          "coding": [
            {
              "system": "http://loinc.org",
              "code": "8462-4",
              "display": "Diastolic blood pressure"
            }
          ]
        },
        "subject": {
          "reference": "Patient/Patient-6521",
          "display": "Luis Norris Ayala"
        },
        "context": {
          "reference": "Encounter/Encounter-386",
          "display": "Acme Medical Center"
        },
        "effectiveDateTime": "2019-10-21T09:36:36-04:00",
        "performer": [
          {
            "reference": "Practitioner/Practitioner-2518",
            "display": "Jane Rosemary Saunders MD"
          }
        ],
        "valueQuantity": {
          "value": 114.34211117630598,
          "unit": "mmHg"
        }
      },
      "request": {
        "method": "PUT",
        "url": "http://localhost:8080/cqf-ruler/baseDstu3/Observation/Observation-57072"
      }
    },
    {
      "resource": {
        "resourceType": "Condition",
        "id": "Condition-57073",
        "clinicalStatus": "active",
        "verificationStatus": "confirmed",
        "code": {
          "coding": [
            {
              "system": "http://snomed.info/sct",
              "code": "371125006",
              "display": "Labile essential hypertension"
            }
          ]
        },
        "subject": {
          "reference": "Patient/Patient-6521",
          "display": "Luis Norris Ayala"
        },
        "context": {
          "reference": "Encounter/Encounter-386",
          "display": "Acme Medical Center"
        },
        "onsetDateTime": "2019-10-21T09:36:36-04:00",
        "assertedDate": "2019-10-21T09:36:36-04:00",
        "asserter": {
          "reference": "Practitioner/Practitioner-2518",
          "display": "Jane Rosemary Saunders MD"
        }
      },
      "request": {
        "method": "PUT",
        "url": "http://localhost:8080/cqf-ruler/baseDstu3/Condition/Condition-57073"
      }
    },
    {
      "resource": {
        "resourceType": "Observation",
        "id": "Observation-57074",
        "status": "final",
        "category": [
          {
            "coding": [
              {
                "system": "http://hl7.org/fhir/observation-category",
                "code": "vital-signs",
                "display": "vital-signs"
              }
            ]
          }
        ],
        "code": {
          "coding": [
            {
              "system": "http://loinc.org",
              "code": "8716-3",
              "display": "Vital Signs Panel"
            }
          ]
        },
        "subject": {
          "reference": "Patient/Patient-6521",
          "display": "Luis Norris Ayala"
        },
        "context": {
          "reference": "Encounter/Encounter-386",
          "display": "Acme Medical Center"
        },
        "effectivePeriod": {
          "start": "2019-10-21T09:36:36-04:00",
          "end": "2019-10-21T09:36:36-04:00"
        },
        "valueQuantity": {
          "value": 114.34211117630598,
          "unit": "mmHg"
        },
        "component": [
          {
            "code": {
              "coding": [
                {
                  "system": "http://loinc.org",
                  "code": "8302-2",
                  "display": "Height"
                }
              ]
            }
          },
          {
            "code": {
              "coding": [
                {
                  "system": "http://loinc.org",
                  "code": "29463-7",
                  "display": "Weight"
                }
              ]
            }
          },
          {
            "code": {
              "coding": [
                {
                  "system": "http://loinc.org",
                  "code": "39156-5",
                  "display": "BMI"
                }
              ]
            }
          },
          {
            "code": {
              "coding": [
                {
                  "system": "http://loinc.org",
                  "code": "8310-5",
                  "display": "Temperature"
                }
              ]
            }
          },
          {
            "code": {
              "coding": [
                {
                  "system": "http://loinc.org",
                  "code": "8459-0",
                  "display": "Systolic Blood Pressure"
                }
              ]
            }
          },
          {
            "code": {
              "coding": [
                {
                  "system": "http://loinc.org",
                  "code": "8453-3",
                  "display": "Diastolic Blood Pressure"
                }
              ]
            }
          }
        ]
      },
      "request": {
        "method": "PUT",
        "url": "http://localhost:8080/cqf-ruler/baseDstu3/Observation/Observation-57074"
      }
    }
  ]
}