{
  "resourceType": "Bundle",
  "type": "transaction",
  "entry": [
    {
      "resource": {
        "resourceType": "Encounter",
        "id": "Encounter-536",
        "status": "finished",
        "class": {
          "system": "http://hl7.org/fhir/encounter-class",
          "code": "other",
          "display": "Other"
        },
        "subject": {
          "reference": "Patient/Patient-6497",
          "display": "Terri Reilly Zavala"
        },
        "participant": [
          {
            "period": {
              "start": "2023-05-29T09:36:36-04:00",
              "end": "2023-05-29T09:36:36-04:00"
            },
            "individual": {
              "reference": "Practitioner/Practitioner-2534",
              "display": "Pearl Rita Dawson MD"
            }
          }
        ],
        "period": {
          "start": "2023-05-29T09:36:36-04:00",
          "end": "2023-05-29T09:36:36-04:00"
        },
        "location": [
          {
            "location": {
              "reference": "Location/Location-1101",
              "display": "McKinley Health Center"
            }
          }
        ],
        "serviceProvider": {
          "reference": "Organization/Organization-1101",
          "display": "McKinley Health Center"
        }
      },
      "request": {
        "method": "PUT",
        "url": "http://localhost:8080/cqf-ruler/baseDstu3/Encounter/Encounter-536"
      }
    },
    {
      "resource": {
        "resourceType": "Immunization",
        "id": "Immunization-72255",
        "status": "completed",
        "notGiven": false,
        "vaccineCode": {
          "coding": [
            {
              "system": "http://hl7.org/fhir/sid/cvx",
              "code": "140",
              "display": "Influenza, seasonal, injectable, preservative free"
            }
          ]
        },
        "patient": {
          "reference": "Patient/Patient-6497",
          "display": "Terri Reilly Zavala"
        },
        "date": "2023-05-25T09:36:36-04:00",
        "primarySource": true,
        "location": {
          "reference": "Location/Location-1101",
          "display": "McKinley Health Center"
        },
        "practitioner": [
          {
            "actor": {
              "reference": "Practitioner/Practitioner-2534",
              "display": "Pearl Rita Dawson MD"
            }
          }
        ]
      },
      "request": {
        "method": "PUT",
        "url": "http://localhost:8080/cqf-ruler/baseDstu3/Immunization/Immunization-72255"
      }
    },
    {
      "resource": {
        "resourceType": "Observation",
        "id": "Observation-150138",
        "status": "final",
        "code": {
          "coding": [
            {
              "system": "http://loinc.org",
              "code": "8480-6",
              "display": "Systolic blood pressure"
            }
          ]
        },
        "subject": {
          "reference": "Patient/Patient-6497",
          "display": "Terri Reilly Zavala"
        },
        "context": {
          "reference": "Encounter/Encounter-536",
          "display": "McKinley Health Center"
        },
        "effectiveDateTime": "2023-05-29T09:36:36-04:00",
        "performer": [
          {
            "reference": "Practitioner/Practitioner-2534",
            "display": "Pearl Rita Dawson MD"
          }
        ],
        "valueQuantity": {
          "value": 149.24413141265458,
          "unit": "mmHg"
        }
      },
      "request": {
        "method": "PUT",
        "url": "http://localhost:8080/cqf-ruler/baseDstu3/Observation/Observation-150138"
      }
    },
    {
      "resource": {
        "resourceType": "Observation",
        "id": "Observation-150139",
        "status": "final",
        "code": {
          "coding": [
            {
              "system": "http://loinc.org",
              "code": "8462-4",
              "display": "Diastolic blood pressure"
            }
          ]
        },
        "subject": {
          "reference": "Patient/Patient-6497",
          "display": "Terri Reilly Zavala"
        },
        "context": {
          "reference": "Encounter/Encounter-536",
          "display": "McKinley Health Center"
        },
        "effectiveDateTime": "2023-05-29T09:36:36-04:00",
        "performer": [
          {
            "reference": "Practitioner/Practitioner-2534",
            "display": "Pearl Rita Dawson MD"
          }
        ],
        "valueQuantity": {
          "value": 81.49803996813668,
          "unit": "mmHg"
        }
      },
      "request": {
        "method": "PUT",
        "url": "http://localhost:8080/cqf-ruler/baseDstu3/Observation/Observation-150139"
      }
    },
    {
      "resource": {
        "resourceType": "Condition",
        "id": "Condition-150140",
        "clinicalStatus": "active",
        "verificationStatus": "confirmed",
        "code": {
          "coding": [
            {
              "system": "http://snomed.info/sct",
              "code": "65518004",
              "display": "Labile diastolic hypertension"
            }
          ]
        },
        "subject": {
          "reference": "Patient/Patient-6497",
          "display": "Terri Reilly Zavala"
        },
        "context": {
          "reference": "Encounter/Encounter-536",
          "display": "McKinley Health Center"
        },
        "onsetDateTime": "2023-05-29T09:36:36-04:00",
        "assertedDate": "2023-05-29T09:36:36-04:00",
        "asserter": {
          "reference": "Practitioner/Practitioner-2534",
          "display": "Pearl Rita Dawson MD"
        }
      },
      "request": {
        "method": "PUT",
        "url": "http://localhost:8080/cqf-ruler/baseDstu3/Condition/Condition-150140"
      }
    },
    {
      "resource": {
        "resourceType": "Procedure",
        "id": "Procedure-150141",
        "status": "completed",
        "code": {
          "coding": [
            {
              "system": "http://loinc.org",
              "code": "18500-9",
              "display": "Microscopic observation [Identifier] in Cervix by Cyto stain.thin prep"
            }
          ]
        },
        "subject": {
          "reference": "Patient/Patient-6497",
          "display": "Terri Reilly Zavala"
        },
        "context": {
          "reference": "Encounter/Encounter-536",
          "display": "McKinley Health Center"
        },
        "performedPeriod": {
          "start": "2023-05-29T09:36:36-04:00",
          "end": "2023-05-29T09:36:36-04:00"
        },
        "performer": [
          {
            "actor": {
              "reference": "Practitioner/Practitioner-2534",
              "display": "Pearl Rita Dawson MD"
            }
          }
        ],
        "location": {
          "reference": "Location/Location-1101",
          "display": "McKinley Health Center"
        }
      },
      "request": {
        "method": "PUT",
        "url": "http://localhost:8080/cqf-ruler/baseDstu3/Procedure/Procedure-150141"
      }
    },
    {
      "resource": {
        "resourceType": "Observation",
        "id": "Observation-150143",
        "status": "final",
        "code": {
          "coding": [
            {
              "system": "http://snomed.info/sct",
              "code": "439888000",
              "display": "Abnormal cervical Papanicolaou smear (finding)"
            }
          ]
        },
        "subject": {
          "reference": "Patient/Patient-6497",
          "display": "Terri Reilly Zavala"
        },
        "context": {
          "reference": "Encounter/Encounter-536",
          "display": "McKinley Health Center"
        },
        "effectiveDateTime": "2023-05-29T09:36:36-04:00",
        "performer": [
          {
            "reference": "Practitioner/Practitioner-2534",
            "display": "Pearl Rita Dawson MD"
          }
        ],
        "valueString": "POSITIVE"
      },
      "request": {
        "method": "PUT",
        "url": "http://localhost:8080/cqf-ruler/baseDstu3/Observation/Observation-150143"
      }
    },
    {
      "resource": {
        "resourceType": "DiagnosticReport",
        "id": "DiagnosticReport-150144",
        "status": "final",
        "code": {
          "coding": [
            {
              "system": "http://loinc.org",
              "code": "26351-7",
              "display": "Breast - right Mammogram diagnostic limited"
            }
          ]
        },
        "subject": {
          "reference": "Patient/Patient-6497",
          "display": "Terri Reilly Zavala"
        },
        "context": {
          "reference": "Encounter/Encounter-536",
          "display": "McKinley Health Center"
        },
        "effectivePeriod": {
          "start": "2023-05-29T09:36:36-04:00",
          "end": "2023-05-29T09:36:36-04:00"
        },
        "result": [
          {
            "reference": "Observation/Observation-150143",
            "display": "Cervical_Cancer_Observation"
          }
        ]
      },
      "request": {
        "method": "PUT",
        "url": "http://localhost:8080/cqf-ruler/baseDstu3/DiagnosticReport/DiagnosticReport-150144"
      }
    },
    {
      "resource": {
        "resourceType": "Observation",
        "id": "Observation-150145",
        "status": "final",
        "category": [
          {
            "coding": [
              {
                "system": "http://hl7.org/fhir/observation-category",
                "code": "vital-signs",
                "display": "vital-signs"
              }
            ]
          }
        ],
        "code": {
          "coding": [
            {
              "system": "http://loinc.org",
              "code": "8716-3",
              "display": "Vital Signs Panel"
            }
          ]
        },
        "subject": {
          "reference": "Patient/Patient-6497",
          "display": "Terri Reilly Zavala"
        },
        "context": {
          "reference": "Encounter/Encounter-536",
          "display": "McKinley Health Center"
        },
        "effectivePeriod": {
          "start": "2023-05-29T09:36:36-04:00",
          "end": "2023-05-29T09:36:36-04:00"
        },
        "valueQuantity": {
          "value": 81.49803996813668,
          "unit": "mmHg"
        },
        "component": [
          {
            "code": {
              "coding": [
                {
                  "system": "http://loinc.org",
                  "code": "8302-2",
                  "display": "Height"
                }
              ]
            }
          },
          {
            "code": {
              "coding": [
                {
                  "system": "http://loinc.org",
                  "code": "29463-7",
                  "display": "Weight"
                }
              ]
            }
          },
          {
            "code": {
              "coding": [
                {
                  "system": "http://loinc.org",
                  "code": "39156-5",
                  "display": "BMI"
                }
              ]
            }
          },
          {
            "code": {
              "coding": [
                {
                  "system": "http://loinc.org",
                  "code": "8310-5",
                  "display": "Temperature"
                }
              ]
            }
          },
          {
            "code": {
              "coding": [
                {
                  "system": "http://loinc.org",
                  "code": "8459-0",
                  "display": "Systolic Blood Pressure"
                }
              ]
            }
          },
          {
            "code": {
              "coding": [
                {
                  "system": "http://loinc.org",
                  "code": "8453-3",
                  "display": "Diastolic Blood Pressure"
                }
              ]
            }
          }
        ]
      },
      "request": {
        "method": "PUT",
        "url": "http://localhost:8080/cqf-ruler/baseDstu3/Observation/Observation-150145"
      }
    }
  ]
}