{
  "resourceType": "Bundle",
  "type": "transaction",
  "entry": [
    {
      "resource": {
        "resourceType": "Encounter",
        "id": "Encounter-353",
        "status": "finished",
        "class": {
          "system": "http://hl7.org/fhir/encounter-class",
          "code": "other",
          "display": "Other"
        },
        "subject": {
          "reference": "Patient/Patient-6491",
          "display": "Rosa Bullock Berg"
        },
        "participant": [
          {
            "period": {
              "start": "2019-06-17T09:36:36-04:00",
              "end": "2019-06-17T09:36:36-04:00"
            },
            "individual": {
              "reference": "Practitioner/Practitioner-2528",
              "display": "Tanya Sally Wheeler MD"
            }
          }
        ],
        "period": {
          "start": "2019-06-17T09:36:36-04:00",
          "end": "2019-06-17T09:36:36-04:00"
        },
        "location": [
          {
            "location": {
              "reference": "Location/Location-1101",
              "display": "McKinley Health Center"
            }
          }
        ],
        "serviceProvider": {
          "reference": "Organization/Organization-1101",
          "display": "McKinley Health Center"
        }
      },
      "request": {
        "method": "PUT",
        "url": "http://localhost:8080/cqf-ruler/baseDstu3/Encounter/Encounter-353"
      }
    },
    {
      "resource": {
        "resourceType": "Immunization",
        "id": "Immunization-21729",
        "status": "completed",
        "notGiven": false,
        "vaccineCode": {
          "coding": [
            {
              "system": "http://hl7.org/fhir/sid/cvx",
              "code": "140",
              "display": "Influenza, seasonal, injectable, preservative free"
            }
          ]
        },
        "patient": {
          "reference": "Patient/Patient-6491",
          "display": "Rosa Bullock Berg"
        },
        "date": "2019-06-11T09:36:36-04:00",
        "primarySource": true,
        "location": {
          "reference": "Location/Location-1101",
          "display": "McKinley Health Center"
        },
        "practitioner": [
          {
            "actor": {
              "reference": "Practitioner/Practitioner-2528",
              "display": "Tanya Sally Wheeler MD"
            }
          }
        ]
      },
      "request": {
        "method": "PUT",
        "url": "http://localhost:8080/cqf-ruler/baseDstu3/Immunization/Immunization-21729"
      }
    },
    {
      "resource": {
        "resourceType": "Procedure",
        "id": "Procedure-48281",
        "status": "completed",
        "code": {
          "coding": [
            {
              "system": "http://loinc.org",
              "code": "14564-9",
              "display": "Hemoglobin.gastrointestinal [Presence] in Stool --2nd specimen"
            }
          ]
        },
        "subject": {
          "reference": "Patient/Patient-6491",
          "display": "Rosa Bullock Berg"
        },
        "context": {
          "reference": "Encounter/Encounter-353",
          "display": "McKinley Health Center"
        },
        "performedPeriod": {
          "start": "2019-06-17T09:36:36-04:00",
          "end": "2019-06-17T09:36:36-04:00"
        },
        "performer": [
          {
            "actor": {
              "reference": "Practitioner/Practitioner-2528",
              "display": "Tanya Sally Wheeler MD"
            }
          }
        ],
        "location": {
          "reference": "Location/Location-1101",
          "display": "McKinley Health Center"
        }
      },
      "request": {
        "method": "PUT",
        "url": "http://localhost:8080/cqf-ruler/baseDstu3/Procedure/Procedure-48281"
      }
    },
    {
      "resource": {
        "resourceType": "Observation",
        "id": "Observation-48282",
        "status": "final",
        "code": {
          "coding": [
            {
              "system": "http://loinc.org",
              "code": "57905-2",
              "display": "Hemoglobin.gastrointestinal [Presence] in Stool by Immunologic method --1st specimen"
            }
          ]
        },
        "subject": {
          "reference": "Patient/Patient-6491",
          "display": "Rosa Bullock Berg"
        },
        "context": {
          "reference": "Encounter/Encounter-353",
          "display": "McKinley Health Center"
        },
        "effectiveDateTime": "2019-06-17T09:36:36-04:00",
        "performer": [
          {
            "reference": "Practitioner/Practitioner-2528",
            "display": "Tanya Sally Wheeler MD"
          }
        ],
        "valueString": "NEGATIVE"
      },
      "request": {
        "method": "PUT",
        "url": "http://localhost:8080/cqf-ruler/baseDstu3/Observation/Observation-48282"
      }
    },
    {
      "resource": {
        "resourceType": "Observation",
        "id": "Observation-48283",
        "status": "final",
        "code": {
          "coding": [
            {
              "system": "http://loinc.org",
              "code": "8480-6",
              "display": "Systolic blood pressure"
            }
          ]
        },
        "subject": {
          "reference": "Patient/Patient-6491",
          "display": "Rosa Bullock Berg"
        },
        "context": {
          "reference": "Encounter/Encounter-353",
          "display": "McKinley Health Center"
        },
        "effectiveDateTime": "2019-06-17T09:36:36-04:00",
        "performer": [
          {
            "reference": "Practitioner/Practitioner-2528",
            "display": "Tanya Sally Wheeler MD"
          }
        ],
        "valueQuantity": {
          "value": 122.80516911349324,
          "unit": "mmHg"
        }
      },
      "request": {
        "method": "PUT",
        "url": "http://localhost:8080/cqf-ruler/baseDstu3/Observation/Observation-48283"
      }
    },
    {
      "resource": {
        "resourceType": "Observation",
        "id": "Observation-48284",
        "status": "final",
        "code": {
          "coding": [
            {
              "system": "http://loinc.org",
              "code": "8462-4",
              "display": "Diastolic blood pressure"
            }
          ]
        },
        "subject": {
          "reference": "Patient/Patient-6491",
          "display": "Rosa Bullock Berg"
        },
        "context": {
          "reference": "Encounter/Encounter-353",
          "display": "McKinley Health Center"
        },
        "effectiveDateTime": "2019-06-17T09:36:36-04:00",
        "performer": [
          {
            "reference": "Practitioner/Practitioner-2528",
            "display": "Tanya Sally Wheeler MD"
          }
        ],
        "valueQuantity": {
          "value": 69.25440762910672,
          "unit": "mmHg"
        }
      },
      "request": {
        "method": "PUT",
        "url": "http://localhost:8080/cqf-ruler/baseDstu3/Observation/Observation-48284"
      }
    },
    {
      "resource": {
        "resourceType": "Procedure",
        "id": "Procedure-48285",
        "status": "completed",
        "code": {
          "coding": [
            {
              "system": "http://snomed.info/sct",
              "code": "43204002",
              "display": "Bilateral mammography (procedure)"
            }
          ]
        },
        "subject": {
          "reference": "Patient/Patient-6491",
          "display": "Rosa Bullock Berg"
        },
        "context": {
          "reference": "Encounter/Encounter-353",
          "display": "McKinley Health Center"
        },
        "performedPeriod": {
          "start": "2019-06-17T09:36:36-04:00",
          "end": "2019-06-17T09:36:36-04:00"
        },
        "performer": [
          {
            "actor": {
              "reference": "Practitioner/Practitioner-2528",
              "display": "Tanya Sally Wheeler MD"
            }
          }
        ],
        "location": {
          "reference": "Location/Location-1101",
          "display": "McKinley Health Center"
        }
      },
      "request": {
        "method": "PUT",
        "url": "http://localhost:8080/cqf-ruler/baseDstu3/Procedure/Procedure-48285"
      }
    },
    {
      "resource": {
        "resourceType": "Observation",
        "id": "Observation-48286",
        "status": "final",
        "code": {
          "coding": [
            {
              "system": "http://snomed.info/sct",
              "code": "168749009",
              "display": "Mammography normal (finding)"
            }
          ]
        },
        "subject": {
          "reference": "Patient/Patient-6491",
          "display": "Rosa Bullock Berg"
        },
        "context": {
          "reference": "Encounter/Encounter-353",
          "display": "McKinley Health Center"
        },
        "effectiveDateTime": "2019-06-17T09:36:36-04:00",
        "performer": [
          {
            "reference": "Practitioner/Practitioner-2528",
            "display": "Tanya Sally Wheeler MD"
          }
        ],
        "valueString": "NEGATIVE"
      },
      "request": {
        "method": "PUT",
        "url": "http://localhost:8080/cqf-ruler/baseDstu3/Observation/Observation-48286"
      }
    },
    {
      "resource": {
        "resourceType": "DiagnosticReport",
        "id": "DiagnosticReport-48287",
        "status": "final",
        "code": {
          "coding": [
            {
              "system": "http://loinc.org",
              "code": "38854-6",
              "display": "Breast - left Mammogram magnification and spot"
            }
          ]
        },
        "subject": {
          "reference": "Patient/Patient-6491",
          "display": "Rosa Bullock Berg"
        },
        "context": {
          "reference": "Encounter/Encounter-353",
          "display": "McKinley Health Center"
        },
        "effectivePeriod": {
          "start": "2019-06-17T09:36:36-04:00",
          "end": "2019-06-17T09:36:36-04:00"
        },
        "result": [
          {
            "reference": "Observation/Observation-48286",
            "display": "No_Cancer_Detected"
          }
        ]
      },
      "request": {
        "method": "PUT",
        "url": "http://localhost:8080/cqf-ruler/baseDstu3/DiagnosticReport/DiagnosticReport-48287"
      }
    },
    {
      "resource": {
        "resourceType": "Procedure",
        "id": "Procedure-48288",
        "status": "completed",
        "code": {
          "coding": [
            {
              "system": "http://loinc.org",
              "code": "19766-5",
              "display": "Microscopic observation [Identifier] in Cervical or vaginal smear or scraping by Cyto stain Narrative"
            }
          ]
        },
        "subject": {
          "reference": "Patient/Patient-6491",
          "display": "Rosa Bullock Berg"
        },
        "context": {
          "reference": "Encounter/Encounter-353",
          "display": "McKinley Health Center"
        },
        "performedPeriod": {
          "start": "2019-06-17T09:36:36-04:00",
          "end": "2019-06-17T09:36:36-04:00"
        },
        "performer": [
          {
            "actor": {
              "reference": "Practitioner/Practitioner-2528",
              "display": "Tanya Sally Wheeler MD"
            }
          }
        ],
        "location": {
          "reference": "Location/Location-1101",
          "display": "McKinley Health Center"
        }
      },
      "request": {
        "method": "PUT",
        "url": "http://localhost:8080/cqf-ruler/baseDstu3/Procedure/Procedure-48288"
      }
    },
    {
      "resource": {
        "resourceType": "Observation",
        "id": "Observation-48289",
        "status": "final",
        "code": {
          "coding": [
            {
              "system": "http://snomed.info/sct",
              "code": "289829007",
              "display": "Normal uterine cervix (finding)"
            }
          ]
        },
        "subject": {
          "reference": "Patient/Patient-6491",
          "display": "Rosa Bullock Berg"
        },
        "context": {
          "reference": "Encounter/Encounter-353",
          "display": "McKinley Health Center"
        },
        "effectiveDateTime": "2019-06-17T09:36:36-04:00",
        "performer": [
          {
            "reference": "Practitioner/Practitioner-2528",
            "display": "Tanya Sally Wheeler MD"
          }
        ],
        "valueString": "NEGATIVE"
      },
      "request": {
        "method": "PUT",
        "url": "http://localhost:8080/cqf-ruler/baseDstu3/Observation/Observation-48289"
      }
    },
    {
      "resource": {
        "resourceType": "DiagnosticReport",
        "id": "DiagnosticReport-48290",
        "status": "final",
        "code": {
          "coding": [
            {
              "system": "http://loinc.org",
              "code": "48492-3",
              "display": "Breast implant - bilateral Mammogram screening"
            }
          ]
        },
        "subject": {
          "reference": "Patient/Patient-6491",
          "display": "Rosa Bullock Berg"
        },
        "context": {
          "reference": "Encounter/Encounter-353",
          "display": "McKinley Health Center"
        },
        "effectivePeriod": {
          "start": "2019-06-17T09:36:36-04:00",
          "end": "2019-06-17T09:36:36-04:00"
        },
        "result": [
          {
            "reference": "Observation/Observation-48289",
            "display": "No_Cancer_Detected"
          }
        ]
      },
      "request": {
        "method": "PUT",
        "url": "http://localhost:8080/cqf-ruler/baseDstu3/DiagnosticReport/DiagnosticReport-48290"
      }
    },
    {
      "resource": {
        "resourceType": "Observation",
        "id": "Observation-48291",
        "status": "final",
        "category": [
          {
            "coding": [
              {
                "system": "http://hl7.org/fhir/observation-category",
                "code": "vital-signs",
                "display": "vital-signs"
              }
            ]
          }
        ],
        "code": {
          "coding": [
            {
              "system": "http://loinc.org",
              "code": "8716-3",
              "display": "Vital Signs Panel"
            }
          ]
        },
        "subject": {
          "reference": "Patient/Patient-6491",
          "display": "Rosa Bullock Berg"
        },
        "context": {
          "reference": "Encounter/Encounter-353",
          "display": "McKinley Health Center"
        },
        "effectivePeriod": {
          "start": "2019-06-17T09:36:36-04:00",
          "end": "2019-06-17T09:36:36-04:00"
        },
        "valueQuantity": {
          "value": 69.25440762910672,
          "unit": "mmHg"
        },
        "component": [
          {
            "code": {
              "coding": [
                {
                  "system": "http://loinc.org",
                  "code": "8302-2",
                  "display": "Height"
                }
              ]
            }
          },
          {
            "code": {
              "coding": [
                {
                  "system": "http://loinc.org",
                  "code": "29463-7",
                  "display": "Weight"
                }
              ]
            }
          },
          {
            "code": {
              "coding": [
                {
                  "system": "http://loinc.org",
                  "code": "39156-5",
                  "display": "BMI"
                }
              ]
            }
          },
          {
            "code": {
              "coding": [
                {
                  "system": "http://loinc.org",
                  "code": "8310-5",
                  "display": "Temperature"
                }
              ]
            }
          },
          {
            "code": {
              "coding": [
                {
                  "system": "http://loinc.org",
                  "code": "8459-0",
                  "display": "Systolic Blood Pressure"
                }
              ]
            }
          },
          {
            "code": {
              "coding": [
                {
                  "system": "http://loinc.org",
                  "code": "8453-3",
                  "display": "Diastolic Blood Pressure"
                }
              ]
            }
          }
        ]
      },
      "request": {
        "method": "PUT",
        "url": "http://localhost:8080/cqf-ruler/baseDstu3/Observation/Observation-48291"
      }
    }
  ]
}