{
  "resourceType": "Bundle",
  "type": "transaction",
  "entry": [
    {
      "resource": {
        "resourceType": "Encounter",
        "id": "Encounter-321",
        "status": "finished",
        "class": {
          "system": "http://hl7.org/fhir/encounter-class",
          "code": "other",
          "display": "Other"
        },
        "subject": {
          "reference": "Patient/Patient-6553",
          "display": "Gabriel Bill Good"
        },
        "participant": [
          {
            "period": {
              "start": "2018-02-22T09:36:36-05:00",
              "end": "2018-02-26T09:36:36-05:00"
            },
            "individual": {
              "reference": "Practitioner/Practitioner-2532",
              "display": "Chad Espinoza Potter MD"
            }
          }
        ],
        "period": {
          "start": "2018-02-22T09:36:36-05:00",
          "end": "2018-02-26T09:36:36-05:00"
        },
        "location": [
          {
            "location": {
              "reference": "Location/Location-1002",
              "display": "Gift of Mercy Hospital"
            }
          }
        ],
        "serviceProvider": {
          "reference": "Organization/Organization-1002",
          "display": "Gift of Mercy Hospital"
        }
      },
      "request": {
        "method": "PUT",
        "url": "http://localhost:8080/cqf-ruler/baseDstu3/Encounter/Encounter-321"
      }
    },
    {
      "resource": {
        "resourceType": "Procedure",
        "id": "Procedure-13445",
        "status": "completed",
        "code": {
          "coding": [
            {
              "system": "http://www.ama-assn.org/go/cpt",
              "code": "45346",
              "display": "Sigmoidoscopy, flexible; with ablation of tumor(s), polyp(s), or other lesion(s) (includes pre- and post-dilation and guide wire passage, when performed)"
            }
          ]
        },
        "subject": {
          "reference": "Patient/Patient-6553",
          "display": "Gabriel Bill Good"
        },
        "context": {
          "reference": "Encounter/Encounter-321",
          "display": "Gift of Mercy Hospital"
        },
        "performedPeriod": {
          "start": "2018-02-22T09:36:36-05:00",
          "end": "2018-02-22T09:36:36-05:00"
        },
        "performer": [
          {
            "actor": {
              "reference": "Practitioner/Practitioner-2532",
              "display": "Chad Espinoza Potter MD"
            }
          }
        ],
        "location": {
          "reference": "Location/Location-1002",
          "display": "Gift of Mercy Hospital"
        }
      },
      "request": {
        "method": "PUT",
        "url": "http://localhost:8080/cqf-ruler/baseDstu3/Procedure/Procedure-13445"
      }
    },
    {
      "resource": {
        "resourceType": "Condition",
        "id": "Condition-13446",
        "clinicalStatus": "active",
        "verificationStatus": "confirmed",
        "code": {
          "coding": [
            {
              "system": "http://snomed.info/sct",
              "code": "94179005",
              "display": "Secondary malignant neoplasm of ascending colon"
            }
          ]
        },
        "subject": {
          "reference": "Patient/Patient-6553",
          "display": "Gabriel Bill Good"
        },
        "context": {
          "reference": "Encounter/Encounter-321",
          "display": "Gift of Mercy Hospital"
        },
        "onsetDateTime": "2018-02-22T09:36:36-05:00",
        "assertedDate": "2018-02-22T09:36:36-05:00",
        "asserter": {
          "reference": "Practitioner/Practitioner-2532",
          "display": "Chad Espinoza Potter MD"
        }
      },
      "request": {
        "method": "PUT",
        "url": "http://localhost:8080/cqf-ruler/baseDstu3/Condition/Condition-13446"
      }
    },
    {
      "resource": {
        "resourceType": "Observation",
        "id": "Observation-13447",
        "status": "final",
        "code": {
          "coding": [
            {
              "system": "http://www.ama-assn.org/go/cpt",
              "code": "45335",
              "display": "Sigmoidoscopy, flexible; with directed submucosal injection(s), any substance"
            }
          ]
        },
        "subject": {
          "reference": "Patient/Patient-6553",
          "display": "Gabriel Bill Good"
        },
        "context": {
          "reference": "Encounter/Encounter-321",
          "display": "Gift of Mercy Hospital"
        },
        "effectiveDateTime": "2018-02-22T09:36:36-05:00",
        "performer": [
          {
            "reference": "Practitioner/Practitioner-2532",
            "display": "Chad Espinoza Potter MD"
          }
        ],
        "valueString": "POSITIVE"
      },
      "request": {
        "method": "PUT",
        "url": "http://localhost:8080/cqf-ruler/baseDstu3/Observation/Observation-13447"
      }
    },
    {
      "resource": {
        "resourceType": "Observation",
        "id": "Observation-13449",
        "status": "final",
        "category": [
          {
            "coding": [
              {
                "system": "http://hl7.org/fhir/observation-category",
                "code": "vital-signs",
                "display": "vital-signs"
              }
            ]
          }
        ],
        "code": {
          "coding": [
            {
              "system": "http://loinc.org",
              "code": "8716-3",
              "display": "Vital Signs Panel"
            }
          ]
        },
        "subject": {
          "reference": "Patient/Patient-6553",
          "display": "Gabriel Bill Good"
        },
        "context": {
          "reference": "Encounter/Encounter-321",
          "display": "Gift of Mercy Hospital"
        },
        "effectivePeriod": {
          "start": "2018-02-26T09:36:36-05:00",
          "end": "2018-02-26T09:36:36-05:00"
        },
        "valueQuantity": {
          "value": 93.57606219454553,
          "unit": "mmHg"
        },
        "component": [
          {
            "code": {
              "coding": [
                {
                  "system": "http://loinc.org",
                  "code": "8302-2",
                  "display": "Height"
                }
              ]
            }
          },
          {
            "code": {
              "coding": [
                {
                  "system": "http://loinc.org",
                  "code": "29463-7",
                  "display": "Weight"
                }
              ]
            }
          },
          {
            "code": {
              "coding": [
                {
                  "system": "http://loinc.org",
                  "code": "39156-5",
                  "display": "BMI"
                }
              ]
            }
          },
          {
            "code": {
              "coding": [
                {
                  "system": "http://loinc.org",
                  "code": "8310-5",
                  "display": "Temperature"
                }
              ]
            }
          },
          {
            "code": {
              "coding": [
                {
                  "system": "http://loinc.org",
                  "code": "8459-0",
                  "display": "Systolic Blood Pressure"
                }
              ]
            }
          },
          {
            "code": {
              "coding": [
                {
                  "system": "http://loinc.org",
                  "code": "8453-3",
                  "display": "Diastolic Blood Pressure"
                }
              ]
            }
          }
        ]
      },
      "request": {
        "method": "PUT",
        "url": "http://localhost:8080/cqf-ruler/baseDstu3/Observation/Observation-13449"
      }
    }
  ]
}