{
  "resourceType": "Bundle",
  "type": "transaction",
  "entry": [
    {
      "resource": {
        "resourceType": "Encounter",
        "id": "Encounter-370",
        "status": "finished",
        "class": {
          "system": "http://hl7.org/fhir/encounter-class",
          "code": "other",
          "display": "Other"
        },
        "subject": {
          "reference": "Patient/Patient-6512",
          "display": "Carolyn Gillespie Gallegos"
        },
        "participant": [
          {
            "period": {
              "start": "2019-08-26T09:36:36-04:00",
              "end": "2019-08-26T09:36:36-04:00"
            },
            "individual": {
              "reference": "Practitioner/Practitioner-2529",
              "display": "Stanley Floyd Nielsen MD"
            }
          }
        ],
        "period": {
          "start": "2019-08-26T09:36:36-04:00",
          "end": "2019-08-26T09:36:36-04:00"
        },
        "location": [
          {
            "location": {
              "reference": "Location/Location-1102",
              "display": "Pediatric and Adult Medicine"
            }
          }
        ],
        "serviceProvider": {
          "reference": "Organization/Organization-1102",
          "display": "Pediatric and Adult Medicine"
        }
      },
      "request": {
        "method": "PUT",
        "url": "http://localhost:8080/cqf-ruler/baseDstu3/Encounter/Encounter-370"
      }
    },
    {
      "resource": {
        "resourceType": "Immunization",
        "id": "Immunization-26534",
        "status": "completed",
        "notGiven": false,
        "vaccineCode": {
          "coding": [
            {
              "system": "http://hl7.org/fhir/sid/cvx",
              "code": "140",
              "display": "Influenza, seasonal, injectable, preservative free"
            }
          ]
        },
        "patient": {
          "reference": "Patient/Patient-6512",
          "display": "Carolyn Gillespie Gallegos"
        },
        "date": "2019-08-20T09:36:36-04:00",
        "primarySource": true,
        "location": {
          "reference": "Location/Location-1102",
          "display": "Pediatric and Adult Medicine"
        },
        "practitioner": [
          {
            "actor": {
              "reference": "Practitioner/Practitioner-2529",
              "display": "Stanley Floyd Nielsen MD"
            }
          }
        ]
      },
      "request": {
        "method": "PUT",
        "url": "http://localhost:8080/cqf-ruler/baseDstu3/Immunization/Immunization-26534"
      }
    },
    {
      "resource": {
        "resourceType": "Procedure",
        "id": "Procedure-52664",
        "status": "completed",
        "code": {
          "coding": [
            {
              "system": "http://loinc.org",
              "code": "27401-9",
              "display": "Hemoglobin.gastrointestinal [Presence] in Stool --6th specimen"
            }
          ]
        },
        "subject": {
          "reference": "Patient/Patient-6512",
          "display": "Carolyn Gillespie Gallegos"
        },
        "context": {
          "reference": "Encounter/Encounter-370",
          "display": "Pediatric and Adult Medicine"
        },
        "performedPeriod": {
          "start": "2019-08-26T09:36:36-04:00",
          "end": "2019-08-26T09:36:36-04:00"
        },
        "performer": [
          {
            "actor": {
              "reference": "Practitioner/Practitioner-2529",
              "display": "Stanley Floyd Nielsen MD"
            }
          }
        ],
        "location": {
          "reference": "Location/Location-1102",
          "display": "Pediatric and Adult Medicine"
        }
      },
      "request": {
        "method": "PUT",
        "url": "http://localhost:8080/cqf-ruler/baseDstu3/Procedure/Procedure-52664"
      }
    },
    {
      "resource": {
        "resourceType": "Observation",
        "id": "Observation-52665",
        "status": "final",
        "code": {
          "coding": [
            {
              "system": "http://loinc.org",
              "code": "14565-6",
              "display": "Hemoglobin.gastrointestinal [Presence] in Stool --3rd specimen"
            }
          ]
        },
        "subject": {
          "reference": "Patient/Patient-6512",
          "display": "Carolyn Gillespie Gallegos"
        },
        "context": {
          "reference": "Encounter/Encounter-370",
          "display": "Pediatric and Adult Medicine"
        },
        "effectiveDateTime": "2019-08-26T09:36:36-04:00",
        "performer": [
          {
            "reference": "Practitioner/Practitioner-2529",
            "display": "Stanley Floyd Nielsen MD"
          }
        ],
        "valueString": "NEGATIVE"
      },
      "request": {
        "method": "PUT",
        "url": "http://localhost:8080/cqf-ruler/baseDstu3/Observation/Observation-52665"
      }
    },
    {
      "resource": {
        "resourceType": "Observation",
        "id": "Observation-52666",
        "status": "final",
        "code": {
          "coding": [
            {
              "system": "http://loinc.org",
              "code": "8480-6",
              "display": "Systolic blood pressure"
            }
          ]
        },
        "subject": {
          "reference": "Patient/Patient-6512",
          "display": "Carolyn Gillespie Gallegos"
        },
        "context": {
          "reference": "Encounter/Encounter-370",
          "display": "Pediatric and Adult Medicine"
        },
        "effectiveDateTime": "2019-08-26T09:36:36-04:00",
        "performer": [
          {
            "reference": "Practitioner/Practitioner-2529",
            "display": "Stanley Floyd Nielsen MD"
          }
        ],
        "valueQuantity": {
          "value": 155.0652205529903,
          "unit": "mmHg"
        }
      },
      "request": {
        "method": "PUT",
        "url": "http://localhost:8080/cqf-ruler/baseDstu3/Observation/Observation-52666"
      }
    },
    {
      "resource": {
        "resourceType": "Observation",
        "id": "Observation-52667",
        "status": "final",
        "code": {
          "coding": [
            {
              "system": "http://loinc.org",
              "code": "8462-4",
              "display": "Diastolic blood pressure"
            }
          ]
        },
        "subject": {
          "reference": "Patient/Patient-6512",
          "display": "Carolyn Gillespie Gallegos"
        },
        "context": {
          "reference": "Encounter/Encounter-370",
          "display": "Pediatric and Adult Medicine"
        },
        "effectiveDateTime": "2019-08-26T09:36:36-04:00",
        "performer": [
          {
            "reference": "Practitioner/Practitioner-2529",
            "display": "Stanley Floyd Nielsen MD"
          }
        ],
        "valueQuantity": {
          "value": 111.71690363672631,
          "unit": "mmHg"
        }
      },
      "request": {
        "method": "PUT",
        "url": "http://localhost:8080/cqf-ruler/baseDstu3/Observation/Observation-52667"
      }
    },
    {
      "resource": {
        "resourceType": "Condition",
        "id": "Condition-52668",
        "clinicalStatus": "active",
        "verificationStatus": "confirmed",
        "code": {
          "coding": [
            {
              "system": "http://snomed.info/sct",
              "code": "48146000",
              "display": "Diastolic hypertension"
            }
          ]
        },
        "subject": {
          "reference": "Patient/Patient-6512",
          "display": "Carolyn Gillespie Gallegos"
        },
        "context": {
          "reference": "Encounter/Encounter-370",
          "display": "Pediatric and Adult Medicine"
        },
        "onsetDateTime": "2019-08-26T09:36:36-04:00",
        "assertedDate": "2019-08-26T09:36:36-04:00",
        "asserter": {
          "reference": "Practitioner/Practitioner-2529",
          "display": "Stanley Floyd Nielsen MD"
        }
      },
      "request": {
        "method": "PUT",
        "url": "http://localhost:8080/cqf-ruler/baseDstu3/Condition/Condition-52668"
      }
    },
    {
      "resource": {
        "resourceType": "Procedure",
        "id": "Procedure-52669",
        "status": "completed",
        "code": {
          "coding": [
            {
              "system": "http://snomed.info/sct",
              "code": "43204002",
              "display": "Bilateral mammography (procedure)"
            }
          ]
        },
        "subject": {
          "reference": "Patient/Patient-6512",
          "display": "Carolyn Gillespie Gallegos"
        },
        "context": {
          "reference": "Encounter/Encounter-370",
          "display": "Pediatric and Adult Medicine"
        },
        "performedPeriod": {
          "start": "2019-08-26T09:36:36-04:00",
          "end": "2019-08-26T09:36:36-04:00"
        },
        "performer": [
          {
            "actor": {
              "reference": "Practitioner/Practitioner-2529",
              "display": "Stanley Floyd Nielsen MD"
            }
          }
        ],
        "location": {
          "reference": "Location/Location-1102",
          "display": "Pediatric and Adult Medicine"
        }
      },
      "request": {
        "method": "PUT",
        "url": "http://localhost:8080/cqf-ruler/baseDstu3/Procedure/Procedure-52669"
      }
    },
    {
      "resource": {
        "resourceType": "Observation",
        "id": "Observation-52670",
        "status": "final",
        "code": {
          "coding": [
            {
              "system": "http://snomed.info/sct",
              "code": "168749009",
              "display": "Mammography normal (finding)"
            }
          ]
        },
        "subject": {
          "reference": "Patient/Patient-6512",
          "display": "Carolyn Gillespie Gallegos"
        },
        "context": {
          "reference": "Encounter/Encounter-370",
          "display": "Pediatric and Adult Medicine"
        },
        "effectiveDateTime": "2019-08-26T09:36:36-04:00",
        "performer": [
          {
            "reference": "Practitioner/Practitioner-2529",
            "display": "Stanley Floyd Nielsen MD"
          }
        ],
        "valueString": "NEGATIVE"
      },
      "request": {
        "method": "PUT",
        "url": "http://localhost:8080/cqf-ruler/baseDstu3/Observation/Observation-52670"
      }
    },
    {
      "resource": {
        "resourceType": "DiagnosticReport",
        "id": "DiagnosticReport-52671",
        "status": "final",
        "code": {
          "coding": [
            {
              "system": "http://loinc.org",
              "code": "37769-7",
              "display": "Breast - right Mammogram magnification and spot"
            }
          ]
        },
        "subject": {
          "reference": "Patient/Patient-6512",
          "display": "Carolyn Gillespie Gallegos"
        },
        "context": {
          "reference": "Encounter/Encounter-370",
          "display": "Pediatric and Adult Medicine"
        },
        "effectivePeriod": {
          "start": "2019-08-26T09:36:36-04:00",
          "end": "2019-08-26T09:36:36-04:00"
        },
        "result": [
          {
            "reference": "Observation/Observation-52670",
            "display": "No_Cancer_Detected"
          }
        ]
      },
      "request": {
        "method": "PUT",
        "url": "http://localhost:8080/cqf-ruler/baseDstu3/DiagnosticReport/DiagnosticReport-52671"
      }
    },
    {
      "resource": {
        "resourceType": "Procedure",
        "id": "Procedure-52672",
        "status": "completed",
        "code": {
          "coding": [
            {
              "system": "http://loinc.org",
              "code": "19766-5",
              "display": "Microscopic observation [Identifier] in Cervical or vaginal smear or scraping by Cyto stain Narrative"
            }
          ]
        },
        "subject": {
          "reference": "Patient/Patient-6512",
          "display": "Carolyn Gillespie Gallegos"
        },
        "context": {
          "reference": "Encounter/Encounter-370",
          "display": "Pediatric and Adult Medicine"
        },
        "performedPeriod": {
          "start": "2019-08-26T09:36:36-04:00",
          "end": "2019-08-26T09:36:36-04:00"
        },
        "performer": [
          {
            "actor": {
              "reference": "Practitioner/Practitioner-2529",
              "display": "Stanley Floyd Nielsen MD"
            }
          }
        ],
        "location": {
          "reference": "Location/Location-1102",
          "display": "Pediatric and Adult Medicine"
        }
      },
      "request": {
        "method": "PUT",
        "url": "http://localhost:8080/cqf-ruler/baseDstu3/Procedure/Procedure-52672"
      }
    },
    {
      "resource": {
        "resourceType": "Observation",
        "id": "Observation-52673",
        "status": "final",
        "code": {
          "coding": [
            {
              "system": "http://snomed.info/sct",
              "code": "289829007",
              "display": "Normal uterine cervix (finding)"
            }
          ]
        },
        "subject": {
          "reference": "Patient/Patient-6512",
          "display": "Carolyn Gillespie Gallegos"
        },
        "context": {
          "reference": "Encounter/Encounter-370",
          "display": "Pediatric and Adult Medicine"
        },
        "effectiveDateTime": "2019-08-26T09:36:36-04:00",
        "performer": [
          {
            "reference": "Practitioner/Practitioner-2529",
            "display": "Stanley Floyd Nielsen MD"
          }
        ],
        "valueString": "NEGATIVE"
      },
      "request": {
        "method": "PUT",
        "url": "http://localhost:8080/cqf-ruler/baseDstu3/Observation/Observation-52673"
      }
    },
    {
      "resource": {
        "resourceType": "DiagnosticReport",
        "id": "DiagnosticReport-52674",
        "status": "final",
        "code": {
          "coding": [
            {
              "system": "http://loinc.org",
              "code": "26350-9",
              "display": "Breast - left Mammogram diagnostic limited"
            }
          ]
        },
        "subject": {
          "reference": "Patient/Patient-6512",
          "display": "Carolyn Gillespie Gallegos"
        },
        "context": {
          "reference": "Encounter/Encounter-370",
          "display": "Pediatric and Adult Medicine"
        },
        "effectivePeriod": {
          "start": "2019-08-26T09:36:36-04:00",
          "end": "2019-08-26T09:36:36-04:00"
        },
        "result": [
          {
            "reference": "Observation/Observation-52673",
            "display": "No_Cancer_Detected"
          }
        ]
      },
      "request": {
        "method": "PUT",
        "url": "http://localhost:8080/cqf-ruler/baseDstu3/DiagnosticReport/DiagnosticReport-52674"
      }
    },
    {
      "resource": {
        "resourceType": "Observation",
        "id": "Observation-52675",
        "status": "final",
        "category": [
          {
            "coding": [
              {
                "system": "http://hl7.org/fhir/observation-category",
                "code": "vital-signs",
                "display": "vital-signs"
              }
            ]
          }
        ],
        "code": {
          "coding": [
            {
              "system": "http://loinc.org",
              "code": "8716-3",
              "display": "Vital Signs Panel"
            }
          ]
        },
        "subject": {
          "reference": "Patient/Patient-6512",
          "display": "Carolyn Gillespie Gallegos"
        },
        "context": {
          "reference": "Encounter/Encounter-370",
          "display": "Pediatric and Adult Medicine"
        },
        "effectivePeriod": {
          "start": "2019-08-26T09:36:36-04:00",
          "end": "2019-08-26T09:36:36-04:00"
        },
        "valueQuantity": {
          "value": 111.71690363672631,
          "unit": "mmHg"
        },
        "component": [
          {
            "code": {
              "coding": [
                {
                  "system": "http://loinc.org",
                  "code": "8302-2",
                  "display": "Height"
                }
              ]
            }
          },
          {
            "code": {
              "coding": [
                {
                  "system": "http://loinc.org",
                  "code": "29463-7",
                  "display": "Weight"
                }
              ]
            }
          },
          {
            "code": {
              "coding": [
                {
                  "system": "http://loinc.org",
                  "code": "39156-5",
                  "display": "BMI"
                }
              ]
            }
          },
          {
            "code": {
              "coding": [
                {
                  "system": "http://loinc.org",
                  "code": "8310-5",
                  "display": "Temperature"
                }
              ]
            }
          },
          {
            "code": {
              "coding": [
                {
                  "system": "http://loinc.org",
                  "code": "8459-0",
                  "display": "Systolic Blood Pressure"
                }
              ]
            }
          },
          {
            "code": {
              "coding": [
                {
                  "system": "http://loinc.org",
                  "code": "8453-3",
                  "display": "Diastolic Blood Pressure"
                }
              ]
            }
          }
        ]
      },
      "request": {
        "method": "PUT",
        "url": "http://localhost:8080/cqf-ruler/baseDstu3/Observation/Observation-52675"
      }
    }
  ]
}