{
  "resourceType": "Bundle",
  "type": "transaction",
  "entry": [
    {
      "resource": {
        "resourceType": "Encounter",
        "id": "Encounter-316",
        "status": "finished",
        "class": {
          "system": "http://hl7.org/fhir/encounter-class",
          "code": "other",
          "display": "Other"
        },
        "subject": {
          "reference": "Patient/Patient-6502",
          "display": "Russell Jamie Henderson Jr"
        },
        "participant": [
          {
            "period": {
              "start": "2020-02-03T09:36:36-05:00",
              "end": "2020-02-03T09:36:36-05:00"
            },
            "individual": {
              "reference": "Practitioner/Practitioner-2519",
              "display": "Stanley Jason Garrett MD"
            }
          }
        ],
        "period": {
          "start": "2020-02-03T09:36:36-05:00",
          "end": "2020-02-03T09:36:36-05:00"
        },
        "location": [
          {
            "location": {
              "reference": "Location/Location-1104",
              "display": "Bay Area Family Practice"
            }
          }
        ],
        "serviceProvider": {
          "reference": "Organization/Organization-1104",
          "display": "Bay Area Family Practice"
        }
      },
      "request": {
        "method": "PUT",
        "url": "http://localhost:8080/cqf-ruler/baseDstu3/Encounter/Encounter-316"
      }
    },
    {
      "resource": {
        "resourceType": "Immunization",
        "id": "Immunization-11295",
        "status": "completed",
        "notGiven": false,
        "vaccineCode": {
          "coding": [
            {
              "system": "http://hl7.org/fhir/sid/cvx",
              "code": "140",
              "display": "Influenza, seasonal, injectable, preservative free"
            }
          ]
        },
        "patient": {
          "reference": "Patient/Patient-6502",
          "display": "Russell Jamie Henderson Jr"
        },
        "date": "2020-01-29T09:36:36-05:00",
        "primarySource": true,
        "location": {
          "reference": "Location/Location-1104",
          "display": "Bay Area Family Practice"
        },
        "practitioner": [
          {
            "actor": {
              "reference": "Practitioner/Practitioner-2519",
              "display": "Stanley Jason Garrett MD"
            }
          }
        ]
      },
      "request": {
        "method": "PUT",
        "url": "http://localhost:8080/cqf-ruler/baseDstu3/Immunization/Immunization-11295"
      }
    },
    {
      "resource": {
        "resourceType": "Procedure",
        "id": "Procedure-63606",
        "status": "completed",
        "code": {
          "coding": [
            {
              "system": "http://loinc.org",
              "code": "57905-2",
              "display": "Hemoglobin.gastrointestinal [Presence] in Stool by Immunologic method --1st specimen"
            }
          ]
        },
        "subject": {
          "reference": "Patient/Patient-6502",
          "display": "Russell Jamie Henderson Jr"
        },
        "context": {
          "reference": "Encounter/Encounter-316",
          "display": "Bay Area Family Practice"
        },
        "performedPeriod": {
          "start": "2020-02-03T09:36:36-05:00",
          "end": "2020-02-03T09:36:36-05:00"
        },
        "performer": [
          {
            "actor": {
              "reference": "Practitioner/Practitioner-2519",
              "display": "Stanley Jason Garrett MD"
            }
          }
        ],
        "location": {
          "reference": "Location/Location-1104",
          "display": "Bay Area Family Practice"
        }
      },
      "request": {
        "method": "PUT",
        "url": "http://localhost:8080/cqf-ruler/baseDstu3/Procedure/Procedure-63606"
      }
    },
    {
      "resource": {
        "resourceType": "Observation",
        "id": "Observation-63607",
        "status": "final",
        "code": {
          "coding": [
            {
              "system": "http://loinc.org",
              "code": "57905-2",
              "display": "Hemoglobin.gastrointestinal [Presence] in Stool by Immunologic method --1st specimen"
            }
          ]
        },
        "subject": {
          "reference": "Patient/Patient-6502",
          "display": "Russell Jamie Henderson Jr"
        },
        "context": {
          "reference": "Encounter/Encounter-316",
          "display": "Bay Area Family Practice"
        },
        "effectiveDateTime": "2020-02-03T09:36:36-05:00",
        "performer": [
          {
            "reference": "Practitioner/Practitioner-2519",
            "display": "Stanley Jason Garrett MD"
          }
        ],
        "valueString": "POSITIVE"
      },
      "request": {
        "method": "PUT",
        "url": "http://localhost:8080/cqf-ruler/baseDstu3/Observation/Observation-63607"
      }
    },
    {
      "resource": {
        "resourceType": "Observation",
        "id": "Observation-63608",
        "status": "final",
        "code": {
          "coding": [
            {
              "system": "http://loinc.org",
              "code": "8480-6",
              "display": "Systolic blood pressure"
            }
          ]
        },
        "subject": {
          "reference": "Patient/Patient-6502",
          "display": "Russell Jamie Henderson Jr"
        },
        "context": {
          "reference": "Encounter/Encounter-316",
          "display": "Bay Area Family Practice"
        },
        "effectiveDateTime": "2020-02-03T09:36:36-05:00",
        "performer": [
          {
            "reference": "Practitioner/Practitioner-2519",
            "display": "Stanley Jason Garrett MD"
          }
        ],
        "valueQuantity": {
          "value": 165.24584068325515,
          "unit": "mmHg"
        }
      },
      "request": {
        "method": "PUT",
        "url": "http://localhost:8080/cqf-ruler/baseDstu3/Observation/Observation-63608"
      }
    },
    {
      "resource": {
        "resourceType": "Observation",
        "id": "Observation-63609",
        "status": "final",
        "code": {
          "coding": [
            {
              "system": "http://loinc.org",
              "code": "8462-4",
              "display": "Diastolic blood pressure"
            }
          ]
        },
        "subject": {
          "reference": "Patient/Patient-6502",
          "display": "Russell Jamie Henderson Jr"
        },
        "context": {
          "reference": "Encounter/Encounter-316",
          "display": "Bay Area Family Practice"
        },
        "effectiveDateTime": "2020-02-03T09:36:36-05:00",
        "performer": [
          {
            "reference": "Practitioner/Practitioner-2519",
            "display": "Stanley Jason Garrett MD"
          }
        ],
        "valueQuantity": {
          "value": 114.91916925920995,
          "unit": "mmHg"
        }
      },
      "request": {
        "method": "PUT",
        "url": "http://localhost:8080/cqf-ruler/baseDstu3/Observation/Observation-63609"
      }
    },
    {
      "resource": {
        "resourceType": "Condition",
        "id": "Condition-63610",
        "clinicalStatus": "active",
        "verificationStatus": "confirmed",
        "code": {
          "coding": [
            {
              "system": "http://snomed.info/sct",
              "code": "56218007",
              "display": "Systolic hypertension"
            }
          ]
        },
        "subject": {
          "reference": "Patient/Patient-6502",
          "display": "Russell Jamie Henderson Jr"
        },
        "context": {
          "reference": "Encounter/Encounter-316",
          "display": "Bay Area Family Practice"
        },
        "onsetDateTime": "2020-02-03T09:36:36-05:00",
        "assertedDate": "2020-02-03T09:36:36-05:00",
        "asserter": {
          "reference": "Practitioner/Practitioner-2519",
          "display": "Stanley Jason Garrett MD"
        }
      },
      "request": {
        "method": "PUT",
        "url": "http://localhost:8080/cqf-ruler/baseDstu3/Condition/Condition-63610"
      }
    },
    {
      "resource": {
        "resourceType": "Observation",
        "id": "Observation-63611",
        "status": "final",
        "category": [
          {
            "coding": [
              {
                "system": "http://hl7.org/fhir/observation-category",
                "code": "vital-signs",
                "display": "vital-signs"
              }
            ]
          }
        ],
        "code": {
          "coding": [
            {
              "system": "http://loinc.org",
              "code": "8716-3",
              "display": "Vital Signs Panel"
            }
          ]
        },
        "subject": {
          "reference": "Patient/Patient-6502",
          "display": "Russell Jamie Henderson Jr"
        },
        "context": {
          "reference": "Encounter/Encounter-316",
          "display": "Bay Area Family Practice"
        },
        "effectivePeriod": {
          "start": "2020-02-03T09:36:36-05:00",
          "end": "2020-02-03T09:36:36-05:00"
        },
        "valueQuantity": {
          "value": 114.91916925920995,
          "unit": "mmHg"
        },
        "component": [
          {
            "code": {
              "coding": [
                {
                  "system": "http://loinc.org",
                  "code": "8302-2",
                  "display": "Height"
                }
              ]
            }
          },
          {
            "code": {
              "coding": [
                {
                  "system": "http://loinc.org",
                  "code": "29463-7",
                  "display": "Weight"
                }
              ]
            }
          },
          {
            "code": {
              "coding": [
                {
                  "system": "http://loinc.org",
                  "code": "39156-5",
                  "display": "BMI"
                }
              ]
            }
          },
          {
            "code": {
              "coding": [
                {
                  "system": "http://loinc.org",
                  "code": "8310-5",
                  "display": "Temperature"
                }
              ]
            }
          },
          {
            "code": {
              "coding": [
                {
                  "system": "http://loinc.org",
                  "code": "8459-0",
                  "display": "Systolic Blood Pressure"
                }
              ]
            }
          },
          {
            "code": {
              "coding": [
                {
                  "system": "http://loinc.org",
                  "code": "8453-3",
                  "display": "Diastolic Blood Pressure"
                }
              ]
            }
          }
        ]
      },
      "request": {
        "method": "PUT",
        "url": "http://localhost:8080/cqf-ruler/baseDstu3/Observation/Observation-63611"
      }
    }
  ]
}