{
  "resourceType": "Bundle",
  "type": "transaction",
  "entry": [
    {
      "resource": {
        "resourceType": "Encounter",
        "id": "Encounter-611",
        "status": "finished",
        "class": {
          "system": "http://hl7.org/fhir/encounter-class",
          "code": "other",
          "display": "Other"
        },
        "subject": {
          "reference": "Patient/Patient-6541",
          "display": "Karl Ron Costa"
        },
        "participant": [
          {
            "period": {
              "start": "2023-04-03T09:36:36-04:00",
              "end": "2023-04-03T09:36:36-04:00"
            },
            "individual": {
              "reference": "Practitioner/Practitioner-2518",
              "display": "Jane Rosemary Saunders MD"
            }
          }
        ],
        "period": {
          "start": "2023-04-03T09:36:36-04:00",
          "end": "2023-04-03T09:36:36-04:00"
        },
        "location": [
          {
            "location": {
              "reference": "Location/Location-1103",
              "display": "Acme Medical Center"
            }
          }
        ],
        "serviceProvider": {
          "reference": "Organization/Organization-1103",
          "display": "Acme Medical Center"
        }
      },
      "request": {
        "method": "PUT",
        "url": "http://localhost:8080/cqf-ruler/baseDstu3/Encounter/Encounter-611"
      }
    },
    {
      "resource": {
        "resourceType": "Immunization",
        "id": "Immunization-93953",
        "status": "completed",
        "notGiven": false,
        "vaccineCode": {
          "coding": [
            {
              "system": "http://hl7.org/fhir/sid/cvx",
              "code": "140",
              "display": "Influenza, seasonal, injectable, preservative free"
            }
          ]
        },
        "patient": {
          "reference": "Patient/Patient-6541",
          "display": "Karl Ron Costa"
        },
        "date": "2023-03-29T09:36:36-04:00",
        "primarySource": true,
        "location": {
          "reference": "Location/Location-1103",
          "display": "Acme Medical Center"
        },
        "practitioner": [
          {
            "actor": {
              "reference": "Practitioner/Practitioner-2518",
              "display": "Jane Rosemary Saunders MD"
            }
          }
        ]
      },
      "request": {
        "method": "PUT",
        "url": "http://localhost:8080/cqf-ruler/baseDstu3/Immunization/Immunization-93953"
      }
    },
    {
      "resource": {
        "resourceType": "Observation",
        "id": "Observation-145870",
        "status": "final",
        "code": {
          "coding": [
            {
              "system": "http://loinc.org",
              "code": "8480-6",
              "display": "Systolic blood pressure"
            }
          ]
        },
        "subject": {
          "reference": "Patient/Patient-6541",
          "display": "Karl Ron Costa"
        },
        "context": {
          "reference": "Encounter/Encounter-611",
          "display": "Acme Medical Center"
        },
        "effectiveDateTime": "2023-04-03T09:36:36-04:00",
        "performer": [
          {
            "reference": "Practitioner/Practitioner-2518",
            "display": "Jane Rosemary Saunders MD"
          }
        ],
        "valueQuantity": {
          "value": 122.038174645723,
          "unit": "mmHg"
        }
      },
      "request": {
        "method": "PUT",
        "url": "http://localhost:8080/cqf-ruler/baseDstu3/Observation/Observation-145870"
      }
    },
    {
      "resource": {
        "resourceType": "Observation",
        "id": "Observation-145871",
        "status": "final",
        "code": {
          "coding": [
            {
              "system": "http://loinc.org",
              "code": "8462-4",
              "display": "Diastolic blood pressure"
            }
          ]
        },
        "subject": {
          "reference": "Patient/Patient-6541",
          "display": "Karl Ron Costa"
        },
        "context": {
          "reference": "Encounter/Encounter-611",
          "display": "Acme Medical Center"
        },
        "effectiveDateTime": "2023-04-03T09:36:36-04:00",
        "performer": [
          {
            "reference": "Practitioner/Practitioner-2518",
            "display": "Jane Rosemary Saunders MD"
          }
        ],
        "valueQuantity": {
          "value": 86.97521733672076,
          "unit": "mmHg"
        }
      },
      "request": {
        "method": "PUT",
        "url": "http://localhost:8080/cqf-ruler/baseDstu3/Observation/Observation-145871"
      }
    },
    {
      "resource": {
        "resourceType": "Observation",
        "id": "Observation-145872",
        "status": "final",
        "category": [
          {
            "coding": [
              {
                "system": "http://hl7.org/fhir/observation-category",
                "code": "vital-signs",
                "display": "vital-signs"
              }
            ]
          }
        ],
        "code": {
          "coding": [
            {
              "system": "http://loinc.org",
              "code": "8716-3",
              "display": "Vital Signs Panel"
            }
          ]
        },
        "subject": {
          "reference": "Patient/Patient-6541",
          "display": "Karl Ron Costa"
        },
        "context": {
          "reference": "Encounter/Encounter-611",
          "display": "Acme Medical Center"
        },
        "effectivePeriod": {
          "start": "2023-04-03T09:36:36-04:00",
          "end": "2023-04-03T09:36:36-04:00"
        },
        "valueQuantity": {
          "value": 86.97521733672076,
          "unit": "mmHg"
        },
        "component": [
          {
            "code": {
              "coding": [
                {
                  "system": "http://loinc.org",
                  "code": "8302-2",
                  "display": "Height"
                }
              ]
            }
          },
          {
            "code": {
              "coding": [
                {
                  "system": "http://loinc.org",
                  "code": "29463-7",
                  "display": "Weight"
                }
              ]
            }
          },
          {
            "code": {
              "coding": [
                {
                  "system": "http://loinc.org",
                  "code": "39156-5",
                  "display": "BMI"
                }
              ]
            }
          },
          {
            "code": {
              "coding": [
                {
                  "system": "http://loinc.org",
                  "code": "8310-5",
                  "display": "Temperature"
                }
              ]
            }
          },
          {
            "code": {
              "coding": [
                {
                  "system": "http://loinc.org",
                  "code": "8459-0",
                  "display": "Systolic Blood Pressure"
                }
              ]
            }
          },
          {
            "code": {
              "coding": [
                {
                  "system": "http://loinc.org",
                  "code": "8453-3",
                  "display": "Diastolic Blood Pressure"
                }
              ]
            }
          }
        ]
      },
      "request": {
        "method": "PUT",
        "url": "http://localhost:8080/cqf-ruler/baseDstu3/Observation/Observation-145872"
      }
    }
  ]
}