{
  "resourceType": "Bundle",
  "type": "transaction",
  "entry": [
    {
      "resource": {
        "resourceType": "Encounter",
        "id": "Encounter-444",
        "status": "finished",
        "class": {
          "system": "http://hl7.org/fhir/encounter-class",
          "code": "other",
          "display": "Other"
        },
        "subject": {
          "reference": "Patient/Patient-6530",
          "display": "Lillian Marcia Hicks"
        },
        "participant": [
          {
            "period": {
              "start": "2022-06-06T09:36:36-04:00",
              "end": "2022-06-06T09:36:36-04:00"
            },
            "individual": {
              "reference": "Practitioner/Practitioner-2527",
              "display": "Lee Chris Mejia MD"
            }
          }
        ],
        "period": {
          "start": "2022-06-06T09:36:36-04:00",
          "end": "2022-06-06T09:36:36-04:00"
        },
        "location": [
          {
            "location": {
              "reference": "Location/Location-1106",
              "display": "Cranston Family Medical"
            }
          }
        ],
        "serviceProvider": {
          "reference": "Organization/Organization-1106",
          "display": "Cranston Family Medical"
        }
      },
      "request": {
        "method": "PUT",
        "url": "http://localhost:8080/cqf-ruler/baseDstu3/Encounter/Encounter-444"
      }
    },
    {
      "resource": {
        "resourceType": "Immunization",
        "id": "Immunization-46158",
        "status": "completed",
        "notGiven": false,
        "vaccineCode": {
          "coding": [
            {
              "system": "http://hl7.org/fhir/sid/cvx",
              "code": "140",
              "display": "Influenza, seasonal, injectable, preservative free"
            }
          ]
        },
        "patient": {
          "reference": "Patient/Patient-6530",
          "display": "Lillian Marcia Hicks"
        },
        "date": "2022-06-02T09:36:36-04:00",
        "primarySource": true,
        "location": {
          "reference": "Location/Location-1106",
          "display": "Cranston Family Medical"
        },
        "practitioner": [
          {
            "actor": {
              "reference": "Practitioner/Practitioner-2527",
              "display": "Lee Chris Mejia MD"
            }
          }
        ]
      },
      "request": {
        "method": "PUT",
        "url": "http://localhost:8080/cqf-ruler/baseDstu3/Immunization/Immunization-46158"
      }
    },
    {
      "resource": {
        "resourceType": "Observation",
        "id": "Observation-125542",
        "status": "final",
        "code": {
          "coding": [
            {
              "system": "http://loinc.org",
              "code": "8480-6",
              "display": "Systolic blood pressure"
            }
          ]
        },
        "subject": {
          "reference": "Patient/Patient-6530",
          "display": "Lillian Marcia Hicks"
        },
        "context": {
          "reference": "Encounter/Encounter-444",
          "display": "Cranston Family Medical"
        },
        "effectiveDateTime": "2022-06-06T09:36:36-04:00",
        "performer": [
          {
            "reference": "Practitioner/Practitioner-2527",
            "display": "Lee Chris Mejia MD"
          }
        ],
        "valueQuantity": {
          "value": 131.82682024797677,
          "unit": "mmHg"
        }
      },
      "request": {
        "method": "PUT",
        "url": "http://localhost:8080/cqf-ruler/baseDstu3/Observation/Observation-125542"
      }
    },
    {
      "resource": {
        "resourceType": "Observation",
        "id": "Observation-125543",
        "status": "final",
        "code": {
          "coding": [
            {
              "system": "http://loinc.org",
              "code": "8462-4",
              "display": "Diastolic blood pressure"
            }
          ]
        },
        "subject": {
          "reference": "Patient/Patient-6530",
          "display": "Lillian Marcia Hicks"
        },
        "context": {
          "reference": "Encounter/Encounter-444",
          "display": "Cranston Family Medical"
        },
        "effectiveDateTime": "2022-06-06T09:36:36-04:00",
        "performer": [
          {
            "reference": "Practitioner/Practitioner-2527",
            "display": "Lee Chris Mejia MD"
          }
        ],
        "valueQuantity": {
          "value": 110.32198341974572,
          "unit": "mmHg"
        }
      },
      "request": {
        "method": "PUT",
        "url": "http://localhost:8080/cqf-ruler/baseDstu3/Observation/Observation-125543"
      }
    },
    {
      "resource": {
        "resourceType": "Condition",
        "id": "Condition-125544",
        "clinicalStatus": "active",
        "verificationStatus": "confirmed",
        "code": {
          "coding": [
            {
              "system": "http://snomed.info/sct",
              "code": "1201005",
              "display": "Benign essential hypertension"
            }
          ]
        },
        "subject": {
          "reference": "Patient/Patient-6530",
          "display": "Lillian Marcia Hicks"
        },
        "context": {
          "reference": "Encounter/Encounter-444",
          "display": "Cranston Family Medical"
        },
        "onsetDateTime": "2022-06-06T09:36:36-04:00",
        "assertedDate": "2022-06-06T09:36:36-04:00",
        "asserter": {
          "reference": "Practitioner/Practitioner-2527",
          "display": "Lee Chris Mejia MD"
        }
      },
      "request": {
        "method": "PUT",
        "url": "http://localhost:8080/cqf-ruler/baseDstu3/Condition/Condition-125544"
      }
    },
    {
      "resource": {
        "resourceType": "Procedure",
        "id": "Procedure-125545",
        "status": "completed",
        "code": {
          "coding": [
            {
              "system": "http://loinc.org",
              "code": "19762-4",
              "display": "General categories [interpretation] of Cervical or vaginal smear or scraping by Cyto stain"
            }
          ]
        },
        "subject": {
          "reference": "Patient/Patient-6530",
          "display": "Lillian Marcia Hicks"
        },
        "context": {
          "reference": "Encounter/Encounter-444",
          "display": "Cranston Family Medical"
        },
        "performedPeriod": {
          "start": "2022-06-06T09:36:36-04:00",
          "end": "2022-06-06T09:36:36-04:00"
        },
        "performer": [
          {
            "actor": {
              "reference": "Practitioner/Practitioner-2527",
              "display": "Lee Chris Mejia MD"
            }
          }
        ],
        "location": {
          "reference": "Location/Location-1106",
          "display": "Cranston Family Medical"
        }
      },
      "request": {
        "method": "PUT",
        "url": "http://localhost:8080/cqf-ruler/baseDstu3/Procedure/Procedure-125545"
      }
    },
    {
      "resource": {
        "resourceType": "Observation",
        "id": "Observation-125546",
        "status": "final",
        "code": {
          "coding": [
            {
              "system": "http://snomed.info/sct",
              "code": "289829007",
              "display": "Normal uterine cervix (finding)"
            }
          ]
        },
        "subject": {
          "reference": "Patient/Patient-6530",
          "display": "Lillian Marcia Hicks"
        },
        "context": {
          "reference": "Encounter/Encounter-444",
          "display": "Cranston Family Medical"
        },
        "effectiveDateTime": "2022-06-06T09:36:36-04:00",
        "performer": [
          {
            "reference": "Practitioner/Practitioner-2527",
            "display": "Lee Chris Mejia MD"
          }
        ],
        "valueString": "NEGATIVE"
      },
      "request": {
        "method": "PUT",
        "url": "http://localhost:8080/cqf-ruler/baseDstu3/Observation/Observation-125546"
      }
    },
    {
      "resource": {
        "resourceType": "DiagnosticReport",
        "id": "DiagnosticReport-125547",
        "status": "final",
        "code": {
          "coding": [
            {
              "system": "http://loinc.org",
              "code": "39153-2",
              "display": "Breast FFD mammogram screening"
            }
          ]
        },
        "subject": {
          "reference": "Patient/Patient-6530",
          "display": "Lillian Marcia Hicks"
        },
        "context": {
          "reference": "Encounter/Encounter-444",
          "display": "Cranston Family Medical"
        },
        "effectivePeriod": {
          "start": "2022-06-06T09:36:36-04:00",
          "end": "2022-06-06T09:36:36-04:00"
        },
        "result": [
          {
            "reference": "Observation/Observation-125546",
            "display": "No_Cancer_Detected"
          }
        ]
      },
      "request": {
        "method": "PUT",
        "url": "http://localhost:8080/cqf-ruler/baseDstu3/DiagnosticReport/DiagnosticReport-125547"
      }
    },
    {
      "resource": {
        "resourceType": "Observation",
        "id": "Observation-125548",
        "status": "final",
        "category": [
          {
            "coding": [
              {
                "system": "http://hl7.org/fhir/observation-category",
                "code": "vital-signs",
                "display": "vital-signs"
              }
            ]
          }
        ],
        "code": {
          "coding": [
            {
              "system": "http://loinc.org",
              "code": "8716-3",
              "display": "Vital Signs Panel"
            }
          ]
        },
        "subject": {
          "reference": "Patient/Patient-6530",
          "display": "Lillian Marcia Hicks"
        },
        "context": {
          "reference": "Encounter/Encounter-444",
          "display": "Cranston Family Medical"
        },
        "effectivePeriod": {
          "start": "2022-06-06T09:36:36-04:00",
          "end": "2022-06-06T09:36:36-04:00"
        },
        "valueQuantity": {
          "value": 110.32198341974572,
          "unit": "mmHg"
        },
        "component": [
          {
            "code": {
              "coding": [
                {
                  "system": "http://loinc.org",
                  "code": "8302-2",
                  "display": "Height"
                }
              ]
            }
          },
          {
            "code": {
              "coding": [
                {
                  "system": "http://loinc.org",
                  "code": "29463-7",
                  "display": "Weight"
                }
              ]
            }
          },
          {
            "code": {
              "coding": [
                {
                  "system": "http://loinc.org",
                  "code": "39156-5",
                  "display": "BMI"
                }
              ]
            }
          },
          {
            "code": {
              "coding": [
                {
                  "system": "http://loinc.org",
                  "code": "8310-5",
                  "display": "Temperature"
                }
              ]
            }
          },
          {
            "code": {
              "coding": [
                {
                  "system": "http://loinc.org",
                  "code": "8459-0",
                  "display": "Systolic Blood Pressure"
                }
              ]
            }
          },
          {
            "code": {
              "coding": [
                {
                  "system": "http://loinc.org",
                  "code": "8453-3",
                  "display": "Diastolic Blood Pressure"
                }
              ]
            }
          }
        ]
      },
      "request": {
        "method": "PUT",
        "url": "http://localhost:8080/cqf-ruler/baseDstu3/Observation/Observation-125548"
      }
    }
  ]
}