{
  "resourceType": "Bundle",
  "type": "transaction",
  "entry": [
    {
      "resource": {
        "resourceType": "Encounter",
        "id": "Encounter-230",
        "status": "finished",
        "class": {
          "system": "http://hl7.org/fhir/encounter-class",
          "code": "other",
          "display": "Other"
        },
        "subject": {
          "reference": "Patient/Patient-1128",
          "display": "Jessica Pauleen Campbell"
        },
        "participant": [
          {
            "period": {
              "start": "2019-09-16T09:36:36-04:00",
              "end": "2019-09-16T09:36:36-04:00"
            },
            "individual": {
              "reference": "Practitioner/Practitioner-2525",
              "display": "Kyle Christian Ballard MD"
            }
          }
        ],
        "period": {
          "start": "2019-09-16T09:36:36-04:00",
          "end": "2019-09-16T09:36:36-04:00"
        },
        "location": [
          {
            "location": {
              "reference": "Location/Location-1104",
              "display": "Bay Area Family Practice"
            }
          }
        ],
        "serviceProvider": {
          "reference": "Organization/Organization-1104",
          "display": "Bay Area Family Practice"
        }
      },
      "request": {
        "method": "PUT",
        "url": "http://localhost:8080/cqf-ruler/baseDstu3/Encounter/Encounter-230"
      }
    },
    {
      "resource": {
        "resourceType": "Immunization",
        "id": "Immunization-1284",
        "status": "completed",
        "notGiven": false,
        "vaccineCode": {
          "coding": [
            {
              "system": "http://hl7.org/fhir/sid/cvx",
              "code": "140",
              "display": "Influenza, seasonal, injectable, preservative free"
            }
          ]
        },
        "patient": {
          "reference": "Patient/Patient-1128",
          "display": "Jessica Pauleen Campbell"
        },
        "date": "2019-09-12T09:36:36-04:00",
        "primarySource": true,
        "location": {
          "reference": "Location/Location-1104",
          "display": "Bay Area Family Practice"
        },
        "practitioner": [
          {
            "actor": {
              "reference": "Practitioner/Practitioner-2525",
              "display": "Kyle Christian Ballard MD"
            }
          }
        ]
      },
      "request": {
        "method": "PUT",
        "url": "http://localhost:8080/cqf-ruler/baseDstu3/Immunization/Immunization-1284"
      }
    },
    {
      "resource": {
        "resourceType": "Observation",
        "id": "Observation-54867",
        "status": "final",
        "code": {
          "coding": [
            {
              "system": "http://loinc.org",
              "code": "8480-6",
              "display": "Systolic blood pressure"
            }
          ]
        },
        "subject": {
          "reference": "Patient/Patient-1128",
          "display": "Jessica Pauleen Campbell"
        },
        "context": {
          "reference": "Encounter/Encounter-230",
          "display": "Bay Area Family Practice"
        },
        "effectiveDateTime": "2019-09-16T09:36:36-04:00",
        "performer": [
          {
            "reference": "Practitioner/Practitioner-2525",
            "display": "Kyle Christian Ballard MD"
          }
        ],
        "valueQuantity": {
          "value": 151.08274244739624,
          "unit": "mmHg"
        }
      },
      "request": {
        "method": "PUT",
        "url": "http://localhost:8080/cqf-ruler/baseDstu3/Observation/Observation-54867"
      }
    },
    {
      "resource": {
        "resourceType": "Observation",
        "id": "Observation-54868",
        "status": "final",
        "code": {
          "coding": [
            {
              "system": "http://loinc.org",
              "code": "8462-4",
              "display": "Diastolic blood pressure"
            }
          ]
        },
        "subject": {
          "reference": "Patient/Patient-1128",
          "display": "Jessica Pauleen Campbell"
        },
        "context": {
          "reference": "Encounter/Encounter-230",
          "display": "Bay Area Family Practice"
        },
        "effectiveDateTime": "2019-09-16T09:36:36-04:00",
        "performer": [
          {
            "reference": "Practitioner/Practitioner-2525",
            "display": "Kyle Christian Ballard MD"
          }
        ],
        "valueQuantity": {
          "value": 74.55943911255899,
          "unit": "mmHg"
        }
      },
      "request": {
        "method": "PUT",
        "url": "http://localhost:8080/cqf-ruler/baseDstu3/Observation/Observation-54868"
      }
    },
    {
      "resource": {
        "resourceType": "Condition",
        "id": "Condition-54869",
        "clinicalStatus": "active",
        "verificationStatus": "confirmed",
        "code": {
          "coding": [
            {
              "system": "http://snomed.info/sct",
              "code": "78975002",
              "display": "Malignant essential hypertension"
            }
          ]
        },
        "subject": {
          "reference": "Patient/Patient-1128",
          "display": "Jessica Pauleen Campbell"
        },
        "context": {
          "reference": "Encounter/Encounter-230",
          "display": "Bay Area Family Practice"
        },
        "onsetDateTime": "2019-09-16T09:36:36-04:00",
        "assertedDate": "2019-09-16T09:36:36-04:00",
        "asserter": {
          "reference": "Practitioner/Practitioner-2525",
          "display": "Kyle Christian Ballard MD"
        }
      },
      "request": {
        "method": "PUT",
        "url": "http://localhost:8080/cqf-ruler/baseDstu3/Condition/Condition-54869"
      }
    },
    {
      "resource": {
        "resourceType": "Procedure",
        "id": "Procedure-54870",
        "status": "completed",
        "code": {
          "coding": [
            {
              "system": "http://loinc.org",
              "code": "10524-7",
              "display": "Microscopic observation [Identifier] in Cervix by Cyto stain"
            }
          ]
        },
        "subject": {
          "reference": "Patient/Patient-1128",
          "display": "Jessica Pauleen Campbell"
        },
        "context": {
          "reference": "Encounter/Encounter-230",
          "display": "Bay Area Family Practice"
        },
        "performedPeriod": {
          "start": "2019-09-16T09:36:36-04:00",
          "end": "2019-09-16T09:36:36-04:00"
        },
        "performer": [
          {
            "actor": {
              "reference": "Practitioner/Practitioner-2525",
              "display": "Kyle Christian Ballard MD"
            }
          }
        ],
        "location": {
          "reference": "Location/Location-1104",
          "display": "Bay Area Family Practice"
        }
      },
      "request": {
        "method": "PUT",
        "url": "http://localhost:8080/cqf-ruler/baseDstu3/Procedure/Procedure-54870"
      }
    },
    {
      "resource": {
        "resourceType": "Observation",
        "id": "Observation-54871",
        "status": "final",
        "code": {
          "coding": [
            {
              "system": "http://snomed.info/sct",
              "code": "289829007",
              "display": "Normal uterine cervix (finding)"
            }
          ]
        },
        "subject": {
          "reference": "Patient/Patient-1128",
          "display": "Jessica Pauleen Campbell"
        },
        "context": {
          "reference": "Encounter/Encounter-230",
          "display": "Bay Area Family Practice"
        },
        "effectiveDateTime": "2019-09-16T09:36:36-04:00",
        "performer": [
          {
            "reference": "Practitioner/Practitioner-2525",
            "display": "Kyle Christian Ballard MD"
          }
        ],
        "valueString": "NEGATIVE"
      },
      "request": {
        "method": "PUT",
        "url": "http://localhost:8080/cqf-ruler/baseDstu3/Observation/Observation-54871"
      }
    },
    {
      "resource": {
        "resourceType": "DiagnosticReport",
        "id": "DiagnosticReport-54872",
        "status": "final",
        "code": {
          "coding": [
            {
              "system": "http://loinc.org",
              "code": "46336-4",
              "display": "Breast - left Mammogram Single view"
            }
          ]
        },
        "subject": {
          "reference": "Patient/Patient-1128",
          "display": "Jessica Pauleen Campbell"
        },
        "context": {
          "reference": "Encounter/Encounter-230",
          "display": "Bay Area Family Practice"
        },
        "effectivePeriod": {
          "start": "2019-09-16T09:36:36-04:00",
          "end": "2019-09-16T09:36:36-04:00"
        },
        "result": [
          {
            "reference": "Observation/Observation-54871",
            "display": "No_Cancer_Detected"
          }
        ]
      },
      "request": {
        "method": "PUT",
        "url": "http://localhost:8080/cqf-ruler/baseDstu3/DiagnosticReport/DiagnosticReport-54872"
      }
    },
    {
      "resource": {
        "resourceType": "Observation",
        "id": "Observation-54873",
        "status": "final",
        "category": [
          {
            "coding": [
              {
                "system": "http://hl7.org/fhir/observation-category",
                "code": "vital-signs",
                "display": "vital-signs"
              }
            ]
          }
        ],
        "code": {
          "coding": [
            {
              "system": "http://loinc.org",
              "code": "8716-3",
              "display": "Vital Signs Panel"
            }
          ]
        },
        "subject": {
          "reference": "Patient/Patient-1128",
          "display": "Jessica Pauleen Campbell"
        },
        "context": {
          "reference": "Encounter/Encounter-230",
          "display": "Bay Area Family Practice"
        },
        "effectivePeriod": {
          "start": "2019-09-16T09:36:36-04:00",
          "end": "2019-09-16T09:36:36-04:00"
        },
        "valueQuantity": {
          "value": 74.55943911255899,
          "unit": "mmHg"
        },
        "component": [
          {
            "code": {
              "coding": [
                {
                  "system": "http://loinc.org",
                  "code": "8302-2",
                  "display": "Height"
                }
              ]
            }
          },
          {
            "code": {
              "coding": [
                {
                  "system": "http://loinc.org",
                  "code": "29463-7",
                  "display": "Weight"
                }
              ]
            }
          },
          {
            "code": {
              "coding": [
                {
                  "system": "http://loinc.org",
                  "code": "39156-5",
                  "display": "BMI"
                }
              ]
            }
          },
          {
            "code": {
              "coding": [
                {
                  "system": "http://loinc.org",
                  "code": "8310-5",
                  "display": "Temperature"
                }
              ]
            }
          },
          {
            "code": {
              "coding": [
                {
                  "system": "http://loinc.org",
                  "code": "8459-0",
                  "display": "Systolic Blood Pressure"
                }
              ]
            }
          },
          {
            "code": {
              "coding": [
                {
                  "system": "http://loinc.org",
                  "code": "8453-3",
                  "display": "Diastolic Blood Pressure"
                }
              ]
            }
          }
        ]
      },
      "request": {
        "method": "PUT",
        "url": "http://localhost:8080/cqf-ruler/baseDstu3/Observation/Observation-54873"
      }
    }
  ]
}