{
  "resourceType": "Bundle",
  "type": "transaction",
  "entry": [
    {
      "resource": {
        "resourceType": "Encounter",
        "id": "Encounter-284",
        "status": "finished",
        "class": {
          "system": "http://hl7.org/fhir/encounter-class",
          "code": "other",
          "display": "Other"
        },
        "subject": {
          "reference": "Patient/Patient-6517",
          "display": "Yolanda Dawn Miranda"
        },
        "participant": [
          {
            "period": {
              "start": "2019-10-14T09:36:36-04:00",
              "end": "2019-10-14T09:36:36-04:00"
            },
            "individual": {
              "reference": "Practitioner/Practitioner-2534",
              "display": "Pearl Rita Dawson MD"
            }
          }
        ],
        "period": {
          "start": "2019-10-14T09:36:36-04:00",
          "end": "2019-10-14T09:36:36-04:00"
        },
        "location": [
          {
            "location": {
              "reference": "Location/Location-1101",
              "display": "McKinley Health Center"
            }
          }
        ],
        "serviceProvider": {
          "reference": "Organization/Organization-1101",
          "display": "McKinley Health Center"
        }
      },
      "request": {
        "method": "PUT",
        "url": "http://localhost:8080/cqf-ruler/baseDstu3/Encounter/Encounter-284"
      }
    },
    {
      "resource": {
        "resourceType": "Immunization",
        "id": "Immunization-4698",
        "status": "completed",
        "notGiven": false,
        "vaccineCode": {
          "coding": [
            {
              "system": "http://hl7.org/fhir/sid/cvx",
              "code": "140",
              "display": "Influenza, seasonal, injectable, preservative free"
            }
          ]
        },
        "patient": {
          "reference": "Patient/Patient-6517",
          "display": "Yolanda Dawn Miranda"
        },
        "date": "2019-10-09T09:36:36-04:00",
        "primarySource": true,
        "location": {
          "reference": "Location/Location-1101",
          "display": "McKinley Health Center"
        },
        "practitioner": [
          {
            "actor": {
              "reference": "Practitioner/Practitioner-2534",
              "display": "Pearl Rita Dawson MD"
            }
          }
        ]
      },
      "request": {
        "method": "PUT",
        "url": "http://localhost:8080/cqf-ruler/baseDstu3/Immunization/Immunization-4698"
      }
    },
    {
      "resource": {
        "resourceType": "Procedure",
        "id": "Procedure-57024",
        "status": "completed",
        "code": {
          "coding": [
            {
              "system": "http://loinc.org",
              "code": "14563-1",
              "display": "Hemoglobin.gastrointestinal [Presence] in Stool --1st specimen"
            }
          ]
        },
        "subject": {
          "reference": "Patient/Patient-6517",
          "display": "Yolanda Dawn Miranda"
        },
        "context": {
          "reference": "Encounter/Encounter-284",
          "display": "McKinley Health Center"
        },
        "performedPeriod": {
          "start": "2019-10-14T09:36:36-04:00",
          "end": "2019-10-14T09:36:36-04:00"
        },
        "performer": [
          {
            "actor": {
              "reference": "Practitioner/Practitioner-2534",
              "display": "Pearl Rita Dawson MD"
            }
          }
        ],
        "location": {
          "reference": "Location/Location-1101",
          "display": "McKinley Health Center"
        }
      },
      "request": {
        "method": "PUT",
        "url": "http://localhost:8080/cqf-ruler/baseDstu3/Procedure/Procedure-57024"
      }
    },
    {
      "resource": {
        "resourceType": "Observation",
        "id": "Observation-57025",
        "status": "final",
        "code": {
          "coding": [
            {
              "system": "http://loinc.org",
              "code": "27926-5",
              "display": "Hemoglobin.gastrointestinal [Presence] in Stool --8th specimen"
            }
          ]
        },
        "subject": {
          "reference": "Patient/Patient-6517",
          "display": "Yolanda Dawn Miranda"
        },
        "context": {
          "reference": "Encounter/Encounter-284",
          "display": "McKinley Health Center"
        },
        "effectiveDateTime": "2019-10-14T09:36:36-04:00",
        "performer": [
          {
            "reference": "Practitioner/Practitioner-2534",
            "display": "Pearl Rita Dawson MD"
          }
        ],
        "valueString": "NEGATIVE"
      },
      "request": {
        "method": "PUT",
        "url": "http://localhost:8080/cqf-ruler/baseDstu3/Observation/Observation-57025"
      }
    },
    {
      "resource": {
        "resourceType": "Observation",
        "id": "Observation-57027",
        "status": "final",
        "code": {
          "coding": [
            {
              "system": "http://loinc.org",
              "code": "8480-6",
              "display": "Systolic blood pressure"
            }
          ]
        },
        "subject": {
          "reference": "Patient/Patient-6517",
          "display": "Yolanda Dawn Miranda"
        },
        "context": {
          "reference": "Encounter/Encounter-284",
          "display": "McKinley Health Center"
        },
        "effectiveDateTime": "2019-10-14T09:36:36-04:00",
        "performer": [
          {
            "reference": "Practitioner/Practitioner-2534",
            "display": "Pearl Rita Dawson MD"
          }
        ],
        "valueQuantity": {
          "value": 167.66606937580866,
          "unit": "mmHg"
        }
      },
      "request": {
        "method": "PUT",
        "url": "http://localhost:8080/cqf-ruler/baseDstu3/Observation/Observation-57027"
      }
    },
    {
      "resource": {
        "resourceType": "Observation",
        "id": "Observation-57028",
        "status": "final",
        "code": {
          "coding": [
            {
              "system": "http://loinc.org",
              "code": "8462-4",
              "display": "Diastolic blood pressure"
            }
          ]
        },
        "subject": {
          "reference": "Patient/Patient-6517",
          "display": "Yolanda Dawn Miranda"
        },
        "context": {
          "reference": "Encounter/Encounter-284",
          "display": "McKinley Health Center"
        },
        "effectiveDateTime": "2019-10-14T09:36:36-04:00",
        "performer": [
          {
            "reference": "Practitioner/Practitioner-2534",
            "display": "Pearl Rita Dawson MD"
          }
        ],
        "valueQuantity": {
          "value": 99.26509311729794,
          "unit": "mmHg"
        }
      },
      "request": {
        "method": "PUT",
        "url": "http://localhost:8080/cqf-ruler/baseDstu3/Observation/Observation-57028"
      }
    },
    {
      "resource": {
        "resourceType": "Condition",
        "id": "Condition-57029",
        "clinicalStatus": "active",
        "verificationStatus": "confirmed",
        "code": {
          "coding": [
            {
              "system": "http://snomed.info/sct",
              "code": "48146000",
              "display": "Diastolic hypertension"
            }
          ]
        },
        "subject": {
          "reference": "Patient/Patient-6517",
          "display": "Yolanda Dawn Miranda"
        },
        "context": {
          "reference": "Encounter/Encounter-284",
          "display": "McKinley Health Center"
        },
        "onsetDateTime": "2019-10-14T09:36:36-04:00",
        "assertedDate": "2019-10-14T09:36:36-04:00",
        "asserter": {
          "reference": "Practitioner/Practitioner-2534",
          "display": "Pearl Rita Dawson MD"
        }
      },
      "request": {
        "method": "PUT",
        "url": "http://localhost:8080/cqf-ruler/baseDstu3/Condition/Condition-57029"
      }
    },
    {
      "resource": {
        "resourceType": "Procedure",
        "id": "Procedure-57031",
        "status": "completed",
        "code": {
          "coding": [
            {
              "system": "http://snomed.info/sct",
              "code": "43204002",
              "display": "Bilateral mammography (procedure)"
            }
          ]
        },
        "subject": {
          "reference": "Patient/Patient-6517",
          "display": "Yolanda Dawn Miranda"
        },
        "context": {
          "reference": "Encounter/Encounter-284",
          "display": "McKinley Health Center"
        },
        "performedPeriod": {
          "start": "2019-10-14T09:36:36-04:00",
          "end": "2019-10-14T09:36:36-04:00"
        },
        "performer": [
          {
            "actor": {
              "reference": "Practitioner/Practitioner-2534",
              "display": "Pearl Rita Dawson MD"
            }
          }
        ],
        "location": {
          "reference": "Location/Location-1101",
          "display": "McKinley Health Center"
        }
      },
      "request": {
        "method": "PUT",
        "url": "http://localhost:8080/cqf-ruler/baseDstu3/Procedure/Procedure-57031"
      }
    },
    {
      "resource": {
        "resourceType": "Observation",
        "id": "Observation-57032",
        "status": "final",
        "code": {
          "coding": [
            {
              "system": "http://snomed.info/sct",
              "code": "168749009",
              "display": "Mammography normal (finding)"
            }
          ]
        },
        "subject": {
          "reference": "Patient/Patient-6517",
          "display": "Yolanda Dawn Miranda"
        },
        "context": {
          "reference": "Encounter/Encounter-284",
          "display": "McKinley Health Center"
        },
        "effectiveDateTime": "2019-10-14T09:36:36-04:00",
        "performer": [
          {
            "reference": "Practitioner/Practitioner-2534",
            "display": "Pearl Rita Dawson MD"
          }
        ],
        "valueString": "NEGATIVE"
      },
      "request": {
        "method": "PUT",
        "url": "http://localhost:8080/cqf-ruler/baseDstu3/Observation/Observation-57032"
      }
    },
    {
      "resource": {
        "resourceType": "DiagnosticReport",
        "id": "DiagnosticReport-57033",
        "status": "final",
        "code": {
          "coding": [
            {
              "system": "http://loinc.org",
              "code": "26291-5",
              "display": "Breast - right Mammogram limited"
            }
          ]
        },
        "subject": {
          "reference": "Patient/Patient-6517",
          "display": "Yolanda Dawn Miranda"
        },
        "context": {
          "reference": "Encounter/Encounter-284",
          "display": "McKinley Health Center"
        },
        "effectivePeriod": {
          "start": "2019-10-14T09:36:36-04:00",
          "end": "2019-10-14T09:36:36-04:00"
        },
        "result": [
          {
            "reference": "Observation/Observation-57032",
            "display": "No_Cancer_Detected"
          }
        ]
      },
      "request": {
        "method": "PUT",
        "url": "http://localhost:8080/cqf-ruler/baseDstu3/DiagnosticReport/DiagnosticReport-57033"
      }
    },
    {
      "resource": {
        "resourceType": "Procedure",
        "id": "Procedure-57035",
        "status": "completed",
        "code": {
          "coding": [
            {
              "system": "http://loinc.org",
              "code": "47527-7",
              "display": "Cytology report of Cervical or vaginal smear or scraping Cyto stain.thin prep"
            }
          ]
        },
        "subject": {
          "reference": "Patient/Patient-6517",
          "display": "Yolanda Dawn Miranda"
        },
        "context": {
          "reference": "Encounter/Encounter-284",
          "display": "McKinley Health Center"
        },
        "performedPeriod": {
          "start": "2019-10-14T09:36:36-04:00",
          "end": "2019-10-14T09:36:36-04:00"
        },
        "performer": [
          {
            "actor": {
              "reference": "Practitioner/Practitioner-2534",
              "display": "Pearl Rita Dawson MD"
            }
          }
        ],
        "location": {
          "reference": "Location/Location-1101",
          "display": "McKinley Health Center"
        }
      },
      "request": {
        "method": "PUT",
        "url": "http://localhost:8080/cqf-ruler/baseDstu3/Procedure/Procedure-57035"
      }
    },
    {
      "resource": {
        "resourceType": "Observation",
        "id": "Observation-57036",
        "status": "final",
        "code": {
          "coding": [
            {
              "system": "http://snomed.info/sct",
              "code": "289829007",
              "display": "Normal uterine cervix (finding)"
            }
          ]
        },
        "subject": {
          "reference": "Patient/Patient-6517",
          "display": "Yolanda Dawn Miranda"
        },
        "context": {
          "reference": "Encounter/Encounter-284",
          "display": "McKinley Health Center"
        },
        "effectiveDateTime": "2019-10-14T09:36:36-04:00",
        "performer": [
          {
            "reference": "Practitioner/Practitioner-2534",
            "display": "Pearl Rita Dawson MD"
          }
        ],
        "valueString": "NEGATIVE"
      },
      "request": {
        "method": "PUT",
        "url": "http://localhost:8080/cqf-ruler/baseDstu3/Observation/Observation-57036"
      }
    },
    {
      "resource": {
        "resourceType": "DiagnosticReport",
        "id": "DiagnosticReport-57037",
        "status": "final",
        "code": {
          "coding": [
            {
              "system": "http://loinc.org",
              "code": "37029-6",
              "display": "Breast - bilateral Mammogram tangential"
            }
          ]
        },
        "subject": {
          "reference": "Patient/Patient-6517",
          "display": "Yolanda Dawn Miranda"
        },
        "context": {
          "reference": "Encounter/Encounter-284",
          "display": "McKinley Health Center"
        },
        "effectivePeriod": {
          "start": "2019-10-14T09:36:36-04:00",
          "end": "2019-10-14T09:36:36-04:00"
        },
        "result": [
          {
            "reference": "Observation/Observation-57036",
            "display": "No_Cancer_Detected"
          }
        ]
      },
      "request": {
        "method": "PUT",
        "url": "http://localhost:8080/cqf-ruler/baseDstu3/DiagnosticReport/DiagnosticReport-57037"
      }
    },
    {
      "resource": {
        "resourceType": "Observation",
        "id": "Observation-57038",
        "status": "final",
        "category": [
          {
            "coding": [
              {
                "system": "http://hl7.org/fhir/observation-category",
                "code": "vital-signs",
                "display": "vital-signs"
              }
            ]
          }
        ],
        "code": {
          "coding": [
            {
              "system": "http://loinc.org",
              "code": "8716-3",
              "display": "Vital Signs Panel"
            }
          ]
        },
        "subject": {
          "reference": "Patient/Patient-6517",
          "display": "Yolanda Dawn Miranda"
        },
        "context": {
          "reference": "Encounter/Encounter-284",
          "display": "McKinley Health Center"
        },
        "effectivePeriod": {
          "start": "2019-10-14T09:36:36-04:00",
          "end": "2019-10-14T09:36:36-04:00"
        },
        "valueQuantity": {
          "value": 99.26509311729794,
          "unit": "mmHg"
        },
        "component": [
          {
            "code": {
              "coding": [
                {
                  "system": "http://loinc.org",
                  "code": "8302-2",
                  "display": "Height"
                }
              ]
            }
          },
          {
            "code": {
              "coding": [
                {
                  "system": "http://loinc.org",
                  "code": "29463-7",
                  "display": "Weight"
                }
              ]
            }
          },
          {
            "code": {
              "coding": [
                {
                  "system": "http://loinc.org",
                  "code": "39156-5",
                  "display": "BMI"
                }
              ]
            }
          },
          {
            "code": {
              "coding": [
                {
                  "system": "http://loinc.org",
                  "code": "8310-5",
                  "display": "Temperature"
                }
              ]
            }
          },
          {
            "code": {
              "coding": [
                {
                  "system": "http://loinc.org",
                  "code": "8459-0",
                  "display": "Systolic Blood Pressure"
                }
              ]
            }
          },
          {
            "code": {
              "coding": [
                {
                  "system": "http://loinc.org",
                  "code": "8453-3",
                  "display": "Diastolic Blood Pressure"
                }
              ]
            }
          }
        ]
      },
      "request": {
        "method": "PUT",
        "url": "http://localhost:8080/cqf-ruler/baseDstu3/Observation/Observation-57038"
      }
    }
  ]
}