{
  "resourceType": "Bundle",
  "type": "transaction",
  "entry": [
    {
      "resource": {
        "resourceType": "Encounter",
        "id": "Encounter-294",
        "status": "finished",
        "class": {
          "system": "http://hl7.org/fhir/encounter-class",
          "code": "other",
          "display": "Other"
        },
        "subject": {
          "reference": "Patient/Patient-6487",
          "display": "Cassandra Graham Vasquez"
        },
        "participant": [
          {
            "period": {
              "start": "2018-12-10T09:36:36-05:00",
              "end": "2018-12-10T09:36:36-05:00"
            },
            "individual": {
              "reference": "Practitioner/Practitioner-2524",
              "display": "Willie Vincent Riddle MD"
            }
          }
        ],
        "period": {
          "start": "2018-12-10T09:36:36-05:00",
          "end": "2018-12-10T09:36:36-05:00"
        },
        "location": [
          {
            "location": {
              "reference": "Location/Location-1103",
              "display": "Acme Medical Center"
            }
          }
        ],
        "serviceProvider": {
          "reference": "Organization/Organization-1103",
          "display": "Acme Medical Center"
        }
      },
      "request": {
        "method": "PUT",
        "url": "http://localhost:8080/cqf-ruler/baseDstu3/Encounter/Encounter-294"
      }
    },
    {
      "resource": {
        "resourceType": "Immunization",
        "id": "Immunization-6901",
        "status": "completed",
        "notGiven": false,
        "vaccineCode": {
          "coding": [
            {
              "system": "http://hl7.org/fhir/sid/cvx",
              "code": "140",
              "display": "Influenza, seasonal, injectable, preservative free"
            }
          ]
        },
        "patient": {
          "reference": "Patient/Patient-6487",
          "display": "Cassandra Graham Vasquez"
        },
        "date": "2018-12-04T09:36:36-05:00",
        "primarySource": true,
        "location": {
          "reference": "Location/Location-1103",
          "display": "Acme Medical Center"
        },
        "practitioner": [
          {
            "actor": {
              "reference": "Practitioner/Practitioner-2524",
              "display": "Willie Vincent Riddle MD"
            }
          }
        ]
      },
      "request": {
        "method": "PUT",
        "url": "http://localhost:8080/cqf-ruler/baseDstu3/Immunization/Immunization-6901"
      }
    },
    {
      "resource": {
        "resourceType": "Procedure",
        "id": "Procedure-33470",
        "status": "completed",
        "code": {
          "coding": [
            {
              "system": "http://loinc.org",
              "code": "14564-9",
              "display": "Hemoglobin.gastrointestinal [Presence] in Stool --2nd specimen"
            }
          ]
        },
        "subject": {
          "reference": "Patient/Patient-6487",
          "display": "Cassandra Graham Vasquez"
        },
        "context": {
          "reference": "Encounter/Encounter-294",
          "display": "Acme Medical Center"
        },
        "performedPeriod": {
          "start": "2018-12-10T09:36:36-05:00",
          "end": "2018-12-10T09:36:36-05:00"
        },
        "performer": [
          {
            "actor": {
              "reference": "Practitioner/Practitioner-2524",
              "display": "Willie Vincent Riddle MD"
            }
          }
        ],
        "location": {
          "reference": "Location/Location-1103",
          "display": "Acme Medical Center"
        }
      },
      "request": {
        "method": "PUT",
        "url": "http://localhost:8080/cqf-ruler/baseDstu3/Procedure/Procedure-33470"
      }
    },
    {
      "resource": {
        "resourceType": "Observation",
        "id": "Observation-33471",
        "status": "final",
        "code": {
          "coding": [
            {
              "system": "http://loinc.org",
              "code": "14564-9",
              "display": "Hemoglobin.gastrointestinal [Presence] in Stool --2nd specimen"
            }
          ]
        },
        "subject": {
          "reference": "Patient/Patient-6487",
          "display": "Cassandra Graham Vasquez"
        },
        "context": {
          "reference": "Encounter/Encounter-294",
          "display": "Acme Medical Center"
        },
        "effectiveDateTime": "2018-12-10T09:36:36-05:00",
        "performer": [
          {
            "reference": "Practitioner/Practitioner-2524",
            "display": "Willie Vincent Riddle MD"
          }
        ],
        "valueString": "NEGATIVE"
      },
      "request": {
        "method": "PUT",
        "url": "http://localhost:8080/cqf-ruler/baseDstu3/Observation/Observation-33471"
      }
    },
    {
      "resource": {
        "resourceType": "Observation",
        "id": "Observation-33473",
        "status": "final",
        "code": {
          "coding": [
            {
              "system": "http://loinc.org",
              "code": "8480-6",
              "display": "Systolic blood pressure"
            }
          ]
        },
        "subject": {
          "reference": "Patient/Patient-6487",
          "display": "Cassandra Graham Vasquez"
        },
        "context": {
          "reference": "Encounter/Encounter-294",
          "display": "Acme Medical Center"
        },
        "effectiveDateTime": "2018-12-10T09:36:36-05:00",
        "performer": [
          {
            "reference": "Practitioner/Practitioner-2524",
            "display": "Willie Vincent Riddle MD"
          }
        ],
        "valueQuantity": {
          "value": 168.95227345128185,
          "unit": "mmHg"
        }
      },
      "request": {
        "method": "PUT",
        "url": "http://localhost:8080/cqf-ruler/baseDstu3/Observation/Observation-33473"
      }
    },
    {
      "resource": {
        "resourceType": "Observation",
        "id": "Observation-33474",
        "status": "final",
        "code": {
          "coding": [
            {
              "system": "http://loinc.org",
              "code": "8462-4",
              "display": "Diastolic blood pressure"
            }
          ]
        },
        "subject": {
          "reference": "Patient/Patient-6487",
          "display": "Cassandra Graham Vasquez"
        },
        "context": {
          "reference": "Encounter/Encounter-294",
          "display": "Acme Medical Center"
        },
        "effectiveDateTime": "2018-12-10T09:36:36-05:00",
        "performer": [
          {
            "reference": "Practitioner/Practitioner-2524",
            "display": "Willie Vincent Riddle MD"
          }
        ],
        "valueQuantity": {
          "value": 95.63184564766179,
          "unit": "mmHg"
        }
      },
      "request": {
        "method": "PUT",
        "url": "http://localhost:8080/cqf-ruler/baseDstu3/Observation/Observation-33474"
      }
    },
    {
      "resource": {
        "resourceType": "Condition",
        "id": "Condition-33475",
        "clinicalStatus": "active",
        "verificationStatus": "confirmed",
        "code": {
          "coding": [
            {
              "system": "http://hl7.org/fhir/sid/icd-9-cm",
              "code": "401.1",
              "display": "Benign essential hypertension"
            }
          ]
        },
        "subject": {
          "reference": "Patient/Patient-6487",
          "display": "Cassandra Graham Vasquez"
        },
        "context": {
          "reference": "Encounter/Encounter-294",
          "display": "Acme Medical Center"
        },
        "onsetDateTime": "2018-12-10T09:36:36-05:00",
        "assertedDate": "2018-12-10T09:36:36-05:00",
        "asserter": {
          "reference": "Practitioner/Practitioner-2524",
          "display": "Willie Vincent Riddle MD"
        }
      },
      "request": {
        "method": "PUT",
        "url": "http://localhost:8080/cqf-ruler/baseDstu3/Condition/Condition-33475"
      }
    },
    {
      "resource": {
        "resourceType": "Procedure",
        "id": "Procedure-33477",
        "status": "completed",
        "code": {
          "coding": [
            {
              "system": "http://snomed.info/sct",
              "code": "43204002",
              "display": "Bilateral mammography (procedure)"
            }
          ]
        },
        "subject": {
          "reference": "Patient/Patient-6487",
          "display": "Cassandra Graham Vasquez"
        },
        "context": {
          "reference": "Encounter/Encounter-294",
          "display": "Acme Medical Center"
        },
        "performedPeriod": {
          "start": "2018-12-10T09:36:36-05:00",
          "end": "2018-12-10T09:36:36-05:00"
        },
        "performer": [
          {
            "actor": {
              "reference": "Practitioner/Practitioner-2524",
              "display": "Willie Vincent Riddle MD"
            }
          }
        ],
        "location": {
          "reference": "Location/Location-1103",
          "display": "Acme Medical Center"
        }
      },
      "request": {
        "method": "PUT",
        "url": "http://localhost:8080/cqf-ruler/baseDstu3/Procedure/Procedure-33477"
      }
    },
    {
      "resource": {
        "resourceType": "Observation",
        "id": "Observation-33478",
        "status": "final",
        "code": {
          "coding": [
            {
              "system": "http://snomed.info/sct",
              "code": "168749009",
              "display": "Mammography normal (finding)"
            }
          ]
        },
        "subject": {
          "reference": "Patient/Patient-6487",
          "display": "Cassandra Graham Vasquez"
        },
        "context": {
          "reference": "Encounter/Encounter-294",
          "display": "Acme Medical Center"
        },
        "effectiveDateTime": "2018-12-10T09:36:36-05:00",
        "performer": [
          {
            "reference": "Practitioner/Practitioner-2524",
            "display": "Willie Vincent Riddle MD"
          }
        ],
        "valueString": "NEGATIVE"
      },
      "request": {
        "method": "PUT",
        "url": "http://localhost:8080/cqf-ruler/baseDstu3/Observation/Observation-33478"
      }
    },
    {
      "resource": {
        "resourceType": "DiagnosticReport",
        "id": "DiagnosticReport-33479",
        "status": "final",
        "code": {
          "coding": [
            {
              "system": "http://loinc.org",
              "code": "46351-3",
              "display": "Breast implant - bilateral Mammogram displacement"
            }
          ]
        },
        "subject": {
          "reference": "Patient/Patient-6487",
          "display": "Cassandra Graham Vasquez"
        },
        "context": {
          "reference": "Encounter/Encounter-294",
          "display": "Acme Medical Center"
        },
        "effectivePeriod": {
          "start": "2018-12-10T09:36:36-05:00",
          "end": "2018-12-10T09:36:36-05:00"
        },
        "result": [
          {
            "reference": "Observation/Observation-33478",
            "display": "No_Cancer_Detected"
          }
        ]
      },
      "request": {
        "method": "PUT",
        "url": "http://localhost:8080/cqf-ruler/baseDstu3/DiagnosticReport/DiagnosticReport-33479"
      }
    },
    {
      "resource": {
        "resourceType": "Procedure",
        "id": "Procedure-33481",
        "status": "completed",
        "code": {
          "coding": [
            {
              "system": "http://loinc.org",
              "code": "18500-9",
              "display": "Microscopic observation [Identifier] in Cervix by Cyto stain.thin prep"
            }
          ]
        },
        "subject": {
          "reference": "Patient/Patient-6487",
          "display": "Cassandra Graham Vasquez"
        },
        "context": {
          "reference": "Encounter/Encounter-294",
          "display": "Acme Medical Center"
        },
        "performedPeriod": {
          "start": "2018-12-10T09:36:36-05:00",
          "end": "2018-12-10T09:36:36-05:00"
        },
        "performer": [
          {
            "actor": {
              "reference": "Practitioner/Practitioner-2524",
              "display": "Willie Vincent Riddle MD"
            }
          }
        ],
        "location": {
          "reference": "Location/Location-1103",
          "display": "Acme Medical Center"
        }
      },
      "request": {
        "method": "PUT",
        "url": "http://localhost:8080/cqf-ruler/baseDstu3/Procedure/Procedure-33481"
      }
    },
    {
      "resource": {
        "resourceType": "Observation",
        "id": "Observation-33483",
        "status": "final",
        "code": {
          "coding": [
            {
              "system": "http://snomed.info/sct",
              "code": "439888000",
              "display": "Abnormal cervical Papanicolaou smear (finding)"
            }
          ]
        },
        "subject": {
          "reference": "Patient/Patient-6487",
          "display": "Cassandra Graham Vasquez"
        },
        "context": {
          "reference": "Encounter/Encounter-294",
          "display": "Acme Medical Center"
        },
        "effectiveDateTime": "2018-12-10T09:36:36-05:00",
        "performer": [
          {
            "reference": "Practitioner/Practitioner-2524",
            "display": "Willie Vincent Riddle MD"
          }
        ],
        "valueString": "POSITIVE"
      },
      "request": {
        "method": "PUT",
        "url": "http://localhost:8080/cqf-ruler/baseDstu3/Observation/Observation-33483"
      }
    },
    {
      "resource": {
        "resourceType": "DiagnosticReport",
        "id": "DiagnosticReport-33484",
        "status": "final",
        "code": {
          "coding": [
            {
              "system": "http://loinc.org",
              "code": "24606-6",
              "display": "Breast Mammogram screening"
            }
          ]
        },
        "subject": {
          "reference": "Patient/Patient-6487",
          "display": "Cassandra Graham Vasquez"
        },
        "context": {
          "reference": "Encounter/Encounter-294",
          "display": "Acme Medical Center"
        },
        "effectivePeriod": {
          "start": "2018-12-10T09:36:36-05:00",
          "end": "2018-12-10T09:36:36-05:00"
        },
        "result": [
          {
            "reference": "Observation/Observation-33483",
            "display": "Cervical_Cancer_Observation"
          }
        ]
      },
      "request": {
        "method": "PUT",
        "url": "http://localhost:8080/cqf-ruler/baseDstu3/DiagnosticReport/DiagnosticReport-33484"
      }
    },
    {
      "resource": {
        "resourceType": "Observation",
        "id": "Observation-33485",
        "status": "final",
        "category": [
          {
            "coding": [
              {
                "system": "http://hl7.org/fhir/observation-category",
                "code": "vital-signs",
                "display": "vital-signs"
              }
            ]
          }
        ],
        "code": {
          "coding": [
            {
              "system": "http://loinc.org",
              "code": "8716-3",
              "display": "Vital Signs Panel"
            }
          ]
        },
        "subject": {
          "reference": "Patient/Patient-6487",
          "display": "Cassandra Graham Vasquez"
        },
        "context": {
          "reference": "Encounter/Encounter-294",
          "display": "Acme Medical Center"
        },
        "effectivePeriod": {
          "start": "2018-12-10T09:36:36-05:00",
          "end": "2018-12-10T09:36:36-05:00"
        },
        "valueQuantity": {
          "value": 95.63184564766179,
          "unit": "mmHg"
        },
        "component": [
          {
            "code": {
              "coding": [
                {
                  "system": "http://loinc.org",
                  "code": "8302-2",
                  "display": "Height"
                }
              ]
            }
          },
          {
            "code": {
              "coding": [
                {
                  "system": "http://loinc.org",
                  "code": "29463-7",
                  "display": "Weight"
                }
              ]
            }
          },
          {
            "code": {
              "coding": [
                {
                  "system": "http://loinc.org",
                  "code": "39156-5",
                  "display": "BMI"
                }
              ]
            }
          },
          {
            "code": {
              "coding": [
                {
                  "system": "http://loinc.org",
                  "code": "8310-5",
                  "display": "Temperature"
                }
              ]
            }
          },
          {
            "code": {
              "coding": [
                {
                  "system": "http://loinc.org",
                  "code": "8459-0",
                  "display": "Systolic Blood Pressure"
                }
              ]
            }
          },
          {
            "code": {
              "coding": [
                {
                  "system": "http://loinc.org",
                  "code": "8453-3",
                  "display": "Diastolic Blood Pressure"
                }
              ]
            }
          }
        ]
      },
      "request": {
        "method": "PUT",
        "url": "http://localhost:8080/cqf-ruler/baseDstu3/Observation/Observation-33485"
      }
    }
  ]
}