{
  "resourceType": "Bundle",
  "type": "transaction",
  "entry": [
    {
      "resource": {
        "resourceType": "Encounter",
        "id": "Encounter-275",
        "status": "finished",
        "class": {
          "system": "http://hl7.org/fhir/encounter-class",
          "code": "other",
          "display": "Other"
        },
        "subject": {
          "reference": "Patient/Patient-6514",
          "display": "Victoria Palmer Gray"
        },
        "participant": [
          {
            "period": {
              "start": "2018-01-08T09:36:36-05:00",
              "end": "2018-01-08T09:36:36-05:00"
            },
            "individual": {
              "reference": "Practitioner/Practitioner-2531",
              "display": "Tracy Hampton Boone MD"
            }
          }
        ],
        "period": {
          "start": "2018-01-08T09:36:36-05:00",
          "end": "2018-01-08T09:36:36-05:00"
        },
        "location": [
          {
            "location": {
              "reference": "Location/Location-1104",
              "display": "Bay Area Family Practice"
            }
          }
        ],
        "serviceProvider": {
          "reference": "Organization/Organization-1104",
          "display": "Bay Area Family Practice"
        }
      },
      "request": {
        "method": "PUT",
        "url": "http://localhost:8080/cqf-ruler/baseDstu3/Encounter/Encounter-275"
      }
    },
    {
      "resource": {
        "resourceType": "Immunization",
        "id": "Immunization-2429",
        "status": "completed",
        "notGiven": false,
        "vaccineCode": {
          "coding": [
            {
              "system": "http://hl7.org/fhir/sid/cvx",
              "code": "140",
              "display": "Influenza, seasonal, injectable, preservative free"
            }
          ]
        },
        "patient": {
          "reference": "Patient/Patient-6514",
          "display": "Victoria Palmer Gray"
        },
        "date": "2018-01-02T08:36:36-05:00",
        "primarySource": true,
        "location": {
          "reference": "Location/Location-1104",
          "display": "Bay Area Family Practice"
        },
        "practitioner": [
          {
            "actor": {
              "reference": "Practitioner/Practitioner-2531",
              "display": "Tracy Hampton Boone MD"
            }
          }
        ]
      },
      "request": {
        "method": "PUT",
        "url": "http://localhost:8080/cqf-ruler/baseDstu3/Immunization/Immunization-2429"
      }
    },
    {
      "resource": {
        "resourceType": "Procedure",
        "id": "Procedure-11115",
        "status": "completed",
        "code": {
          "coding": [
            {
              "system": "http://loinc.org",
              "code": "58453-2",
              "display": "Hemoglobin.gastrointestinal [Mass/volume] in Stool by Immunologic method"
            }
          ]
        },
        "subject": {
          "reference": "Patient/Patient-6514",
          "display": "Victoria Palmer Gray"
        },
        "context": {
          "reference": "Encounter/Encounter-275",
          "display": "Bay Area Family Practice"
        },
        "performedPeriod": {
          "start": "2018-01-08T09:36:36-05:00",
          "end": "2018-01-08T09:36:36-05:00"
        },
        "performer": [
          {
            "actor": {
              "reference": "Practitioner/Practitioner-2531",
              "display": "Tracy Hampton Boone MD"
            }
          }
        ],
        "location": {
          "reference": "Location/Location-1104",
          "display": "Bay Area Family Practice"
        }
      },
      "request": {
        "method": "PUT",
        "url": "http://localhost:8080/cqf-ruler/baseDstu3/Procedure/Procedure-11115"
      }
    },
    {
      "resource": {
        "resourceType": "Observation",
        "id": "Observation-11116",
        "status": "final",
        "code": {
          "coding": [
            {
              "system": "http://loinc.org",
              "code": "14565-6",
              "display": "Hemoglobin.gastrointestinal [Presence] in Stool --3rd specimen"
            }
          ]
        },
        "subject": {
          "reference": "Patient/Patient-6514",
          "display": "Victoria Palmer Gray"
        },
        "context": {
          "reference": "Encounter/Encounter-275",
          "display": "Bay Area Family Practice"
        },
        "effectiveDateTime": "2018-01-08T09:36:36-05:00",
        "performer": [
          {
            "reference": "Practitioner/Practitioner-2531",
            "display": "Tracy Hampton Boone MD"
          }
        ],
        "valueString": "NEGATIVE"
      },
      "request": {
        "method": "PUT",
        "url": "http://localhost:8080/cqf-ruler/baseDstu3/Observation/Observation-11116"
      }
    },
    {
      "resource": {
        "resourceType": "Observation",
        "id": "Observation-11117",
        "status": "final",
        "code": {
          "coding": [
            {
              "system": "http://loinc.org",
              "code": "8480-6",
              "display": "Systolic blood pressure"
            }
          ]
        },
        "subject": {
          "reference": "Patient/Patient-6514",
          "display": "Victoria Palmer Gray"
        },
        "context": {
          "reference": "Encounter/Encounter-275",
          "display": "Bay Area Family Practice"
        },
        "effectiveDateTime": "2018-01-08T09:36:36-05:00",
        "performer": [
          {
            "reference": "Practitioner/Practitioner-2531",
            "display": "Tracy Hampton Boone MD"
          }
        ],
        "valueQuantity": {
          "value": 146.53920235722882,
          "unit": "mmHg"
        }
      },
      "request": {
        "method": "PUT",
        "url": "http://localhost:8080/cqf-ruler/baseDstu3/Observation/Observation-11117"
      }
    },
    {
      "resource": {
        "resourceType": "Observation",
        "id": "Observation-11118",
        "status": "final",
        "code": {
          "coding": [
            {
              "system": "http://loinc.org",
              "code": "8462-4",
              "display": "Diastolic blood pressure"
            }
          ]
        },
        "subject": {
          "reference": "Patient/Patient-6514",
          "display": "Victoria Palmer Gray"
        },
        "context": {
          "reference": "Encounter/Encounter-275",
          "display": "Bay Area Family Practice"
        },
        "effectiveDateTime": "2018-01-08T09:36:36-05:00",
        "performer": [
          {
            "reference": "Practitioner/Practitioner-2531",
            "display": "Tracy Hampton Boone MD"
          }
        ],
        "valueQuantity": {
          "value": 98.80496574973344,
          "unit": "mmHg"
        }
      },
      "request": {
        "method": "PUT",
        "url": "http://localhost:8080/cqf-ruler/baseDstu3/Observation/Observation-11118"
      }
    },
    {
      "resource": {
        "resourceType": "Condition",
        "id": "Condition-11119",
        "clinicalStatus": "active",
        "verificationStatus": "confirmed",
        "code": {
          "coding": [
            {
              "system": "http://hl7.org/fhir/sid/icd-9-cm",
              "code": "401.1",
              "display": "Benign essential hypertension"
            }
          ]
        },
        "subject": {
          "reference": "Patient/Patient-6514",
          "display": "Victoria Palmer Gray"
        },
        "context": {
          "reference": "Encounter/Encounter-275",
          "display": "Bay Area Family Practice"
        },
        "onsetDateTime": "2018-01-08T09:36:36-05:00",
        "assertedDate": "2018-01-08T09:36:36-05:00",
        "asserter": {
          "reference": "Practitioner/Practitioner-2531",
          "display": "Tracy Hampton Boone MD"
        }
      },
      "request": {
        "method": "PUT",
        "url": "http://localhost:8080/cqf-ruler/baseDstu3/Condition/Condition-11119"
      }
    },
    {
      "resource": {
        "resourceType": "Procedure",
        "id": "Procedure-11120",
        "status": "completed",
        "code": {
          "coding": [
            {
              "system": "http://snomed.info/sct",
              "code": "43204002",
              "display": "Bilateral mammography (procedure)"
            }
          ]
        },
        "subject": {
          "reference": "Patient/Patient-6514",
          "display": "Victoria Palmer Gray"
        },
        "context": {
          "reference": "Encounter/Encounter-275",
          "display": "Bay Area Family Practice"
        },
        "performedPeriod": {
          "start": "2018-01-08T09:36:36-05:00",
          "end": "2018-01-08T09:36:36-05:00"
        },
        "performer": [
          {
            "actor": {
              "reference": "Practitioner/Practitioner-2531",
              "display": "Tracy Hampton Boone MD"
            }
          }
        ],
        "location": {
          "reference": "Location/Location-1104",
          "display": "Bay Area Family Practice"
        }
      },
      "request": {
        "method": "PUT",
        "url": "http://localhost:8080/cqf-ruler/baseDstu3/Procedure/Procedure-11120"
      }
    },
    {
      "resource": {
        "resourceType": "Observation",
        "id": "Observation-11121",
        "status": "final",
        "code": {
          "coding": [
            {
              "system": "http://snomed.info/sct",
              "code": "168749009",
              "display": "Mammography normal (finding)"
            }
          ]
        },
        "subject": {
          "reference": "Patient/Patient-6514",
          "display": "Victoria Palmer Gray"
        },
        "context": {
          "reference": "Encounter/Encounter-275",
          "display": "Bay Area Family Practice"
        },
        "effectiveDateTime": "2018-01-08T09:36:36-05:00",
        "performer": [
          {
            "reference": "Practitioner/Practitioner-2531",
            "display": "Tracy Hampton Boone MD"
          }
        ],
        "valueString": "NEGATIVE"
      },
      "request": {
        "method": "PUT",
        "url": "http://localhost:8080/cqf-ruler/baseDstu3/Observation/Observation-11121"
      }
    },
    {
      "resource": {
        "resourceType": "DiagnosticReport",
        "id": "DiagnosticReport-11122",
        "status": "final",
        "code": {
          "coding": [
            {
              "system": "http://loinc.org",
              "code": "37539-4",
              "display": "Breast Mammogram grid"
            }
          ]
        },
        "subject": {
          "reference": "Patient/Patient-6514",
          "display": "Victoria Palmer Gray"
        },
        "context": {
          "reference": "Encounter/Encounter-275",
          "display": "Bay Area Family Practice"
        },
        "effectivePeriod": {
          "start": "2018-01-08T09:36:36-05:00",
          "end": "2018-01-08T09:36:36-05:00"
        },
        "result": [
          {
            "reference": "Observation/Observation-11121",
            "display": "No_Cancer_Detected"
          }
        ]
      },
      "request": {
        "method": "PUT",
        "url": "http://localhost:8080/cqf-ruler/baseDstu3/DiagnosticReport/DiagnosticReport-11122"
      }
    },
    {
      "resource": {
        "resourceType": "Procedure",
        "id": "Procedure-11123",
        "status": "completed",
        "code": {
          "coding": [
            {
              "system": "http://loinc.org",
              "code": "19765-7",
              "display": "Microscopic observation [Identifier] in Cervical or vaginal smear or scraping by Cyto stain"
            }
          ]
        },
        "subject": {
          "reference": "Patient/Patient-6514",
          "display": "Victoria Palmer Gray"
        },
        "context": {
          "reference": "Encounter/Encounter-275",
          "display": "Bay Area Family Practice"
        },
        "performedPeriod": {
          "start": "2018-01-08T09:36:36-05:00",
          "end": "2018-01-08T09:36:36-05:00"
        },
        "performer": [
          {
            "actor": {
              "reference": "Practitioner/Practitioner-2531",
              "display": "Tracy Hampton Boone MD"
            }
          }
        ],
        "location": {
          "reference": "Location/Location-1104",
          "display": "Bay Area Family Practice"
        }
      },
      "request": {
        "method": "PUT",
        "url": "http://localhost:8080/cqf-ruler/baseDstu3/Procedure/Procedure-11123"
      }
    },
    {
      "resource": {
        "resourceType": "Observation",
        "id": "Observation-11124",
        "status": "final",
        "code": {
          "coding": [
            {
              "system": "http://snomed.info/sct",
              "code": "289829007",
              "display": "Normal uterine cervix (finding)"
            }
          ]
        },
        "subject": {
          "reference": "Patient/Patient-6514",
          "display": "Victoria Palmer Gray"
        },
        "context": {
          "reference": "Encounter/Encounter-275",
          "display": "Bay Area Family Practice"
        },
        "effectiveDateTime": "2018-01-08T09:36:36-05:00",
        "performer": [
          {
            "reference": "Practitioner/Practitioner-2531",
            "display": "Tracy Hampton Boone MD"
          }
        ],
        "valueString": "NEGATIVE"
      },
      "request": {
        "method": "PUT",
        "url": "http://localhost:8080/cqf-ruler/baseDstu3/Observation/Observation-11124"
      }
    },
    {
      "resource": {
        "resourceType": "DiagnosticReport",
        "id": "DiagnosticReport-11125",
        "status": "final",
        "code": {
          "coding": [
            {
              "system": "http://loinc.org",
              "code": "26177-6",
              "display": "Breast - right Mammogram screening"
            }
          ]
        },
        "subject": {
          "reference": "Patient/Patient-6514",
          "display": "Victoria Palmer Gray"
        },
        "context": {
          "reference": "Encounter/Encounter-275",
          "display": "Bay Area Family Practice"
        },
        "effectivePeriod": {
          "start": "2018-01-08T09:36:36-05:00",
          "end": "2018-01-08T09:36:36-05:00"
        },
        "result": [
          {
            "reference": "Observation/Observation-11124",
            "display": "No_Cancer_Detected"
          }
        ]
      },
      "request": {
        "method": "PUT",
        "url": "http://localhost:8080/cqf-ruler/baseDstu3/DiagnosticReport/DiagnosticReport-11125"
      }
    },
    {
      "resource": {
        "resourceType": "Observation",
        "id": "Observation-11126",
        "status": "final",
        "category": [
          {
            "coding": [
              {
                "system": "http://hl7.org/fhir/observation-category",
                "code": "vital-signs",
                "display": "vital-signs"
              }
            ]
          }
        ],
        "code": {
          "coding": [
            {
              "system": "http://loinc.org",
              "code": "8716-3",
              "display": "Vital Signs Panel"
            }
          ]
        },
        "subject": {
          "reference": "Patient/Patient-6514",
          "display": "Victoria Palmer Gray"
        },
        "context": {
          "reference": "Encounter/Encounter-275",
          "display": "Bay Area Family Practice"
        },
        "effectivePeriod": {
          "start": "2018-01-08T09:36:36-05:00",
          "end": "2018-01-08T09:36:36-05:00"
        },
        "valueQuantity": {
          "value": 98.80496574973344,
          "unit": "mmHg"
        },
        "component": [
          {
            "code": {
              "coding": [
                {
                  "system": "http://loinc.org",
                  "code": "8302-2",
                  "display": "Height"
                }
              ]
            }
          },
          {
            "code": {
              "coding": [
                {
                  "system": "http://loinc.org",
                  "code": "29463-7",
                  "display": "Weight"
                }
              ]
            }
          },
          {
            "code": {
              "coding": [
                {
                  "system": "http://loinc.org",
                  "code": "39156-5",
                  "display": "BMI"
                }
              ]
            }
          },
          {
            "code": {
              "coding": [
                {
                  "system": "http://loinc.org",
                  "code": "8310-5",
                  "display": "Temperature"
                }
              ]
            }
          },
          {
            "code": {
              "coding": [
                {
                  "system": "http://loinc.org",
                  "code": "8459-0",
                  "display": "Systolic Blood Pressure"
                }
              ]
            }
          },
          {
            "code": {
              "coding": [
                {
                  "system": "http://loinc.org",
                  "code": "8453-3",
                  "display": "Diastolic Blood Pressure"
                }
              ]
            }
          }
        ]
      },
      "request": {
        "method": "PUT",
        "url": "http://localhost:8080/cqf-ruler/baseDstu3/Observation/Observation-11126"
      }
    }
  ]
}