{
  "resourceType": "Bundle",
  "type": "transaction",
  "entry": [
    {
      "resource": {
        "resourceType": "Encounter",
        "id": "Encounter-457",
        "status": "finished",
        "class": {
          "system": "http://hl7.org/fhir/encounter-class",
          "code": "other",
          "display": "Other"
        },
        "subject": {
          "reference": "Patient/Patient-6528",
          "display": "Phillip Ball Reilly Jr"
        },
        "participant": [
          {
            "period": {
              "start": "2020-07-27T09:36:36-04:00",
              "end": "2020-07-27T09:36:36-04:00"
            },
            "individual": {
              "reference": "Practitioner/Practitioner-2525",
              "display": "Kyle Christian Ballard MD"
            }
          }
        ],
        "period": {
          "start": "2020-07-27T09:36:36-04:00",
          "end": "2020-07-27T09:36:36-04:00"
        },
        "location": [
          {
            "location": {
              "reference": "Location/Location-1104",
              "display": "Bay Area Family Practice"
            }
          }
        ],
        "serviceProvider": {
          "reference": "Organization/Organization-1104",
          "display": "Bay Area Family Practice"
        }
      },
      "request": {
        "method": "PUT",
        "url": "http://localhost:8080/cqf-ruler/baseDstu3/Encounter/Encounter-457"
      }
    },
    {
      "resource": {
        "resourceType": "Immunization",
        "id": "Immunization-50485",
        "status": "completed",
        "notGiven": false,
        "vaccineCode": {
          "coding": [
            {
              "system": "http://hl7.org/fhir/sid/cvx",
              "code": "140",
              "display": "Influenza, seasonal, injectable, preservative free"
            }
          ]
        },
        "patient": {
          "reference": "Patient/Patient-6528",
          "display": "Phillip Ball Reilly Jr"
        },
        "date": "2020-07-21T09:36:36-04:00",
        "primarySource": true,
        "location": {
          "reference": "Location/Location-1104",
          "display": "Bay Area Family Practice"
        },
        "practitioner": [
          {
            "actor": {
              "reference": "Practitioner/Practitioner-2525",
              "display": "Kyle Christian Ballard MD"
            }
          }
        ]
      },
      "request": {
        "method": "PUT",
        "url": "http://localhost:8080/cqf-ruler/baseDstu3/Immunization/Immunization-50485"
      }
    },
    {
      "resource": {
        "resourceType": "Procedure",
        "id": "Procedure-76618",
        "status": "completed",
        "code": {
          "coding": [
            {
              "system": "http://loinc.org",
              "code": "14563-1",
              "display": "Hemoglobin.gastrointestinal [Presence] in Stool --1st specimen"
            }
          ]
        },
        "subject": {
          "reference": "Patient/Patient-6528",
          "display": "Phillip Ball Reilly Jr"
        },
        "context": {
          "reference": "Encounter/Encounter-457",
          "display": "Bay Area Family Practice"
        },
        "performedPeriod": {
          "start": "2020-07-27T09:36:36-04:00",
          "end": "2020-07-27T09:36:36-04:00"
        },
        "performer": [
          {
            "actor": {
              "reference": "Practitioner/Practitioner-2525",
              "display": "Kyle Christian Ballard MD"
            }
          }
        ],
        "location": {
          "reference": "Location/Location-1104",
          "display": "Bay Area Family Practice"
        }
      },
      "request": {
        "method": "PUT",
        "url": "http://localhost:8080/cqf-ruler/baseDstu3/Procedure/Procedure-76618"
      }
    },
    {
      "resource": {
        "resourceType": "Observation",
        "id": "Observation-76619",
        "status": "final",
        "code": {
          "coding": [
            {
              "system": "http://loinc.org",
              "code": "27925-7",
              "display": "Hemoglobin.gastrointestinal [Presence] in Stool --7th specimen"
            }
          ]
        },
        "subject": {
          "reference": "Patient/Patient-6528",
          "display": "Phillip Ball Reilly Jr"
        },
        "context": {
          "reference": "Encounter/Encounter-457",
          "display": "Bay Area Family Practice"
        },
        "effectiveDateTime": "2020-07-27T09:36:36-04:00",
        "performer": [
          {
            "reference": "Practitioner/Practitioner-2525",
            "display": "Kyle Christian Ballard MD"
          }
        ],
        "valueString": "NEGATIVE"
      },
      "request": {
        "method": "PUT",
        "url": "http://localhost:8080/cqf-ruler/baseDstu3/Observation/Observation-76619"
      }
    },
    {
      "resource": {
        "resourceType": "Observation",
        "id": "Observation-76620",
        "status": "final",
        "code": {
          "coding": [
            {
              "system": "http://loinc.org",
              "code": "8480-6",
              "display": "Systolic blood pressure"
            }
          ]
        },
        "subject": {
          "reference": "Patient/Patient-6528",
          "display": "Phillip Ball Reilly Jr"
        },
        "context": {
          "reference": "Encounter/Encounter-457",
          "display": "Bay Area Family Practice"
        },
        "effectiveDateTime": "2020-07-27T09:36:36-04:00",
        "performer": [
          {
            "reference": "Practitioner/Practitioner-2525",
            "display": "Kyle Christian Ballard MD"
          }
        ],
        "valueQuantity": {
          "value": 123.47930827724483,
          "unit": "mmHg"
        }
      },
      "request": {
        "method": "PUT",
        "url": "http://localhost:8080/cqf-ruler/baseDstu3/Observation/Observation-76620"
      }
    },
    {
      "resource": {
        "resourceType": "Observation",
        "id": "Observation-76621",
        "status": "final",
        "code": {
          "coding": [
            {
              "system": "http://loinc.org",
              "code": "8462-4",
              "display": "Diastolic blood pressure"
            }
          ]
        },
        "subject": {
          "reference": "Patient/Patient-6528",
          "display": "Phillip Ball Reilly Jr"
        },
        "context": {
          "reference": "Encounter/Encounter-457",
          "display": "Bay Area Family Practice"
        },
        "effectiveDateTime": "2020-07-27T09:36:36-04:00",
        "performer": [
          {
            "reference": "Practitioner/Practitioner-2525",
            "display": "Kyle Christian Ballard MD"
          }
        ],
        "valueQuantity": {
          "value": 106.20318284998591,
          "unit": "mmHg"
        }
      },
      "request": {
        "method": "PUT",
        "url": "http://localhost:8080/cqf-ruler/baseDstu3/Observation/Observation-76621"
      }
    },
    {
      "resource": {
        "resourceType": "Condition",
        "id": "Condition-76622",
        "clinicalStatus": "active",
        "verificationStatus": "confirmed",
        "code": {
          "coding": [
            {
              "system": "http://hl7.org/fhir/sid/icd-9-cm",
              "code": "401.0",
              "display": "Malignant essential hypertension"
            }
          ]
        },
        "subject": {
          "reference": "Patient/Patient-6528",
          "display": "Phillip Ball Reilly Jr"
        },
        "context": {
          "reference": "Encounter/Encounter-457",
          "display": "Bay Area Family Practice"
        },
        "onsetDateTime": "2020-07-27T09:36:36-04:00",
        "assertedDate": "2020-07-27T09:36:36-04:00",
        "asserter": {
          "reference": "Practitioner/Practitioner-2525",
          "display": "Kyle Christian Ballard MD"
        }
      },
      "request": {
        "method": "PUT",
        "url": "http://localhost:8080/cqf-ruler/baseDstu3/Condition/Condition-76622"
      }
    },
    {
      "resource": {
        "resourceType": "Observation",
        "id": "Observation-76623",
        "status": "final",
        "category": [
          {
            "coding": [
              {
                "system": "http://hl7.org/fhir/observation-category",
                "code": "vital-signs",
                "display": "vital-signs"
              }
            ]
          }
        ],
        "code": {
          "coding": [
            {
              "system": "http://loinc.org",
              "code": "8716-3",
              "display": "Vital Signs Panel"
            }
          ]
        },
        "subject": {
          "reference": "Patient/Patient-6528",
          "display": "Phillip Ball Reilly Jr"
        },
        "context": {
          "reference": "Encounter/Encounter-457",
          "display": "Bay Area Family Practice"
        },
        "effectivePeriod": {
          "start": "2020-07-27T09:36:36-04:00",
          "end": "2020-07-27T09:36:36-04:00"
        },
        "valueQuantity": {
          "value": 106.20318284998591,
          "unit": "mmHg"
        },
        "component": [
          {
            "code": {
              "coding": [
                {
                  "system": "http://loinc.org",
                  "code": "8302-2",
                  "display": "Height"
                }
              ]
            }
          },
          {
            "code": {
              "coding": [
                {
                  "system": "http://loinc.org",
                  "code": "29463-7",
                  "display": "Weight"
                }
              ]
            }
          },
          {
            "code": {
              "coding": [
                {
                  "system": "http://loinc.org",
                  "code": "39156-5",
                  "display": "BMI"
                }
              ]
            }
          },
          {
            "code": {
              "coding": [
                {
                  "system": "http://loinc.org",
                  "code": "8310-5",
                  "display": "Temperature"
                }
              ]
            }
          },
          {
            "code": {
              "coding": [
                {
                  "system": "http://loinc.org",
                  "code": "8459-0",
                  "display": "Systolic Blood Pressure"
                }
              ]
            }
          },
          {
            "code": {
              "coding": [
                {
                  "system": "http://loinc.org",
                  "code": "8453-3",
                  "display": "Diastolic Blood Pressure"
                }
              ]
            }
          }
        ]
      },
      "request": {
        "method": "PUT",
        "url": "http://localhost:8080/cqf-ruler/baseDstu3/Observation/Observation-76623"
      }
    }
  ]
}