{
  "resourceType": "Bundle",
  "type": "transaction",
  "entry": [
    {
      "resource": {
        "resourceType": "Encounter",
        "id": "Encounter-385",
        "status": "finished",
        "class": {
          "system": "http://hl7.org/fhir/encounter-class",
          "code": "other",
          "display": "Other"
        },
        "subject": {
          "reference": "Patient/Patient-6545",
          "display": "Margie Beck Espinoza"
        },
        "participant": [
          {
            "period": {
              "start": "2021-10-04T09:36:36-04:00",
              "end": "2021-10-04T09:36:36-04:00"
            },
            "individual": {
              "reference": "Practitioner/Practitioner-2522",
              "display": "Lois Jean Kent MD"
            }
          }
        ],
        "period": {
          "start": "2021-10-04T09:36:36-04:00",
          "end": "2021-10-04T09:36:36-04:00"
        },
        "location": [
          {
            "location": {
              "reference": "Location/Location-1101",
              "display": "McKinley Health Center"
            }
          }
        ],
        "serviceProvider": {
          "reference": "Organization/Organization-1101",
          "display": "McKinley Health Center"
        }
      },
      "request": {
        "method": "PUT",
        "url": "http://localhost:8080/cqf-ruler/baseDstu3/Encounter/Encounter-385"
      }
    },
    {
      "resource": {
        "resourceType": "Immunization",
        "id": "Immunization-28780",
        "status": "completed",
        "notGiven": false,
        "vaccineCode": {
          "coding": [
            {
              "system": "http://hl7.org/fhir/sid/cvx",
              "code": "140",
              "display": "Influenza, seasonal, injectable, preservative free"
            }
          ]
        },
        "patient": {
          "reference": "Patient/Patient-6545",
          "display": "Margie Beck Espinoza"
        },
        "date": "2021-09-30T09:36:36-04:00",
        "primarySource": true,
        "location": {
          "reference": "Location/Location-1101",
          "display": "McKinley Health Center"
        },
        "practitioner": [
          {
            "actor": {
              "reference": "Practitioner/Practitioner-2522",
              "display": "Lois Jean Kent MD"
            }
          }
        ]
      },
      "request": {
        "method": "PUT",
        "url": "http://localhost:8080/cqf-ruler/baseDstu3/Immunization/Immunization-28780"
      }
    },
    {
      "resource": {
        "resourceType": "Observation",
        "id": "Observation-108382",
        "status": "final",
        "code": {
          "coding": [
            {
              "system": "http://loinc.org",
              "code": "8480-6",
              "display": "Systolic blood pressure"
            }
          ]
        },
        "subject": {
          "reference": "Patient/Patient-6545",
          "display": "Margie Beck Espinoza"
        },
        "context": {
          "reference": "Encounter/Encounter-385",
          "display": "McKinley Health Center"
        },
        "effectiveDateTime": "2021-10-04T09:36:36-04:00",
        "performer": [
          {
            "reference": "Practitioner/Practitioner-2522",
            "display": "Lois Jean Kent MD"
          }
        ],
        "valueQuantity": {
          "value": 165.66065129228812,
          "unit": "mmHg"
        }
      },
      "request": {
        "method": "PUT",
        "url": "http://localhost:8080/cqf-ruler/baseDstu3/Observation/Observation-108382"
      }
    },
    {
      "resource": {
        "resourceType": "Observation",
        "id": "Observation-108383",
        "status": "final",
        "code": {
          "coding": [
            {
              "system": "http://loinc.org",
              "code": "8462-4",
              "display": "Diastolic blood pressure"
            }
          ]
        },
        "subject": {
          "reference": "Patient/Patient-6545",
          "display": "Margie Beck Espinoza"
        },
        "context": {
          "reference": "Encounter/Encounter-385",
          "display": "McKinley Health Center"
        },
        "effectiveDateTime": "2021-10-04T09:36:36-04:00",
        "performer": [
          {
            "reference": "Practitioner/Practitioner-2522",
            "display": "Lois Jean Kent MD"
          }
        ],
        "valueQuantity": {
          "value": 98.54321853536388,
          "unit": "mmHg"
        }
      },
      "request": {
        "method": "PUT",
        "url": "http://localhost:8080/cqf-ruler/baseDstu3/Observation/Observation-108383"
      }
    },
    {
      "resource": {
        "resourceType": "Condition",
        "id": "Condition-108384",
        "clinicalStatus": "active",
        "verificationStatus": "confirmed",
        "code": {
          "coding": [
            {
              "system": "http://hl7.org/fhir/sid/icd-9-cm",
              "code": "401.0",
              "display": "Malignant essential hypertension"
            }
          ]
        },
        "subject": {
          "reference": "Patient/Patient-6545",
          "display": "Margie Beck Espinoza"
        },
        "context": {
          "reference": "Encounter/Encounter-385",
          "display": "McKinley Health Center"
        },
        "onsetDateTime": "2021-10-04T09:36:36-04:00",
        "assertedDate": "2021-10-04T09:36:36-04:00",
        "asserter": {
          "reference": "Practitioner/Practitioner-2522",
          "display": "Lois Jean Kent MD"
        }
      },
      "request": {
        "method": "PUT",
        "url": "http://localhost:8080/cqf-ruler/baseDstu3/Condition/Condition-108384"
      }
    },
    {
      "resource": {
        "resourceType": "Procedure",
        "id": "Procedure-108385",
        "status": "completed",
        "code": {
          "coding": [
            {
              "system": "http://loinc.org",
              "code": "19764-0",
              "display": "Statement of adequacy [interpretation] of Cervical or vaginal smear or scraping by Cyto stain"
            }
          ]
        },
        "subject": {
          "reference": "Patient/Patient-6545",
          "display": "Margie Beck Espinoza"
        },
        "context": {
          "reference": "Encounter/Encounter-385",
          "display": "McKinley Health Center"
        },
        "performedPeriod": {
          "start": "2021-10-04T09:36:36-04:00",
          "end": "2021-10-04T09:36:36-04:00"
        },
        "performer": [
          {
            "actor": {
              "reference": "Practitioner/Practitioner-2522",
              "display": "Lois Jean Kent MD"
            }
          }
        ],
        "location": {
          "reference": "Location/Location-1101",
          "display": "McKinley Health Center"
        }
      },
      "request": {
        "method": "PUT",
        "url": "http://localhost:8080/cqf-ruler/baseDstu3/Procedure/Procedure-108385"
      }
    },
    {
      "resource": {
        "resourceType": "Observation",
        "id": "Observation-108386",
        "status": "final",
        "code": {
          "coding": [
            {
              "system": "http://snomed.info/sct",
              "code": "289829007",
              "display": "Normal uterine cervix (finding)"
            }
          ]
        },
        "subject": {
          "reference": "Patient/Patient-6545",
          "display": "Margie Beck Espinoza"
        },
        "context": {
          "reference": "Encounter/Encounter-385",
          "display": "McKinley Health Center"
        },
        "effectiveDateTime": "2021-10-04T09:36:36-04:00",
        "performer": [
          {
            "reference": "Practitioner/Practitioner-2522",
            "display": "Lois Jean Kent MD"
          }
        ],
        "valueString": "NEGATIVE"
      },
      "request": {
        "method": "PUT",
        "url": "http://localhost:8080/cqf-ruler/baseDstu3/Observation/Observation-108386"
      }
    },
    {
      "resource": {
        "resourceType": "DiagnosticReport",
        "id": "DiagnosticReport-108387",
        "status": "final",
        "code": {
          "coding": [
            {
              "system": "http://loinc.org",
              "code": "26348-3",
              "display": "Breast - right Mammogram diagnostic"
            }
          ]
        },
        "subject": {
          "reference": "Patient/Patient-6545",
          "display": "Margie Beck Espinoza"
        },
        "context": {
          "reference": "Encounter/Encounter-385",
          "display": "McKinley Health Center"
        },
        "effectivePeriod": {
          "start": "2021-10-04T09:36:36-04:00",
          "end": "2021-10-04T09:36:36-04:00"
        },
        "result": [
          {
            "reference": "Observation/Observation-108386",
            "display": "No_Cancer_Detected"
          }
        ]
      },
      "request": {
        "method": "PUT",
        "url": "http://localhost:8080/cqf-ruler/baseDstu3/DiagnosticReport/DiagnosticReport-108387"
      }
    },
    {
      "resource": {
        "resourceType": "Observation",
        "id": "Observation-108388",
        "status": "final",
        "category": [
          {
            "coding": [
              {
                "system": "http://hl7.org/fhir/observation-category",
                "code": "vital-signs",
                "display": "vital-signs"
              }
            ]
          }
        ],
        "code": {
          "coding": [
            {
              "system": "http://loinc.org",
              "code": "8716-3",
              "display": "Vital Signs Panel"
            }
          ]
        },
        "subject": {
          "reference": "Patient/Patient-6545",
          "display": "Margie Beck Espinoza"
        },
        "context": {
          "reference": "Encounter/Encounter-385",
          "display": "McKinley Health Center"
        },
        "effectivePeriod": {
          "start": "2021-10-04T09:36:36-04:00",
          "end": "2021-10-04T09:36:36-04:00"
        },
        "valueQuantity": {
          "value": 98.54321853536388,
          "unit": "mmHg"
        },
        "component": [
          {
            "code": {
              "coding": [
                {
                  "system": "http://loinc.org",
                  "code": "8302-2",
                  "display": "Height"
                }
              ]
            }
          },
          {
            "code": {
              "coding": [
                {
                  "system": "http://loinc.org",
                  "code": "29463-7",
                  "display": "Weight"
                }
              ]
            }
          },
          {
            "code": {
              "coding": [
                {
                  "system": "http://loinc.org",
                  "code": "39156-5",
                  "display": "BMI"
                }
              ]
            }
          },
          {
            "code": {
              "coding": [
                {
                  "system": "http://loinc.org",
                  "code": "8310-5",
                  "display": "Temperature"
                }
              ]
            }
          },
          {
            "code": {
              "coding": [
                {
                  "system": "http://loinc.org",
                  "code": "8459-0",
                  "display": "Systolic Blood Pressure"
                }
              ]
            }
          },
          {
            "code": {
              "coding": [
                {
                  "system": "http://loinc.org",
                  "code": "8453-3",
                  "display": "Diastolic Blood Pressure"
                }
              ]
            }
          }
        ]
      },
      "request": {
        "method": "PUT",
        "url": "http://localhost:8080/cqf-ruler/baseDstu3/Observation/Observation-108388"
      }
    }
  ]
}