{
  "resourceType": "Bundle",
  "type": "transaction",
  "entry": [
    {
      "resource": {
        "resourceType": "Encounter",
        "id": "Encounter-477",
        "status": "finished",
        "class": {
          "system": "http://hl7.org/fhir/encounter-class",
          "code": "other",
          "display": "Other"
        },
        "subject": {
          "reference": "Patient/Patient-1128",
          "display": "Jessica Pauleen Campbell"
        },
        "participant": [
          {
            "period": {
              "start": "2022-09-19T09:36:36-04:00",
              "end": "2022-09-19T09:36:36-04:00"
            },
            "individual": {
              "reference": "Practitioner/Practitioner-2525",
              "display": "Kyle Christian Ballard MD"
            }
          }
        ],
        "period": {
          "start": "2022-09-19T09:36:36-04:00",
          "end": "2022-09-19T09:36:36-04:00"
        },
        "location": [
          {
            "location": {
              "reference": "Location/Location-1104",
              "display": "Bay Area Family Practice"
            }
          }
        ],
        "serviceProvider": {
          "reference": "Organization/Organization-1104",
          "display": "Bay Area Family Practice"
        }
      },
      "request": {
        "method": "PUT",
        "url": "http://localhost:8080/cqf-ruler/baseDstu3/Encounter/Encounter-477"
      }
    },
    {
      "resource": {
        "resourceType": "Immunization",
        "id": "Immunization-54875",
        "status": "completed",
        "notGiven": false,
        "vaccineCode": {
          "coding": [
            {
              "system": "http://hl7.org/fhir/sid/cvx",
              "code": "140",
              "display": "Influenza, seasonal, injectable, preservative free"
            }
          ]
        },
        "patient": {
          "reference": "Patient/Patient-1128",
          "display": "Jessica Pauleen Campbell"
        },
        "date": "2022-09-15T09:36:36-04:00",
        "primarySource": true,
        "location": {
          "reference": "Location/Location-1104",
          "display": "Bay Area Family Practice"
        },
        "practitioner": [
          {
            "actor": {
              "reference": "Practitioner/Practitioner-2525",
              "display": "Kyle Christian Ballard MD"
            }
          }
        ]
      },
      "request": {
        "method": "PUT",
        "url": "http://localhost:8080/cqf-ruler/baseDstu3/Immunization/Immunization-54875"
      }
    },
    {
      "resource": {
        "resourceType": "Immunization",
        "id": "Immunization-54876",
        "status": "completed",
        "notGiven": false,
        "vaccineCode": {
          "coding": [
            {
              "system": "http://hl7.org/fhir/sid/cvx",
              "code": "113",
              "display": "Td (adult) preservative free"
            }
          ]
        },
        "patient": {
          "reference": "Patient/Patient-1128",
          "display": "Jessica Pauleen Campbell"
        },
        "date": "2022-09-15T09:36:36-04:00",
        "primarySource": true,
        "location": {
          "reference": "Location/Location-1104",
          "display": "Bay Area Family Practice"
        },
        "practitioner": [
          {
            "actor": {
              "reference": "Practitioner/Practitioner-2525",
              "display": "Kyle Christian Ballard MD"
            }
          }
        ]
      },
      "request": {
        "method": "PUT",
        "url": "http://localhost:8080/cqf-ruler/baseDstu3/Immunization/Immunization-54876"
      }
    },
    {
      "resource": {
        "resourceType": "Procedure",
        "id": "Procedure-132978",
        "status": "completed",
        "code": {
          "coding": [
            {
              "system": "http://loinc.org",
              "code": "27401-9",
              "display": "Hemoglobin.gastrointestinal [Presence] in Stool --6th specimen"
            }
          ]
        },
        "subject": {
          "reference": "Patient/Patient-1128",
          "display": "Jessica Pauleen Campbell"
        },
        "context": {
          "reference": "Encounter/Encounter-477",
          "display": "Bay Area Family Practice"
        },
        "performedPeriod": {
          "start": "2022-09-19T09:36:36-04:00",
          "end": "2022-09-19T09:36:36-04:00"
        },
        "performer": [
          {
            "actor": {
              "reference": "Practitioner/Practitioner-2525",
              "display": "Kyle Christian Ballard MD"
            }
          }
        ],
        "location": {
          "reference": "Location/Location-1104",
          "display": "Bay Area Family Practice"
        }
      },
      "request": {
        "method": "PUT",
        "url": "http://localhost:8080/cqf-ruler/baseDstu3/Procedure/Procedure-132978"
      }
    },
    {
      "resource": {
        "resourceType": "Observation",
        "id": "Observation-132979",
        "status": "final",
        "code": {
          "coding": [
            {
              "system": "http://loinc.org",
              "code": "27926-5",
              "display": "Hemoglobin.gastrointestinal [Presence] in Stool --8th specimen"
            }
          ]
        },
        "subject": {
          "reference": "Patient/Patient-1128",
          "display": "Jessica Pauleen Campbell"
        },
        "context": {
          "reference": "Encounter/Encounter-477",
          "display": "Bay Area Family Practice"
        },
        "effectiveDateTime": "2022-09-19T09:36:36-04:00",
        "performer": [
          {
            "reference": "Practitioner/Practitioner-2525",
            "display": "Kyle Christian Ballard MD"
          }
        ],
        "valueString": "NEGATIVE"
      },
      "request": {
        "method": "PUT",
        "url": "http://localhost:8080/cqf-ruler/baseDstu3/Observation/Observation-132979"
      }
    },
    {
      "resource": {
        "resourceType": "Observation",
        "id": "Observation-132980",
        "status": "final",
        "code": {
          "coding": [
            {
              "system": "http://loinc.org",
              "code": "8480-6",
              "display": "Systolic blood pressure"
            }
          ]
        },
        "subject": {
          "reference": "Patient/Patient-1128",
          "display": "Jessica Pauleen Campbell"
        },
        "context": {
          "reference": "Encounter/Encounter-477",
          "display": "Bay Area Family Practice"
        },
        "effectiveDateTime": "2022-09-19T09:36:36-04:00",
        "performer": [
          {
            "reference": "Practitioner/Practitioner-2525",
            "display": "Kyle Christian Ballard MD"
          }
        ],
        "valueQuantity": {
          "value": 141.8793522567193,
          "unit": "mmHg"
        }
      },
      "request": {
        "method": "PUT",
        "url": "http://localhost:8080/cqf-ruler/baseDstu3/Observation/Observation-132980"
      }
    },
    {
      "resource": {
        "resourceType": "Observation",
        "id": "Observation-132981",
        "status": "final",
        "code": {
          "coding": [
            {
              "system": "http://loinc.org",
              "code": "8462-4",
              "display": "Diastolic blood pressure"
            }
          ]
        },
        "subject": {
          "reference": "Patient/Patient-1128",
          "display": "Jessica Pauleen Campbell"
        },
        "context": {
          "reference": "Encounter/Encounter-477",
          "display": "Bay Area Family Practice"
        },
        "effectiveDateTime": "2022-09-19T09:36:36-04:00",
        "performer": [
          {
            "reference": "Practitioner/Practitioner-2525",
            "display": "Kyle Christian Ballard MD"
          }
        ],
        "valueQuantity": {
          "value": 76.30446561200895,
          "unit": "mmHg"
        }
      },
      "request": {
        "method": "PUT",
        "url": "http://localhost:8080/cqf-ruler/baseDstu3/Observation/Observation-132981"
      }
    },
    {
      "resource": {
        "resourceType": "Condition",
        "id": "Condition-132982",
        "clinicalStatus": "active",
        "verificationStatus": "confirmed",
        "code": {
          "coding": [
            {
              "system": "http://snomed.info/sct",
              "code": "78975002",
              "display": "Malignant essential hypertension"
            }
          ]
        },
        "subject": {
          "reference": "Patient/Patient-1128",
          "display": "Jessica Pauleen Campbell"
        },
        "context": {
          "reference": "Encounter/Encounter-477",
          "display": "Bay Area Family Practice"
        },
        "onsetDateTime": "2022-09-19T09:36:36-04:00",
        "assertedDate": "2022-09-19T09:36:36-04:00",
        "asserter": {
          "reference": "Practitioner/Practitioner-2525",
          "display": "Kyle Christian Ballard MD"
        }
      },
      "request": {
        "method": "PUT",
        "url": "http://localhost:8080/cqf-ruler/baseDstu3/Condition/Condition-132982"
      }
    },
    {
      "resource": {
        "resourceType": "Procedure",
        "id": "Procedure-132983",
        "status": "completed",
        "code": {
          "coding": [
            {
              "system": "http://snomed.info/sct",
              "code": "43204002",
              "display": "Bilateral mammography (procedure)"
            }
          ]
        },
        "subject": {
          "reference": "Patient/Patient-1128",
          "display": "Jessica Pauleen Campbell"
        },
        "context": {
          "reference": "Encounter/Encounter-477",
          "display": "Bay Area Family Practice"
        },
        "performedPeriod": {
          "start": "2022-09-19T09:36:36-04:00",
          "end": "2022-09-19T09:36:36-04:00"
        },
        "performer": [
          {
            "actor": {
              "reference": "Practitioner/Practitioner-2525",
              "display": "Kyle Christian Ballard MD"
            }
          }
        ],
        "location": {
          "reference": "Location/Location-1104",
          "display": "Bay Area Family Practice"
        }
      },
      "request": {
        "method": "PUT",
        "url": "http://localhost:8080/cqf-ruler/baseDstu3/Procedure/Procedure-132983"
      }
    },
    {
      "resource": {
        "resourceType": "Observation",
        "id": "Observation-132984",
        "status": "final",
        "code": {
          "coding": [
            {
              "system": "http://snomed.info/sct",
              "code": "168749009",
              "display": "Mammography normal (finding)"
            }
          ]
        },
        "subject": {
          "reference": "Patient/Patient-1128",
          "display": "Jessica Pauleen Campbell"
        },
        "context": {
          "reference": "Encounter/Encounter-477",
          "display": "Bay Area Family Practice"
        },
        "effectiveDateTime": "2022-09-19T09:36:36-04:00",
        "performer": [
          {
            "reference": "Practitioner/Practitioner-2525",
            "display": "Kyle Christian Ballard MD"
          }
        ],
        "valueString": "NEGATIVE"
      },
      "request": {
        "method": "PUT",
        "url": "http://localhost:8080/cqf-ruler/baseDstu3/Observation/Observation-132984"
      }
    },
    {
      "resource": {
        "resourceType": "DiagnosticReport",
        "id": "DiagnosticReport-132985",
        "status": "final",
        "code": {
          "coding": [
            {
              "system": "http://loinc.org",
              "code": "38854-6",
              "display": "Breast - left Mammogram magnification and spot"
            }
          ]
        },
        "subject": {
          "reference": "Patient/Patient-1128",
          "display": "Jessica Pauleen Campbell"
        },
        "context": {
          "reference": "Encounter/Encounter-477",
          "display": "Bay Area Family Practice"
        },
        "effectivePeriod": {
          "start": "2022-09-19T09:36:36-04:00",
          "end": "2022-09-19T09:36:36-04:00"
        },
        "result": [
          {
            "reference": "Observation/Observation-132984",
            "display": "No_Cancer_Detected"
          }
        ]
      },
      "request": {
        "method": "PUT",
        "url": "http://localhost:8080/cqf-ruler/baseDstu3/DiagnosticReport/DiagnosticReport-132985"
      }
    },
    {
      "resource": {
        "resourceType": "Procedure",
        "id": "Procedure-132986",
        "status": "completed",
        "code": {
          "coding": [
            {
              "system": "http://loinc.org",
              "code": "33717-0",
              "display": "Cytology Cervical or vaginal smear or scraping study"
            }
          ]
        },
        "subject": {
          "reference": "Patient/Patient-1128",
          "display": "Jessica Pauleen Campbell"
        },
        "context": {
          "reference": "Encounter/Encounter-477",
          "display": "Bay Area Family Practice"
        },
        "performedPeriod": {
          "start": "2022-09-19T09:36:36-04:00",
          "end": "2022-09-19T09:36:36-04:00"
        },
        "performer": [
          {
            "actor": {
              "reference": "Practitioner/Practitioner-2525",
              "display": "Kyle Christian Ballard MD"
            }
          }
        ],
        "location": {
          "reference": "Location/Location-1104",
          "display": "Bay Area Family Practice"
        }
      },
      "request": {
        "method": "PUT",
        "url": "http://localhost:8080/cqf-ruler/baseDstu3/Procedure/Procedure-132986"
      }
    },
    {
      "resource": {
        "resourceType": "Observation",
        "id": "Observation-132987",
        "status": "final",
        "code": {
          "coding": [
            {
              "system": "http://snomed.info/sct",
              "code": "289829007",
              "display": "Normal uterine cervix (finding)"
            }
          ]
        },
        "subject": {
          "reference": "Patient/Patient-1128",
          "display": "Jessica Pauleen Campbell"
        },
        "context": {
          "reference": "Encounter/Encounter-477",
          "display": "Bay Area Family Practice"
        },
        "effectiveDateTime": "2022-09-19T09:36:36-04:00",
        "performer": [
          {
            "reference": "Practitioner/Practitioner-2525",
            "display": "Kyle Christian Ballard MD"
          }
        ],
        "valueString": "NEGATIVE"
      },
      "request": {
        "method": "PUT",
        "url": "http://localhost:8080/cqf-ruler/baseDstu3/Observation/Observation-132987"
      }
    },
    {
      "resource": {
        "resourceType": "DiagnosticReport",
        "id": "DiagnosticReport-132988",
        "status": "final",
        "code": {
          "coding": [
            {
              "system": "http://loinc.org",
              "code": "37052-8",
              "display": "Breast - bilateral Mammogram XCCL"
            }
          ]
        },
        "subject": {
          "reference": "Patient/Patient-1128",
          "display": "Jessica Pauleen Campbell"
        },
        "context": {
          "reference": "Encounter/Encounter-477",
          "display": "Bay Area Family Practice"
        },
        "effectivePeriod": {
          "start": "2022-09-19T09:36:36-04:00",
          "end": "2022-09-19T09:36:36-04:00"
        },
        "result": [
          {
            "reference": "Observation/Observation-132987",
            "display": "No_Cancer_Detected"
          }
        ]
      },
      "request": {
        "method": "PUT",
        "url": "http://localhost:8080/cqf-ruler/baseDstu3/DiagnosticReport/DiagnosticReport-132988"
      }
    },
    {
      "resource": {
        "resourceType": "Observation",
        "id": "Observation-132989",
        "status": "final",
        "category": [
          {
            "coding": [
              {
                "system": "http://hl7.org/fhir/observation-category",
                "code": "vital-signs",
                "display": "vital-signs"
              }
            ]
          }
        ],
        "code": {
          "coding": [
            {
              "system": "http://loinc.org",
              "code": "8716-3",
              "display": "Vital Signs Panel"
            }
          ]
        },
        "subject": {
          "reference": "Patient/Patient-1128",
          "display": "Jessica Pauleen Campbell"
        },
        "context": {
          "reference": "Encounter/Encounter-477",
          "display": "Bay Area Family Practice"
        },
        "effectivePeriod": {
          "start": "2022-09-19T09:36:36-04:00",
          "end": "2022-09-19T09:36:36-04:00"
        },
        "valueQuantity": {
          "value": 76.30446561200895,
          "unit": "mmHg"
        },
        "component": [
          {
            "code": {
              "coding": [
                {
                  "system": "http://loinc.org",
                  "code": "8302-2",
                  "display": "Height"
                }
              ]
            }
          },
          {
            "code": {
              "coding": [
                {
                  "system": "http://loinc.org",
                  "code": "29463-7",
                  "display": "Weight"
                }
              ]
            }
          },
          {
            "code": {
              "coding": [
                {
                  "system": "http://loinc.org",
                  "code": "39156-5",
                  "display": "BMI"
                }
              ]
            }
          },
          {
            "code": {
              "coding": [
                {
                  "system": "http://loinc.org",
                  "code": "8310-5",
                  "display": "Temperature"
                }
              ]
            }
          },
          {
            "code": {
              "coding": [
                {
                  "system": "http://loinc.org",
                  "code": "8459-0",
                  "display": "Systolic Blood Pressure"
                }
              ]
            }
          },
          {
            "code": {
              "coding": [
                {
                  "system": "http://loinc.org",
                  "code": "8453-3",
                  "display": "Diastolic Blood Pressure"
                }
              ]
            }
          }
        ]
      },
      "request": {
        "method": "PUT",
        "url": "http://localhost:8080/cqf-ruler/baseDstu3/Observation/Observation-132989"
      }
    }
  ]
}