{
  "resourceType": "Bundle",
  "type": "transaction",
  "entry": [
    {
      "resource": {
        "resourceType": "Encounter",
        "id": "Encounter-379",
        "status": "finished",
        "class": {
          "system": "http://hl7.org/fhir/encounter-class",
          "code": "other",
          "display": "Other"
        },
        "subject": {
          "reference": "Patient/Patient-1129",
          "display": "Viola Jean Campbell"
        },
        "participant": [
          {
            "period": {
              "start": "2019-09-09T09:36:36-04:00",
              "end": "2019-09-09T09:36:36-04:00"
            },
            "individual": {
              "reference": "Practitioner/Practitioner-2524",
              "display": "Willie Vincent Riddle MD"
            }
          }
        ],
        "period": {
          "start": "2019-09-09T09:36:36-04:00",
          "end": "2019-09-09T09:36:36-04:00"
        },
        "location": [
          {
            "location": {
              "reference": "Location/Location-1103",
              "display": "Acme Medical Center"
            }
          }
        ],
        "serviceProvider": {
          "reference": "Organization/Organization-1103",
          "display": "Acme Medical Center"
        }
      },
      "request": {
        "method": "PUT",
        "url": "http://localhost:8080/cqf-ruler/baseDstu3/Encounter/Encounter-379"
      }
    },
    {
      "resource": {
        "resourceType": "Immunization",
        "id": "Immunization-26624",
        "status": "completed",
        "notGiven": false,
        "vaccineCode": {
          "coding": [
            {
              "system": "http://hl7.org/fhir/sid/cvx",
              "code": "140",
              "display": "Influenza, seasonal, injectable, preservative free"
            }
          ]
        },
        "patient": {
          "reference": "Patient/Patient-1129",
          "display": "Viola Jean Campbell"
        },
        "date": "2019-09-03T09:36:36-04:00",
        "primarySource": true,
        "location": {
          "reference": "Location/Location-1103",
          "display": "Acme Medical Center"
        },
        "practitioner": [
          {
            "actor": {
              "reference": "Practitioner/Practitioner-2524",
              "display": "Willie Vincent Riddle MD"
            }
          }
        ]
      },
      "request": {
        "method": "PUT",
        "url": "http://localhost:8080/cqf-ruler/baseDstu3/Immunization/Immunization-26624"
      }
    },
    {
      "resource": {
        "resourceType": "Observation",
        "id": "Observation-54757",
        "status": "final",
        "code": {
          "coding": [
            {
              "system": "http://loinc.org",
              "code": "8480-6",
              "display": "Systolic blood pressure"
            }
          ]
        },
        "subject": {
          "reference": "Patient/Patient-1129",
          "display": "Viola Jean Campbell"
        },
        "context": {
          "reference": "Encounter/Encounter-379",
          "display": "Acme Medical Center"
        },
        "effectiveDateTime": "2019-09-09T09:36:36-04:00",
        "performer": [
          {
            "reference": "Practitioner/Practitioner-2524",
            "display": "Willie Vincent Riddle MD"
          }
        ],
        "valueQuantity": {
          "value": 138.45813452525329,
          "unit": "mmHg"
        }
      },
      "request": {
        "method": "PUT",
        "url": "http://localhost:8080/cqf-ruler/baseDstu3/Observation/Observation-54757"
      }
    },
    {
      "resource": {
        "resourceType": "Observation",
        "id": "Observation-54758",
        "status": "final",
        "code": {
          "coding": [
            {
              "system": "http://loinc.org",
              "code": "8462-4",
              "display": "Diastolic blood pressure"
            }
          ]
        },
        "subject": {
          "reference": "Patient/Patient-1129",
          "display": "Viola Jean Campbell"
        },
        "context": {
          "reference": "Encounter/Encounter-379",
          "display": "Acme Medical Center"
        },
        "effectiveDateTime": "2019-09-09T09:36:36-04:00",
        "performer": [
          {
            "reference": "Practitioner/Practitioner-2524",
            "display": "Willie Vincent Riddle MD"
          }
        ],
        "valueQuantity": {
          "value": 103.45000047317197,
          "unit": "mmHg"
        }
      },
      "request": {
        "method": "PUT",
        "url": "http://localhost:8080/cqf-ruler/baseDstu3/Observation/Observation-54758"
      }
    },
    {
      "resource": {
        "resourceType": "Condition",
        "id": "Condition-54759",
        "clinicalStatus": "active",
        "verificationStatus": "confirmed",
        "code": {
          "coding": [
            {
              "system": "http://snomed.info/sct",
              "code": "59621000",
              "display": "Essential hypertension"
            }
          ]
        },
        "subject": {
          "reference": "Patient/Patient-1129",
          "display": "Viola Jean Campbell"
        },
        "context": {
          "reference": "Encounter/Encounter-379",
          "display": "Acme Medical Center"
        },
        "onsetDateTime": "2019-09-09T09:36:36-04:00",
        "assertedDate": "2019-09-09T09:36:36-04:00",
        "asserter": {
          "reference": "Practitioner/Practitioner-2524",
          "display": "Willie Vincent Riddle MD"
        }
      },
      "request": {
        "method": "PUT",
        "url": "http://localhost:8080/cqf-ruler/baseDstu3/Condition/Condition-54759"
      }
    },
    {
      "resource": {
        "resourceType": "Procedure",
        "id": "Procedure-54760",
        "status": "completed",
        "code": {
          "coding": [
            {
              "system": "http://snomed.info/sct",
              "code": "43204002",
              "display": "Bilateral mammography (procedure)"
            }
          ]
        },
        "subject": {
          "reference": "Patient/Patient-1129",
          "display": "Viola Jean Campbell"
        },
        "context": {
          "reference": "Encounter/Encounter-379",
          "display": "Acme Medical Center"
        },
        "performedPeriod": {
          "start": "2019-09-09T09:36:36-04:00",
          "end": "2019-09-09T09:36:36-04:00"
        },
        "performer": [
          {
            "actor": {
              "reference": "Practitioner/Practitioner-2524",
              "display": "Willie Vincent Riddle MD"
            }
          }
        ],
        "location": {
          "reference": "Location/Location-1103",
          "display": "Acme Medical Center"
        }
      },
      "request": {
        "method": "PUT",
        "url": "http://localhost:8080/cqf-ruler/baseDstu3/Procedure/Procedure-54760"
      }
    },
    {
      "resource": {
        "resourceType": "Observation",
        "id": "Observation-54761",
        "status": "final",
        "code": {
          "coding": [
            {
              "system": "http://snomed.info/sct",
              "code": "168749009",
              "display": "Mammography normal (finding)"
            }
          ]
        },
        "subject": {
          "reference": "Patient/Patient-1129",
          "display": "Viola Jean Campbell"
        },
        "context": {
          "reference": "Encounter/Encounter-379",
          "display": "Acme Medical Center"
        },
        "effectiveDateTime": "2019-09-09T09:36:36-04:00",
        "performer": [
          {
            "reference": "Practitioner/Practitioner-2524",
            "display": "Willie Vincent Riddle MD"
          }
        ],
        "valueString": "NEGATIVE"
      },
      "request": {
        "method": "PUT",
        "url": "http://localhost:8080/cqf-ruler/baseDstu3/Observation/Observation-54761"
      }
    },
    {
      "resource": {
        "resourceType": "DiagnosticReport",
        "id": "DiagnosticReport-54762",
        "status": "final",
        "code": {
          "coding": [
            {
              "system": "http://loinc.org",
              "code": "36962-9",
              "display": "Breast Mammogram axillary"
            }
          ]
        },
        "subject": {
          "reference": "Patient/Patient-1129",
          "display": "Viola Jean Campbell"
        },
        "context": {
          "reference": "Encounter/Encounter-379",
          "display": "Acme Medical Center"
        },
        "effectivePeriod": {
          "start": "2019-09-09T09:36:36-04:00",
          "end": "2019-09-09T09:36:36-04:00"
        },
        "result": [
          {
            "reference": "Observation/Observation-54761",
            "display": "No_Cancer_Detected"
          }
        ]
      },
      "request": {
        "method": "PUT",
        "url": "http://localhost:8080/cqf-ruler/baseDstu3/DiagnosticReport/DiagnosticReport-54762"
      }
    },
    {
      "resource": {
        "resourceType": "Procedure",
        "id": "Procedure-54763",
        "status": "completed",
        "code": {
          "coding": [
            {
              "system": "http://loinc.org",
              "code": "19762-4",
              "display": "General categories [interpretation] of Cervical or vaginal smear or scraping by Cyto stain"
            }
          ]
        },
        "subject": {
          "reference": "Patient/Patient-1129",
          "display": "Viola Jean Campbell"
        },
        "context": {
          "reference": "Encounter/Encounter-379",
          "display": "Acme Medical Center"
        },
        "performedPeriod": {
          "start": "2019-09-09T09:36:36-04:00",
          "end": "2019-09-09T09:36:36-04:00"
        },
        "performer": [
          {
            "actor": {
              "reference": "Practitioner/Practitioner-2524",
              "display": "Willie Vincent Riddle MD"
            }
          }
        ],
        "location": {
          "reference": "Location/Location-1103",
          "display": "Acme Medical Center"
        }
      },
      "request": {
        "method": "PUT",
        "url": "http://localhost:8080/cqf-ruler/baseDstu3/Procedure/Procedure-54763"
      }
    },
    {
      "resource": {
        "resourceType": "Observation",
        "id": "Observation-54764",
        "status": "final",
        "code": {
          "coding": [
            {
              "system": "http://snomed.info/sct",
              "code": "289829007",
              "display": "Normal uterine cervix (finding)"
            }
          ]
        },
        "subject": {
          "reference": "Patient/Patient-1129",
          "display": "Viola Jean Campbell"
        },
        "context": {
          "reference": "Encounter/Encounter-379",
          "display": "Acme Medical Center"
        },
        "effectiveDateTime": "2019-09-09T09:36:36-04:00",
        "performer": [
          {
            "reference": "Practitioner/Practitioner-2524",
            "display": "Willie Vincent Riddle MD"
          }
        ],
        "valueString": "NEGATIVE"
      },
      "request": {
        "method": "PUT",
        "url": "http://localhost:8080/cqf-ruler/baseDstu3/Observation/Observation-54764"
      }
    },
    {
      "resource": {
        "resourceType": "DiagnosticReport",
        "id": "DiagnosticReport-54765",
        "status": "final",
        "code": {
          "coding": [
            {
              "system": "http://loinc.org",
              "code": "38090-7",
              "display": "Breast - bilateral Mammogram W air"
            }
          ]
        },
        "subject": {
          "reference": "Patient/Patient-1129",
          "display": "Viola Jean Campbell"
        },
        "context": {
          "reference": "Encounter/Encounter-379",
          "display": "Acme Medical Center"
        },
        "effectivePeriod": {
          "start": "2019-09-09T09:36:36-04:00",
          "end": "2019-09-09T09:36:36-04:00"
        },
        "result": [
          {
            "reference": "Observation/Observation-54764",
            "display": "No_Cancer_Detected"
          }
        ]
      },
      "request": {
        "method": "PUT",
        "url": "http://localhost:8080/cqf-ruler/baseDstu3/DiagnosticReport/DiagnosticReport-54765"
      }
    },
    {
      "resource": {
        "resourceType": "Observation",
        "id": "Observation-54766",
        "status": "final",
        "category": [
          {
            "coding": [
              {
                "system": "http://hl7.org/fhir/observation-category",
                "code": "vital-signs",
                "display": "vital-signs"
              }
            ]
          }
        ],
        "code": {
          "coding": [
            {
              "system": "http://loinc.org",
              "code": "8716-3",
              "display": "Vital Signs Panel"
            }
          ]
        },
        "subject": {
          "reference": "Patient/Patient-1129",
          "display": "Viola Jean Campbell"
        },
        "context": {
          "reference": "Encounter/Encounter-379",
          "display": "Acme Medical Center"
        },
        "effectivePeriod": {
          "start": "2019-09-09T09:36:36-04:00",
          "end": "2019-09-09T09:36:36-04:00"
        },
        "valueQuantity": {
          "value": 103.45000047317197,
          "unit": "mmHg"
        },
        "component": [
          {
            "code": {
              "coding": [
                {
                  "system": "http://loinc.org",
                  "code": "8302-2",
                  "display": "Height"
                }
              ]
            }
          },
          {
            "code": {
              "coding": [
                {
                  "system": "http://loinc.org",
                  "code": "29463-7",
                  "display": "Weight"
                }
              ]
            }
          },
          {
            "code": {
              "coding": [
                {
                  "system": "http://loinc.org",
                  "code": "39156-5",
                  "display": "BMI"
                }
              ]
            }
          },
          {
            "code": {
              "coding": [
                {
                  "system": "http://loinc.org",
                  "code": "8310-5",
                  "display": "Temperature"
                }
              ]
            }
          },
          {
            "code": {
              "coding": [
                {
                  "system": "http://loinc.org",
                  "code": "8459-0",
                  "display": "Systolic Blood Pressure"
                }
              ]
            }
          },
          {
            "code": {
              "coding": [
                {
                  "system": "http://loinc.org",
                  "code": "8453-3",
                  "display": "Diastolic Blood Pressure"
                }
              ]
            }
          }
        ]
      },
      "request": {
        "method": "PUT",
        "url": "http://localhost:8080/cqf-ruler/baseDstu3/Observation/Observation-54766"
      }
    }
  ]
}