{
  "resourceType": "Bundle",
  "type": "transaction",
  "entry": [
    {
      "resource": {
        "resourceType": "Encounter",
        "id": "Encounter-352",
        "status": "finished",
        "class": {
          "system": "http://hl7.org/fhir/encounter-class",
          "code": "other",
          "display": "Other"
        },
        "subject": {
          "reference": "Patient/Patient-6554",
          "display": "Olga Grace Dunlap"
        },
        "participant": [
          {
            "period": {
              "start": "2019-06-17T09:36:36-04:00",
              "end": "2019-06-17T09:36:36-04:00"
            },
            "individual": {
              "reference": "Practitioner/Practitioner-2531",
              "display": "Tracy Hampton Boone MD"
            }
          }
        ],
        "period": {
          "start": "2019-06-17T09:36:36-04:00",
          "end": "2019-06-17T09:36:36-04:00"
        },
        "location": [
          {
            "location": {
              "reference": "Location/Location-1104",
              "display": "Bay Area Family Practice"
            }
          }
        ],
        "serviceProvider": {
          "reference": "Organization/Organization-1104",
          "display": "Bay Area Family Practice"
        }
      },
      "request": {
        "method": "PUT",
        "url": "http://localhost:8080/cqf-ruler/baseDstu3/Encounter/Encounter-352"
      }
    },
    {
      "resource": {
        "resourceType": "Immunization",
        "id": "Immunization-21547",
        "status": "completed",
        "notGiven": false,
        "vaccineCode": {
          "coding": [
            {
              "system": "http://hl7.org/fhir/sid/cvx",
              "code": "140",
              "display": "Influenza, seasonal, injectable, preservative free"
            }
          ]
        },
        "patient": {
          "reference": "Patient/Patient-6554",
          "display": "Olga Grace Dunlap"
        },
        "date": "2019-06-11T09:36:36-04:00",
        "primarySource": true,
        "location": {
          "reference": "Location/Location-1104",
          "display": "Bay Area Family Practice"
        },
        "practitioner": [
          {
            "actor": {
              "reference": "Practitioner/Practitioner-2531",
              "display": "Tracy Hampton Boone MD"
            }
          }
        ]
      },
      "request": {
        "method": "PUT",
        "url": "http://localhost:8080/cqf-ruler/baseDstu3/Immunization/Immunization-21547"
      }
    },
    {
      "resource": {
        "resourceType": "Procedure",
        "id": "Procedure-48267",
        "status": "completed",
        "code": {
          "coding": [
            {
              "system": "http://loinc.org",
              "code": "29771-3",
              "display": "Hemoglobin.gastrointestinal [Presence] in Stool by Immunologic method"
            }
          ]
        },
        "subject": {
          "reference": "Patient/Patient-6554",
          "display": "Olga Grace Dunlap"
        },
        "context": {
          "reference": "Encounter/Encounter-352",
          "display": "Bay Area Family Practice"
        },
        "performedPeriod": {
          "start": "2019-06-17T09:36:36-04:00",
          "end": "2019-06-17T09:36:36-04:00"
        },
        "performer": [
          {
            "actor": {
              "reference": "Practitioner/Practitioner-2531",
              "display": "Tracy Hampton Boone MD"
            }
          }
        ],
        "location": {
          "reference": "Location/Location-1104",
          "display": "Bay Area Family Practice"
        }
      },
      "request": {
        "method": "PUT",
        "url": "http://localhost:8080/cqf-ruler/baseDstu3/Procedure/Procedure-48267"
      }
    },
    {
      "resource": {
        "resourceType": "Observation",
        "id": "Observation-48268",
        "status": "final",
        "code": {
          "coding": [
            {
              "system": "http://loinc.org",
              "code": "27925-7",
              "display": "Hemoglobin.gastrointestinal [Presence] in Stool --7th specimen"
            }
          ]
        },
        "subject": {
          "reference": "Patient/Patient-6554",
          "display": "Olga Grace Dunlap"
        },
        "context": {
          "reference": "Encounter/Encounter-352",
          "display": "Bay Area Family Practice"
        },
        "effectiveDateTime": "2019-06-17T09:36:36-04:00",
        "performer": [
          {
            "reference": "Practitioner/Practitioner-2531",
            "display": "Tracy Hampton Boone MD"
          }
        ],
        "valueString": "NEGATIVE"
      },
      "request": {
        "method": "PUT",
        "url": "http://localhost:8080/cqf-ruler/baseDstu3/Observation/Observation-48268"
      }
    },
    {
      "resource": {
        "resourceType": "Observation",
        "id": "Observation-48269",
        "status": "final",
        "code": {
          "coding": [
            {
              "system": "http://loinc.org",
              "code": "8480-6",
              "display": "Systolic blood pressure"
            }
          ]
        },
        "subject": {
          "reference": "Patient/Patient-6554",
          "display": "Olga Grace Dunlap"
        },
        "context": {
          "reference": "Encounter/Encounter-352",
          "display": "Bay Area Family Practice"
        },
        "effectiveDateTime": "2019-06-17T09:36:36-04:00",
        "performer": [
          {
            "reference": "Practitioner/Practitioner-2531",
            "display": "Tracy Hampton Boone MD"
          }
        ],
        "valueQuantity": {
          "value": 138.6488425477047,
          "unit": "mmHg"
        }
      },
      "request": {
        "method": "PUT",
        "url": "http://localhost:8080/cqf-ruler/baseDstu3/Observation/Observation-48269"
      }
    },
    {
      "resource": {
        "resourceType": "Observation",
        "id": "Observation-48270",
        "status": "final",
        "code": {
          "coding": [
            {
              "system": "http://loinc.org",
              "code": "8462-4",
              "display": "Diastolic blood pressure"
            }
          ]
        },
        "subject": {
          "reference": "Patient/Patient-6554",
          "display": "Olga Grace Dunlap"
        },
        "context": {
          "reference": "Encounter/Encounter-352",
          "display": "Bay Area Family Practice"
        },
        "effectiveDateTime": "2019-06-17T09:36:36-04:00",
        "performer": [
          {
            "reference": "Practitioner/Practitioner-2531",
            "display": "Tracy Hampton Boone MD"
          }
        ],
        "valueQuantity": {
          "value": 102.6540355946778,
          "unit": "mmHg"
        }
      },
      "request": {
        "method": "PUT",
        "url": "http://localhost:8080/cqf-ruler/baseDstu3/Observation/Observation-48270"
      }
    },
    {
      "resource": {
        "resourceType": "Condition",
        "id": "Condition-48271",
        "clinicalStatus": "active",
        "verificationStatus": "confirmed",
        "code": {
          "coding": [
            {
              "system": "http://snomed.info/sct",
              "code": "56218007",
              "display": "Systolic hypertension"
            }
          ]
        },
        "subject": {
          "reference": "Patient/Patient-6554",
          "display": "Olga Grace Dunlap"
        },
        "context": {
          "reference": "Encounter/Encounter-352",
          "display": "Bay Area Family Practice"
        },
        "onsetDateTime": "2019-06-17T09:36:36-04:00",
        "assertedDate": "2019-06-17T09:36:36-04:00",
        "asserter": {
          "reference": "Practitioner/Practitioner-2531",
          "display": "Tracy Hampton Boone MD"
        }
      },
      "request": {
        "method": "PUT",
        "url": "http://localhost:8080/cqf-ruler/baseDstu3/Condition/Condition-48271"
      }
    },
    {
      "resource": {
        "resourceType": "Procedure",
        "id": "Procedure-48272",
        "status": "completed",
        "code": {
          "coding": [
            {
              "system": "http://snomed.info/sct",
              "code": "43204002",
              "display": "Bilateral mammography (procedure)"
            }
          ]
        },
        "subject": {
          "reference": "Patient/Patient-6554",
          "display": "Olga Grace Dunlap"
        },
        "context": {
          "reference": "Encounter/Encounter-352",
          "display": "Bay Area Family Practice"
        },
        "performedPeriod": {
          "start": "2019-06-17T09:36:36-04:00",
          "end": "2019-06-17T09:36:36-04:00"
        },
        "performer": [
          {
            "actor": {
              "reference": "Practitioner/Practitioner-2531",
              "display": "Tracy Hampton Boone MD"
            }
          }
        ],
        "location": {
          "reference": "Location/Location-1104",
          "display": "Bay Area Family Practice"
        }
      },
      "request": {
        "method": "PUT",
        "url": "http://localhost:8080/cqf-ruler/baseDstu3/Procedure/Procedure-48272"
      }
    },
    {
      "resource": {
        "resourceType": "Observation",
        "id": "Observation-48273",
        "status": "final",
        "code": {
          "coding": [
            {
              "system": "http://snomed.info/sct",
              "code": "168749009",
              "display": "Mammography normal (finding)"
            }
          ]
        },
        "subject": {
          "reference": "Patient/Patient-6554",
          "display": "Olga Grace Dunlap"
        },
        "context": {
          "reference": "Encounter/Encounter-352",
          "display": "Bay Area Family Practice"
        },
        "effectiveDateTime": "2019-06-17T09:36:36-04:00",
        "performer": [
          {
            "reference": "Practitioner/Practitioner-2531",
            "display": "Tracy Hampton Boone MD"
          }
        ],
        "valueString": "NEGATIVE"
      },
      "request": {
        "method": "PUT",
        "url": "http://localhost:8080/cqf-ruler/baseDstu3/Observation/Observation-48273"
      }
    },
    {
      "resource": {
        "resourceType": "DiagnosticReport",
        "id": "DiagnosticReport-48274",
        "status": "final",
        "code": {
          "coding": [
            {
              "system": "http://loinc.org",
              "code": "48492-3",
              "display": "Breast implant - bilateral Mammogram screening"
            }
          ]
        },
        "subject": {
          "reference": "Patient/Patient-6554",
          "display": "Olga Grace Dunlap"
        },
        "context": {
          "reference": "Encounter/Encounter-352",
          "display": "Bay Area Family Practice"
        },
        "effectivePeriod": {
          "start": "2019-06-17T09:36:36-04:00",
          "end": "2019-06-17T09:36:36-04:00"
        },
        "result": [
          {
            "reference": "Observation/Observation-48273",
            "display": "No_Cancer_Detected"
          }
        ]
      },
      "request": {
        "method": "PUT",
        "url": "http://localhost:8080/cqf-ruler/baseDstu3/DiagnosticReport/DiagnosticReport-48274"
      }
    },
    {
      "resource": {
        "resourceType": "Procedure",
        "id": "Procedure-48275",
        "status": "completed",
        "code": {
          "coding": [
            {
              "system": "http://loinc.org",
              "code": "47528-5",
              "display": "Cytology report of Cervical or vaginal smear or scraping Cyto stain"
            }
          ]
        },
        "subject": {
          "reference": "Patient/Patient-6554",
          "display": "Olga Grace Dunlap"
        },
        "context": {
          "reference": "Encounter/Encounter-352",
          "display": "Bay Area Family Practice"
        },
        "performedPeriod": {
          "start": "2019-06-17T09:36:36-04:00",
          "end": "2019-06-17T09:36:36-04:00"
        },
        "performer": [
          {
            "actor": {
              "reference": "Practitioner/Practitioner-2531",
              "display": "Tracy Hampton Boone MD"
            }
          }
        ],
        "location": {
          "reference": "Location/Location-1104",
          "display": "Bay Area Family Practice"
        }
      },
      "request": {
        "method": "PUT",
        "url": "http://localhost:8080/cqf-ruler/baseDstu3/Procedure/Procedure-48275"
      }
    },
    {
      "resource": {
        "resourceType": "Observation",
        "id": "Observation-48276",
        "status": "final",
        "code": {
          "coding": [
            {
              "system": "http://snomed.info/sct",
              "code": "289829007",
              "display": "Normal uterine cervix (finding)"
            }
          ]
        },
        "subject": {
          "reference": "Patient/Patient-6554",
          "display": "Olga Grace Dunlap"
        },
        "context": {
          "reference": "Encounter/Encounter-352",
          "display": "Bay Area Family Practice"
        },
        "effectiveDateTime": "2019-06-17T09:36:36-04:00",
        "performer": [
          {
            "reference": "Practitioner/Practitioner-2531",
            "display": "Tracy Hampton Boone MD"
          }
        ],
        "valueString": "NEGATIVE"
      },
      "request": {
        "method": "PUT",
        "url": "http://localhost:8080/cqf-ruler/baseDstu3/Observation/Observation-48276"
      }
    },
    {
      "resource": {
        "resourceType": "DiagnosticReport",
        "id": "DiagnosticReport-48277",
        "status": "final",
        "code": {
          "coding": [
            {
              "system": "http://loinc.org",
              "code": "36626-0",
              "display": "Breast - bilateral Mammogram"
            }
          ]
        },
        "subject": {
          "reference": "Patient/Patient-6554",
          "display": "Olga Grace Dunlap"
        },
        "context": {
          "reference": "Encounter/Encounter-352",
          "display": "Bay Area Family Practice"
        },
        "effectivePeriod": {
          "start": "2019-06-17T09:36:36-04:00",
          "end": "2019-06-17T09:36:36-04:00"
        },
        "result": [
          {
            "reference": "Observation/Observation-48276",
            "display": "No_Cancer_Detected"
          }
        ]
      },
      "request": {
        "method": "PUT",
        "url": "http://localhost:8080/cqf-ruler/baseDstu3/DiagnosticReport/DiagnosticReport-48277"
      }
    },
    {
      "resource": {
        "resourceType": "Observation",
        "id": "Observation-48278",
        "status": "final",
        "category": [
          {
            "coding": [
              {
                "system": "http://hl7.org/fhir/observation-category",
                "code": "vital-signs",
                "display": "vital-signs"
              }
            ]
          }
        ],
        "code": {
          "coding": [
            {
              "system": "http://loinc.org",
              "code": "8716-3",
              "display": "Vital Signs Panel"
            }
          ]
        },
        "subject": {
          "reference": "Patient/Patient-6554",
          "display": "Olga Grace Dunlap"
        },
        "context": {
          "reference": "Encounter/Encounter-352",
          "display": "Bay Area Family Practice"
        },
        "effectivePeriod": {
          "start": "2019-06-17T09:36:36-04:00",
          "end": "2019-06-17T09:36:36-04:00"
        },
        "valueQuantity": {
          "value": 102.6540355946778,
          "unit": "mmHg"
        },
        "component": [
          {
            "code": {
              "coding": [
                {
                  "system": "http://loinc.org",
                  "code": "8302-2",
                  "display": "Height"
                }
              ]
            }
          },
          {
            "code": {
              "coding": [
                {
                  "system": "http://loinc.org",
                  "code": "29463-7",
                  "display": "Weight"
                }
              ]
            }
          },
          {
            "code": {
              "coding": [
                {
                  "system": "http://loinc.org",
                  "code": "39156-5",
                  "display": "BMI"
                }
              ]
            }
          },
          {
            "code": {
              "coding": [
                {
                  "system": "http://loinc.org",
                  "code": "8310-5",
                  "display": "Temperature"
                }
              ]
            }
          },
          {
            "code": {
              "coding": [
                {
                  "system": "http://loinc.org",
                  "code": "8459-0",
                  "display": "Systolic Blood Pressure"
                }
              ]
            }
          },
          {
            "code": {
              "coding": [
                {
                  "system": "http://loinc.org",
                  "code": "8453-3",
                  "display": "Diastolic Blood Pressure"
                }
              ]
            }
          }
        ]
      },
      "request": {
        "method": "PUT",
        "url": "http://localhost:8080/cqf-ruler/baseDstu3/Observation/Observation-48278"
      }
    }
  ]
}