{
  "resourceType": "Bundle",
  "type": "transaction",
  "entry": [
    {
      "resource": {
        "resourceType": "Encounter",
        "id": "Encounter-305",
        "status": "finished",
        "class": {
          "system": "http://hl7.org/fhir/encounter-class",
          "code": "other",
          "display": "Other"
        },
        "subject": {
          "reference": "Patient/Patient-6486",
          "display": "Erika Amy Moore"
        },
        "participant": [
          {
            "period": {
              "start": "2019-01-07T09:36:36-05:00",
              "end": "2019-01-07T09:36:36-05:00"
            },
            "individual": {
              "reference": "Practitioner/Practitioner-2523",
              "display": "Dean Andrew Davis MD"
            }
          }
        ],
        "period": {
          "start": "2019-01-07T09:36:36-05:00",
          "end": "2019-01-07T09:36:36-05:00"
        },
        "location": [
          {
            "location": {
              "reference": "Location/Location-1102",
              "display": "Pediatric and Adult Medicine"
            }
          }
        ],
        "serviceProvider": {
          "reference": "Organization/Organization-1102",
          "display": "Pediatric and Adult Medicine"
        }
      },
      "request": {
        "method": "PUT",
        "url": "http://localhost:8080/cqf-ruler/baseDstu3/Encounter/Encounter-305"
      }
    },
    {
      "resource": {
        "resourceType": "Immunization",
        "id": "Immunization-9088",
        "status": "completed",
        "notGiven": false,
        "vaccineCode": {
          "coding": [
            {
              "system": "http://hl7.org/fhir/sid/cvx",
              "code": "140",
              "display": "Influenza, seasonal, injectable, preservative free"
            }
          ]
        },
        "patient": {
          "reference": "Patient/Patient-6486",
          "display": "Erika Amy Moore"
        },
        "date": "2019-01-01T09:36:36-05:00",
        "primarySource": true,
        "location": {
          "reference": "Location/Location-1102",
          "display": "Pediatric and Adult Medicine"
        },
        "practitioner": [
          {
            "actor": {
              "reference": "Practitioner/Practitioner-2523",
              "display": "Dean Andrew Davis MD"
            }
          }
        ]
      },
      "request": {
        "method": "PUT",
        "url": "http://localhost:8080/cqf-ruler/baseDstu3/Immunization/Immunization-9088"
      }
    },
    {
      "resource": {
        "resourceType": "Immunization",
        "id": "Immunization-9089",
        "status": "completed",
        "notGiven": false,
        "vaccineCode": {
          "coding": [
            {
              "system": "http://hl7.org/fhir/sid/cvx",
              "code": "33",
              "display": "pneumococcal polysaccharide vaccine, 23 valent"
            }
          ]
        },
        "patient": {
          "reference": "Patient/Patient-6486",
          "display": "Erika Amy Moore"
        },
        "date": "2019-01-01T09:36:36-05:00",
        "primarySource": true,
        "location": {
          "reference": "Location/Location-1102",
          "display": "Pediatric and Adult Medicine"
        },
        "practitioner": [
          {
            "actor": {
              "reference": "Practitioner/Practitioner-2523",
              "display": "Dean Andrew Davis MD"
            }
          }
        ]
      },
      "request": {
        "method": "PUT",
        "url": "http://localhost:8080/cqf-ruler/baseDstu3/Immunization/Immunization-9089"
      }
    },
    {
      "resource": {
        "resourceType": "Procedure",
        "id": "Procedure-35983",
        "status": "completed",
        "code": {
          "coding": [
            {
              "system": "http://loinc.org",
              "code": "27396-1",
              "display": "Hemoglobin.gastrointestinal [Mass/mass] in Stool"
            }
          ]
        },
        "subject": {
          "reference": "Patient/Patient-6486",
          "display": "Erika Amy Moore"
        },
        "context": {
          "reference": "Encounter/Encounter-305",
          "display": "Pediatric and Adult Medicine"
        },
        "performedPeriod": {
          "start": "2019-01-07T09:36:36-05:00",
          "end": "2019-01-07T09:36:36-05:00"
        },
        "performer": [
          {
            "actor": {
              "reference": "Practitioner/Practitioner-2523",
              "display": "Dean Andrew Davis MD"
            }
          }
        ],
        "location": {
          "reference": "Location/Location-1102",
          "display": "Pediatric and Adult Medicine"
        }
      },
      "request": {
        "method": "PUT",
        "url": "http://localhost:8080/cqf-ruler/baseDstu3/Procedure/Procedure-35983"
      }
    },
    {
      "resource": {
        "resourceType": "Observation",
        "id": "Observation-35984",
        "status": "final",
        "code": {
          "coding": [
            {
              "system": "http://loinc.org",
              "code": "29771-3",
              "display": "Hemoglobin.gastrointestinal [Presence] in Stool by Immunologic method"
            }
          ]
        },
        "subject": {
          "reference": "Patient/Patient-6486",
          "display": "Erika Amy Moore"
        },
        "context": {
          "reference": "Encounter/Encounter-305",
          "display": "Pediatric and Adult Medicine"
        },
        "effectiveDateTime": "2019-01-07T09:36:36-05:00",
        "performer": [
          {
            "reference": "Practitioner/Practitioner-2523",
            "display": "Dean Andrew Davis MD"
          }
        ],
        "valueString": "NEGATIVE"
      },
      "request": {
        "method": "PUT",
        "url": "http://localhost:8080/cqf-ruler/baseDstu3/Observation/Observation-35984"
      }
    },
    {
      "resource": {
        "resourceType": "Observation",
        "id": "Observation-35985",
        "status": "final",
        "code": {
          "coding": [
            {
              "system": "http://loinc.org",
              "code": "8480-6",
              "display": "Systolic blood pressure"
            }
          ]
        },
        "subject": {
          "reference": "Patient/Patient-6486",
          "display": "Erika Amy Moore"
        },
        "context": {
          "reference": "Encounter/Encounter-305",
          "display": "Pediatric and Adult Medicine"
        },
        "effectiveDateTime": "2019-01-07T09:36:36-05:00",
        "performer": [
          {
            "reference": "Practitioner/Practitioner-2523",
            "display": "Dean Andrew Davis MD"
          }
        ],
        "valueQuantity": {
          "value": 165.91163048255362,
          "unit": "mmHg"
        }
      },
      "request": {
        "method": "PUT",
        "url": "http://localhost:8080/cqf-ruler/baseDstu3/Observation/Observation-35985"
      }
    },
    {
      "resource": {
        "resourceType": "Observation",
        "id": "Observation-35986",
        "status": "final",
        "code": {
          "coding": [
            {
              "system": "http://loinc.org",
              "code": "8462-4",
              "display": "Diastolic blood pressure"
            }
          ]
        },
        "subject": {
          "reference": "Patient/Patient-6486",
          "display": "Erika Amy Moore"
        },
        "context": {
          "reference": "Encounter/Encounter-305",
          "display": "Pediatric and Adult Medicine"
        },
        "effectiveDateTime": "2019-01-07T09:36:36-05:00",
        "performer": [
          {
            "reference": "Practitioner/Practitioner-2523",
            "display": "Dean Andrew Davis MD"
          }
        ],
        "valueQuantity": {
          "value": 86.81691853737715,
          "unit": "mmHg"
        }
      },
      "request": {
        "method": "PUT",
        "url": "http://localhost:8080/cqf-ruler/baseDstu3/Observation/Observation-35986"
      }
    },
    {
      "resource": {
        "resourceType": "Condition",
        "id": "Condition-35987",
        "clinicalStatus": "active",
        "verificationStatus": "confirmed",
        "code": {
          "coding": [
            {
              "system": "http://hl7.org/fhir/sid/icd-10-us",
              "code": "I10",
              "display": "Essential (primary) hypertension"
            }
          ]
        },
        "subject": {
          "reference": "Patient/Patient-6486",
          "display": "Erika Amy Moore"
        },
        "context": {
          "reference": "Encounter/Encounter-305",
          "display": "Pediatric and Adult Medicine"
        },
        "onsetDateTime": "2019-01-07T09:36:36-05:00",
        "assertedDate": "2019-01-07T09:36:36-05:00",
        "asserter": {
          "reference": "Practitioner/Practitioner-2523",
          "display": "Dean Andrew Davis MD"
        }
      },
      "request": {
        "method": "PUT",
        "url": "http://localhost:8080/cqf-ruler/baseDstu3/Condition/Condition-35987"
      }
    },
    {
      "resource": {
        "resourceType": "Procedure",
        "id": "Procedure-35988",
        "status": "completed",
        "code": {
          "coding": [
            {
              "system": "http://snomed.info/sct",
              "code": "43204002",
              "display": "Bilateral mammography (procedure)"
            }
          ]
        },
        "subject": {
          "reference": "Patient/Patient-6486",
          "display": "Erika Amy Moore"
        },
        "context": {
          "reference": "Encounter/Encounter-305",
          "display": "Pediatric and Adult Medicine"
        },
        "performedPeriod": {
          "start": "2019-01-07T09:36:36-05:00",
          "end": "2019-01-07T09:36:36-05:00"
        },
        "performer": [
          {
            "actor": {
              "reference": "Practitioner/Practitioner-2523",
              "display": "Dean Andrew Davis MD"
            }
          }
        ],
        "location": {
          "reference": "Location/Location-1102",
          "display": "Pediatric and Adult Medicine"
        }
      },
      "request": {
        "method": "PUT",
        "url": "http://localhost:8080/cqf-ruler/baseDstu3/Procedure/Procedure-35988"
      }
    },
    {
      "resource": {
        "resourceType": "Observation",
        "id": "Observation-35990",
        "status": "final",
        "code": {
          "coding": [
            {
              "system": "http://snomed.info/sct",
              "code": "397145000",
              "display": "Mammography assessment (Category 5) - Highly suggestive of malignancy"
            }
          ]
        },
        "subject": {
          "reference": "Patient/Patient-6486",
          "display": "Erika Amy Moore"
        },
        "context": {
          "reference": "Encounter/Encounter-305",
          "display": "Pediatric and Adult Medicine"
        },
        "effectiveDateTime": "2019-01-07T09:36:36-05:00",
        "performer": [
          {
            "reference": "Practitioner/Practitioner-2523",
            "display": "Dean Andrew Davis MD"
          }
        ],
        "valueString": "POSITIVE"
      },
      "request": {
        "method": "PUT",
        "url": "http://localhost:8080/cqf-ruler/baseDstu3/Observation/Observation-35990"
      }
    },
    {
      "resource": {
        "resourceType": "DiagnosticReport",
        "id": "DiagnosticReport-35991",
        "status": "final",
        "code": {
          "coding": [
            {
              "system": "http://loinc.org",
              "code": "48492-3",
              "display": "Breast implant - bilateral Mammogram screening"
            }
          ]
        },
        "subject": {
          "reference": "Patient/Patient-6486",
          "display": "Erika Amy Moore"
        },
        "context": {
          "reference": "Encounter/Encounter-305",
          "display": "Pediatric and Adult Medicine"
        },
        "effectivePeriod": {
          "start": "2019-01-07T09:36:36-05:00",
          "end": "2019-01-07T09:36:36-05:00"
        },
        "result": [
          {
            "reference": "Observation/Observation-35990",
            "display": "Breast_Cancer_Observation"
          }
        ]
      },
      "request": {
        "method": "PUT",
        "url": "http://localhost:8080/cqf-ruler/baseDstu3/DiagnosticReport/DiagnosticReport-35991"
      }
    },
    {
      "resource": {
        "resourceType": "Observation",
        "id": "Observation-35992",
        "status": "final",
        "category": [
          {
            "coding": [
              {
                "system": "http://hl7.org/fhir/observation-category",
                "code": "vital-signs",
                "display": "vital-signs"
              }
            ]
          }
        ],
        "code": {
          "coding": [
            {
              "system": "http://loinc.org",
              "code": "8716-3",
              "display": "Vital Signs Panel"
            }
          ]
        },
        "subject": {
          "reference": "Patient/Patient-6486",
          "display": "Erika Amy Moore"
        },
        "context": {
          "reference": "Encounter/Encounter-305",
          "display": "Pediatric and Adult Medicine"
        },
        "effectivePeriod": {
          "start": "2019-01-07T09:36:36-05:00",
          "end": "2019-01-07T09:36:36-05:00"
        },
        "valueQuantity": {
          "value": 86.81691853737715,
          "unit": "mmHg"
        },
        "component": [
          {
            "code": {
              "coding": [
                {
                  "system": "http://loinc.org",
                  "code": "8302-2",
                  "display": "Height"
                }
              ]
            }
          },
          {
            "code": {
              "coding": [
                {
                  "system": "http://loinc.org",
                  "code": "29463-7",
                  "display": "Weight"
                }
              ]
            }
          },
          {
            "code": {
              "coding": [
                {
                  "system": "http://loinc.org",
                  "code": "39156-5",
                  "display": "BMI"
                }
              ]
            }
          },
          {
            "code": {
              "coding": [
                {
                  "system": "http://loinc.org",
                  "code": "8310-5",
                  "display": "Temperature"
                }
              ]
            }
          },
          {
            "code": {
              "coding": [
                {
                  "system": "http://loinc.org",
                  "code": "8459-0",
                  "display": "Systolic Blood Pressure"
                }
              ]
            }
          },
          {
            "code": {
              "coding": [
                {
                  "system": "http://loinc.org",
                  "code": "8453-3",
                  "display": "Diastolic Blood Pressure"
                }
              ]
            }
          }
        ]
      },
      "request": {
        "method": "PUT",
        "url": "http://localhost:8080/cqf-ruler/baseDstu3/Observation/Observation-35992"
      }
    }
  ]
}