{
  "resourceType": "Bundle",
  "type": "transaction",
  "entry": [
    {
      "resource": {
        "resourceType": "Encounter",
        "id": "Encounter-1077",
        "status": "finished",
        "class": {
          "system": "http://hl7.org/fhir/encounter-class",
          "code": "other",
          "display": "Other"
        },
        "subject": {
          "reference": "Patient/Patient-6554",
          "display": "Olga Grace Dunlap"
        },
        "participant": [
          {
            "period": {
              "start": "2027-08-02T09:36:36-04:00",
              "end": "2027-08-02T09:36:36-04:00"
            },
            "individual": {
              "reference": "Practitioner/Practitioner-2531",
              "display": "Tracy Hampton Boone MD"
            }
          }
        ],
        "period": {
          "start": "2027-08-02T09:36:36-04:00",
          "end": "2027-08-02T09:36:36-04:00"
        },
        "location": [
          {
            "location": {
              "reference": "Location/Location-1104",
              "display": "Bay Area Family Practice"
            }
          }
        ],
        "serviceProvider": {
          "reference": "Organization/Organization-1104",
          "display": "Bay Area Family Practice"
        }
      },
      "request": {
        "method": "PUT",
        "url": "http://localhost:8080/cqf-ruler/baseDstu3/Encounter/Encounter-1077"
      }
    },
    {
      "resource": {
        "resourceType": "Immunization",
        "id": "Immunization-231721",
        "status": "completed",
        "notGiven": false,
        "vaccineCode": {
          "coding": [
            {
              "system": "http://hl7.org/fhir/sid/cvx",
              "code": "140",
              "display": "Influenza, seasonal, injectable, preservative free"
            }
          ]
        },
        "patient": {
          "reference": "Patient/Patient-6554",
          "display": "Olga Grace Dunlap"
        },
        "date": "2027-07-27T09:36:36-04:00",
        "primarySource": true,
        "location": {
          "reference": "Location/Location-1104",
          "display": "Bay Area Family Practice"
        },
        "practitioner": [
          {
            "actor": {
              "reference": "Practitioner/Practitioner-2531",
              "display": "Tracy Hampton Boone MD"
            }
          }
        ]
      },
      "request": {
        "method": "PUT",
        "url": "http://localhost:8080/cqf-ruler/baseDstu3/Immunization/Immunization-231721"
      }
    },
    {
      "resource": {
        "resourceType": "Observation",
        "id": "Observation-257495",
        "status": "final",
        "code": {
          "coding": [
            {
              "system": "http://loinc.org",
              "code": "8480-6",
              "display": "Systolic blood pressure"
            }
          ]
        },
        "subject": {
          "reference": "Patient/Patient-6554",
          "display": "Olga Grace Dunlap"
        },
        "context": {
          "reference": "Encounter/Encounter-1077",
          "display": "Bay Area Family Practice"
        },
        "effectiveDateTime": "2027-08-02T09:36:36-04:00",
        "performer": [
          {
            "reference": "Practitioner/Practitioner-2531",
            "display": "Tracy Hampton Boone MD"
          }
        ],
        "valueQuantity": {
          "value": 125.56078591763462,
          "unit": "mmHg"
        }
      },
      "request": {
        "method": "PUT",
        "url": "http://localhost:8080/cqf-ruler/baseDstu3/Observation/Observation-257495"
      }
    },
    {
      "resource": {
        "resourceType": "Observation",
        "id": "Observation-257496",
        "status": "final",
        "code": {
          "coding": [
            {
              "system": "http://loinc.org",
              "code": "8462-4",
              "display": "Diastolic blood pressure"
            }
          ]
        },
        "subject": {
          "reference": "Patient/Patient-6554",
          "display": "Olga Grace Dunlap"
        },
        "context": {
          "reference": "Encounter/Encounter-1077",
          "display": "Bay Area Family Practice"
        },
        "effectiveDateTime": "2027-08-02T09:36:36-04:00",
        "performer": [
          {
            "reference": "Practitioner/Practitioner-2531",
            "display": "Tracy Hampton Boone MD"
          }
        ],
        "valueQuantity": {
          "value": 67.91194917681378,
          "unit": "mmHg"
        }
      },
      "request": {
        "method": "PUT",
        "url": "http://localhost:8080/cqf-ruler/baseDstu3/Observation/Observation-257496"
      }
    },
    {
      "resource": {
        "resourceType": "Procedure",
        "id": "Procedure-257497",
        "status": "completed",
        "code": {
          "coding": [
            {
              "system": "http://loinc.org",
              "code": "33717-0",
              "display": "Cytology Cervical or vaginal smear or scraping study"
            }
          ]
        },
        "subject": {
          "reference": "Patient/Patient-6554",
          "display": "Olga Grace Dunlap"
        },
        "context": {
          "reference": "Encounter/Encounter-1077",
          "display": "Bay Area Family Practice"
        },
        "performedPeriod": {
          "start": "2027-08-02T09:36:36-04:00",
          "end": "2027-08-02T09:36:36-04:00"
        },
        "performer": [
          {
            "actor": {
              "reference": "Practitioner/Practitioner-2531",
              "display": "Tracy Hampton Boone MD"
            }
          }
        ],
        "location": {
          "reference": "Location/Location-1104",
          "display": "Bay Area Family Practice"
        }
      },
      "request": {
        "method": "PUT",
        "url": "http://localhost:8080/cqf-ruler/baseDstu3/Procedure/Procedure-257497"
      }
    },
    {
      "resource": {
        "resourceType": "Observation",
        "id": "Observation-257498",
        "status": "final",
        "code": {
          "coding": [
            {
              "system": "http://snomed.info/sct",
              "code": "289829007",
              "display": "Normal uterine cervix (finding)"
            }
          ]
        },
        "subject": {
          "reference": "Patient/Patient-6554",
          "display": "Olga Grace Dunlap"
        },
        "context": {
          "reference": "Encounter/Encounter-1077",
          "display": "Bay Area Family Practice"
        },
        "effectiveDateTime": "2027-08-02T09:36:36-04:00",
        "performer": [
          {
            "reference": "Practitioner/Practitioner-2531",
            "display": "Tracy Hampton Boone MD"
          }
        ],
        "valueString": "NEGATIVE"
      },
      "request": {
        "method": "PUT",
        "url": "http://localhost:8080/cqf-ruler/baseDstu3/Observation/Observation-257498"
      }
    },
    {
      "resource": {
        "resourceType": "DiagnosticReport",
        "id": "DiagnosticReport-257499",
        "status": "final",
        "code": {
          "coding": [
            {
              "system": "http://loinc.org",
              "code": "24610-8",
              "display": "Breast Mammogram limited"
            }
          ]
        },
        "subject": {
          "reference": "Patient/Patient-6554",
          "display": "Olga Grace Dunlap"
        },
        "context": {
          "reference": "Encounter/Encounter-1077",
          "display": "Bay Area Family Practice"
        },
        "effectivePeriod": {
          "start": "2027-08-02T09:36:36-04:00",
          "end": "2027-08-02T09:36:36-04:00"
        },
        "result": [
          {
            "reference": "Observation/Observation-257498",
            "display": "No_Cancer_Detected"
          }
        ]
      },
      "request": {
        "method": "PUT",
        "url": "http://localhost:8080/cqf-ruler/baseDstu3/DiagnosticReport/DiagnosticReport-257499"
      }
    },
    {
      "resource": {
        "resourceType": "Observation",
        "id": "Observation-257500",
        "status": "final",
        "category": [
          {
            "coding": [
              {
                "system": "http://hl7.org/fhir/observation-category",
                "code": "vital-signs",
                "display": "vital-signs"
              }
            ]
          }
        ],
        "code": {
          "coding": [
            {
              "system": "http://loinc.org",
              "code": "8716-3",
              "display": "Vital Signs Panel"
            }
          ]
        },
        "subject": {
          "reference": "Patient/Patient-6554",
          "display": "Olga Grace Dunlap"
        },
        "context": {
          "reference": "Encounter/Encounter-1077",
          "display": "Bay Area Family Practice"
        },
        "effectivePeriod": {
          "start": "2027-08-02T09:36:36-04:00",
          "end": "2027-08-02T09:36:36-04:00"
        },
        "valueQuantity": {
          "value": 67.91194917681378,
          "unit": "mmHg"
        },
        "component": [
          {
            "code": {
              "coding": [
                {
                  "system": "http://loinc.org",
                  "code": "8302-2",
                  "display": "Height"
                }
              ]
            }
          },
          {
            "code": {
              "coding": [
                {
                  "system": "http://loinc.org",
                  "code": "29463-7",
                  "display": "Weight"
                }
              ]
            }
          },
          {
            "code": {
              "coding": [
                {
                  "system": "http://loinc.org",
                  "code": "39156-5",
                  "display": "BMI"
                }
              ]
            }
          },
          {
            "code": {
              "coding": [
                {
                  "system": "http://loinc.org",
                  "code": "8310-5",
                  "display": "Temperature"
                }
              ]
            }
          },
          {
            "code": {
              "coding": [
                {
                  "system": "http://loinc.org",
                  "code": "8459-0",
                  "display": "Systolic Blood Pressure"
                }
              ]
            }
          },
          {
            "code": {
              "coding": [
                {
                  "system": "http://loinc.org",
                  "code": "8453-3",
                  "display": "Diastolic Blood Pressure"
                }
              ]
            }
          }
        ]
      },
      "request": {
        "method": "PUT",
        "url": "http://localhost:8080/cqf-ruler/baseDstu3/Observation/Observation-257500"
      }
    }
  ]
}