{
  "resourceType": "Bundle",
  "type": "transaction",
  "entry": [
    {
      "resource": {
        "resourceType": "Encounter",
        "id": "Encounter-300",
        "status": "finished",
        "class": {
          "system": "http://hl7.org/fhir/encounter-class",
          "code": "other",
          "display": "Other"
        },
        "subject": {
          "reference": "Patient/Patient-6550",
          "display": "Claude Roberto Andersen Jr"
        },
        "participant": [
          {
            "period": {
              "start": "2018-12-31T09:36:36-05:00",
              "end": "2018-12-31T09:36:36-05:00"
            },
            "individual": {
              "reference": "Practitioner/Practitioner-2527",
              "display": "Lee Chris Mejia MD"
            }
          }
        ],
        "period": {
          "start": "2018-12-31T09:36:36-05:00",
          "end": "2018-12-31T09:36:36-05:00"
        },
        "location": [
          {
            "location": {
              "reference": "Location/Location-1106",
              "display": "Cranston Family Medical"
            }
          }
        ],
        "serviceProvider": {
          "reference": "Organization/Organization-1106",
          "display": "Cranston Family Medical"
        }
      },
      "request": {
        "method": "PUT",
        "url": "http://localhost:8080/cqf-ruler/baseDstu3/Encounter/Encounter-300"
      }
    },
    {
      "resource": {
        "resourceType": "Immunization",
        "id": "Immunization-9048",
        "status": "completed",
        "notGiven": false,
        "vaccineCode": {
          "coding": [
            {
              "system": "http://hl7.org/fhir/sid/cvx",
              "code": "140",
              "display": "Influenza, seasonal, injectable, preservative free"
            }
          ]
        },
        "patient": {
          "reference": "Patient/Patient-6550",
          "display": "Claude Roberto Andersen Jr"
        },
        "date": "2018-12-25T09:36:36-05:00",
        "primarySource": true,
        "location": {
          "reference": "Location/Location-1106",
          "display": "Cranston Family Medical"
        },
        "practitioner": [
          {
            "actor": {
              "reference": "Practitioner/Practitioner-2527",
              "display": "Lee Chris Mejia MD"
            }
          }
        ]
      },
      "request": {
        "method": "PUT",
        "url": "http://localhost:8080/cqf-ruler/baseDstu3/Immunization/Immunization-9048"
      }
    },
    {
      "resource": {
        "resourceType": "Procedure",
        "id": "Procedure-35265",
        "status": "completed",
        "code": {
          "coding": [
            {
              "system": "http://loinc.org",
              "code": "29771-3",
              "display": "Hemoglobin.gastrointestinal [Presence] in Stool by Immunologic method"
            }
          ]
        },
        "subject": {
          "reference": "Patient/Patient-6550",
          "display": "Claude Roberto Andersen Jr"
        },
        "context": {
          "reference": "Encounter/Encounter-300",
          "display": "Cranston Family Medical"
        },
        "performedPeriod": {
          "start": "2018-12-31T09:36:36-05:00",
          "end": "2018-12-31T09:36:36-05:00"
        },
        "performer": [
          {
            "actor": {
              "reference": "Practitioner/Practitioner-2527",
              "display": "Lee Chris Mejia MD"
            }
          }
        ],
        "location": {
          "reference": "Location/Location-1106",
          "display": "Cranston Family Medical"
        }
      },
      "request": {
        "method": "PUT",
        "url": "http://localhost:8080/cqf-ruler/baseDstu3/Procedure/Procedure-35265"
      }
    },
    {
      "resource": {
        "resourceType": "Observation",
        "id": "Observation-35266",
        "status": "final",
        "code": {
          "coding": [
            {
              "system": "http://loinc.org",
              "code": "58453-2",
              "display": "Hemoglobin.gastrointestinal [Mass/volume] in Stool by Immunologic method"
            }
          ]
        },
        "subject": {
          "reference": "Patient/Patient-6550",
          "display": "Claude Roberto Andersen Jr"
        },
        "context": {
          "reference": "Encounter/Encounter-300",
          "display": "Cranston Family Medical"
        },
        "effectiveDateTime": "2018-12-31T09:36:36-05:00",
        "performer": [
          {
            "reference": "Practitioner/Practitioner-2527",
            "display": "Lee Chris Mejia MD"
          }
        ],
        "valueString": "NEGATIVE"
      },
      "request": {
        "method": "PUT",
        "url": "http://localhost:8080/cqf-ruler/baseDstu3/Observation/Observation-35266"
      }
    },
    {
      "resource": {
        "resourceType": "Observation",
        "id": "Observation-35268",
        "status": "final",
        "code": {
          "coding": [
            {
              "system": "http://loinc.org",
              "code": "8480-6",
              "display": "Systolic blood pressure"
            }
          ]
        },
        "subject": {
          "reference": "Patient/Patient-6550",
          "display": "Claude Roberto Andersen Jr"
        },
        "context": {
          "reference": "Encounter/Encounter-300",
          "display": "Cranston Family Medical"
        },
        "effectiveDateTime": "2018-12-31T09:36:36-05:00",
        "performer": [
          {
            "reference": "Practitioner/Practitioner-2527",
            "display": "Lee Chris Mejia MD"
          }
        ],
        "valueQuantity": {
          "value": 137.91250480337544,
          "unit": "mmHg"
        }
      },
      "request": {
        "method": "PUT",
        "url": "http://localhost:8080/cqf-ruler/baseDstu3/Observation/Observation-35268"
      }
    },
    {
      "resource": {
        "resourceType": "Observation",
        "id": "Observation-35269",
        "status": "final",
        "code": {
          "coding": [
            {
              "system": "http://loinc.org",
              "code": "8462-4",
              "display": "Diastolic blood pressure"
            }
          ]
        },
        "subject": {
          "reference": "Patient/Patient-6550",
          "display": "Claude Roberto Andersen Jr"
        },
        "context": {
          "reference": "Encounter/Encounter-300",
          "display": "Cranston Family Medical"
        },
        "effectiveDateTime": "2018-12-31T09:36:36-05:00",
        "performer": [
          {
            "reference": "Practitioner/Practitioner-2527",
            "display": "Lee Chris Mejia MD"
          }
        ],
        "valueQuantity": {
          "value": 94.37042868042008,
          "unit": "mmHg"
        }
      },
      "request": {
        "method": "PUT",
        "url": "http://localhost:8080/cqf-ruler/baseDstu3/Observation/Observation-35269"
      }
    },
    {
      "resource": {
        "resourceType": "Condition",
        "id": "Condition-35270",
        "clinicalStatus": "active",
        "verificationStatus": "confirmed",
        "code": {
          "coding": [
            {
              "system": "http://snomed.info/sct",
              "code": "78975002",
              "display": "Malignant essential hypertension"
            }
          ]
        },
        "subject": {
          "reference": "Patient/Patient-6550",
          "display": "Claude Roberto Andersen Jr"
        },
        "context": {
          "reference": "Encounter/Encounter-300",
          "display": "Cranston Family Medical"
        },
        "onsetDateTime": "2018-12-31T09:36:36-05:00",
        "assertedDate": "2018-12-31T09:36:36-05:00",
        "asserter": {
          "reference": "Practitioner/Practitioner-2527",
          "display": "Lee Chris Mejia MD"
        }
      },
      "request": {
        "method": "PUT",
        "url": "http://localhost:8080/cqf-ruler/baseDstu3/Condition/Condition-35270"
      }
    },
    {
      "resource": {
        "resourceType": "Observation",
        "id": "Observation-35271",
        "status": "final",
        "category": [
          {
            "coding": [
              {
                "system": "http://hl7.org/fhir/observation-category",
                "code": "vital-signs",
                "display": "vital-signs"
              }
            ]
          }
        ],
        "code": {
          "coding": [
            {
              "system": "http://loinc.org",
              "code": "8716-3",
              "display": "Vital Signs Panel"
            }
          ]
        },
        "subject": {
          "reference": "Patient/Patient-6550",
          "display": "Claude Roberto Andersen Jr"
        },
        "context": {
          "reference": "Encounter/Encounter-300",
          "display": "Cranston Family Medical"
        },
        "effectivePeriod": {
          "start": "2018-12-31T09:36:36-05:00",
          "end": "2018-12-31T09:36:36-05:00"
        },
        "valueQuantity": {
          "value": 94.37042868042008,
          "unit": "mmHg"
        },
        "component": [
          {
            "code": {
              "coding": [
                {
                  "system": "http://loinc.org",
                  "code": "8302-2",
                  "display": "Height"
                }
              ]
            }
          },
          {
            "code": {
              "coding": [
                {
                  "system": "http://loinc.org",
                  "code": "29463-7",
                  "display": "Weight"
                }
              ]
            }
          },
          {
            "code": {
              "coding": [
                {
                  "system": "http://loinc.org",
                  "code": "39156-5",
                  "display": "BMI"
                }
              ]
            }
          },
          {
            "code": {
              "coding": [
                {
                  "system": "http://loinc.org",
                  "code": "8310-5",
                  "display": "Temperature"
                }
              ]
            }
          },
          {
            "code": {
              "coding": [
                {
                  "system": "http://loinc.org",
                  "code": "8459-0",
                  "display": "Systolic Blood Pressure"
                }
              ]
            }
          },
          {
            "code": {
              "coding": [
                {
                  "system": "http://loinc.org",
                  "code": "8453-3",
                  "display": "Diastolic Blood Pressure"
                }
              ]
            }
          }
        ]
      },
      "request": {
        "method": "PUT",
        "url": "http://localhost:8080/cqf-ruler/baseDstu3/Observation/Observation-35271"
      }
    }
  ]
}