{
  "resourceType": "Bundle",
  "type": "transaction",
  "entry": [
    {
      "resource": {
        "resourceType": "Encounter",
        "id": "Encounter-1083",
        "status": "finished",
        "class": {
          "system": "http://hl7.org/fhir/encounter-class",
          "code": "other",
          "display": "Other"
        },
        "subject": {
          "reference": "Patient/Patient-6501",
          "display": "Dwight Mitchell McCarty"
        },
        "participant": [
          {
            "period": {
              "start": "2027-08-16T09:36:36-04:00",
              "end": "2027-08-16T09:36:36-04:00"
            },
            "individual": {
              "reference": "Practitioner/Practitioner-2518",
              "display": "Jane Rosemary Saunders MD"
            }
          }
        ],
        "period": {
          "start": "2027-08-16T09:36:36-04:00",
          "end": "2027-08-16T09:36:36-04:00"
        },
        "location": [
          {
            "location": {
              "reference": "Location/Location-1103",
              "display": "Acme Medical Center"
            }
          }
        ],
        "serviceProvider": {
          "reference": "Organization/Organization-1103",
          "display": "Acme Medical Center"
        }
      },
      "request": {
        "method": "PUT",
        "url": "http://localhost:8080/cqf-ruler/baseDstu3/Encounter/Encounter-1083"
      }
    },
    {
      "resource": {
        "resourceType": "Immunization",
        "id": "Immunization-233846",
        "status": "completed",
        "notGiven": false,
        "vaccineCode": {
          "coding": [
            {
              "system": "http://hl7.org/fhir/sid/cvx",
              "code": "140",
              "display": "Influenza, seasonal, injectable, preservative free"
            }
          ]
        },
        "patient": {
          "reference": "Patient/Patient-6501",
          "display": "Dwight Mitchell McCarty"
        },
        "date": "2027-08-10T09:36:36-04:00",
        "primarySource": true,
        "location": {
          "reference": "Location/Location-1103",
          "display": "Acme Medical Center"
        },
        "practitioner": [
          {
            "actor": {
              "reference": "Practitioner/Practitioner-2518",
              "display": "Jane Rosemary Saunders MD"
            }
          }
        ]
      },
      "request": {
        "method": "PUT",
        "url": "http://localhost:8080/cqf-ruler/baseDstu3/Immunization/Immunization-233846"
      }
    },
    {
      "resource": {
        "resourceType": "Procedure",
        "id": "Procedure-259617",
        "status": "completed",
        "code": {
          "coding": [
            {
              "system": "http://loinc.org",
              "code": "14564-9",
              "display": "Hemoglobin.gastrointestinal [Presence] in Stool --2nd specimen"
            }
          ]
        },
        "subject": {
          "reference": "Patient/Patient-6501",
          "display": "Dwight Mitchell McCarty"
        },
        "context": {
          "reference": "Encounter/Encounter-1083",
          "display": "Acme Medical Center"
        },
        "performedPeriod": {
          "start": "2027-08-16T09:36:36-04:00",
          "end": "2027-08-16T09:36:36-04:00"
        },
        "performer": [
          {
            "actor": {
              "reference": "Practitioner/Practitioner-2518",
              "display": "Jane Rosemary Saunders MD"
            }
          }
        ],
        "location": {
          "reference": "Location/Location-1103",
          "display": "Acme Medical Center"
        }
      },
      "request": {
        "method": "PUT",
        "url": "http://localhost:8080/cqf-ruler/baseDstu3/Procedure/Procedure-259617"
      }
    },
    {
      "resource": {
        "resourceType": "Observation",
        "id": "Observation-259618",
        "status": "final",
        "code": {
          "coding": [
            {
              "system": "http://loinc.org",
              "code": "56490-6",
              "display": "Hemoglobin.gastrointestinal [Presence] in Stool by Immunologic method --2nd specimen"
            }
          ]
        },
        "subject": {
          "reference": "Patient/Patient-6501",
          "display": "Dwight Mitchell McCarty"
        },
        "context": {
          "reference": "Encounter/Encounter-1083",
          "display": "Acme Medical Center"
        },
        "effectiveDateTime": "2027-08-16T09:36:36-04:00",
        "performer": [
          {
            "reference": "Practitioner/Practitioner-2518",
            "display": "Jane Rosemary Saunders MD"
          }
        ],
        "valueString": "NEGATIVE"
      },
      "request": {
        "method": "PUT",
        "url": "http://localhost:8080/cqf-ruler/baseDstu3/Observation/Observation-259618"
      }
    },
    {
      "resource": {
        "resourceType": "Observation",
        "id": "Observation-259619",
        "status": "final",
        "code": {
          "coding": [
            {
              "system": "http://loinc.org",
              "code": "8480-6",
              "display": "Systolic blood pressure"
            }
          ]
        },
        "subject": {
          "reference": "Patient/Patient-6501",
          "display": "Dwight Mitchell McCarty"
        },
        "context": {
          "reference": "Encounter/Encounter-1083",
          "display": "Acme Medical Center"
        },
        "effectiveDateTime": "2027-08-16T09:36:36-04:00",
        "performer": [
          {
            "reference": "Practitioner/Practitioner-2518",
            "display": "Jane Rosemary Saunders MD"
          }
        ],
        "valueQuantity": {
          "value": 164.24373644558173,
          "unit": "mmHg"
        }
      },
      "request": {
        "method": "PUT",
        "url": "http://localhost:8080/cqf-ruler/baseDstu3/Observation/Observation-259619"
      }
    },
    {
      "resource": {
        "resourceType": "Observation",
        "id": "Observation-259620",
        "status": "final",
        "code": {
          "coding": [
            {
              "system": "http://loinc.org",
              "code": "8462-4",
              "display": "Diastolic blood pressure"
            }
          ]
        },
        "subject": {
          "reference": "Patient/Patient-6501",
          "display": "Dwight Mitchell McCarty"
        },
        "context": {
          "reference": "Encounter/Encounter-1083",
          "display": "Acme Medical Center"
        },
        "effectiveDateTime": "2027-08-16T09:36:36-04:00",
        "performer": [
          {
            "reference": "Practitioner/Practitioner-2518",
            "display": "Jane Rosemary Saunders MD"
          }
        ],
        "valueQuantity": {
          "value": 110.82825087550901,
          "unit": "mmHg"
        }
      },
      "request": {
        "method": "PUT",
        "url": "http://localhost:8080/cqf-ruler/baseDstu3/Observation/Observation-259620"
      }
    },
    {
      "resource": {
        "resourceType": "Condition",
        "id": "Condition-259621",
        "clinicalStatus": "active",
        "verificationStatus": "confirmed",
        "code": {
          "coding": [
            {
              "system": "http://snomed.info/sct",
              "code": "56218007",
              "display": "Systolic hypertension"
            }
          ]
        },
        "subject": {
          "reference": "Patient/Patient-6501",
          "display": "Dwight Mitchell McCarty"
        },
        "context": {
          "reference": "Encounter/Encounter-1083",
          "display": "Acme Medical Center"
        },
        "onsetDateTime": "2027-08-16T09:36:36-04:00",
        "assertedDate": "2027-08-16T09:36:36-04:00",
        "asserter": {
          "reference": "Practitioner/Practitioner-2518",
          "display": "Jane Rosemary Saunders MD"
        }
      },
      "request": {
        "method": "PUT",
        "url": "http://localhost:8080/cqf-ruler/baseDstu3/Condition/Condition-259621"
      }
    },
    {
      "resource": {
        "resourceType": "Observation",
        "id": "Observation-259622",
        "status": "final",
        "category": [
          {
            "coding": [
              {
                "system": "http://hl7.org/fhir/observation-category",
                "code": "vital-signs",
                "display": "vital-signs"
              }
            ]
          }
        ],
        "code": {
          "coding": [
            {
              "system": "http://loinc.org",
              "code": "8716-3",
              "display": "Vital Signs Panel"
            }
          ]
        },
        "subject": {
          "reference": "Patient/Patient-6501",
          "display": "Dwight Mitchell McCarty"
        },
        "context": {
          "reference": "Encounter/Encounter-1083",
          "display": "Acme Medical Center"
        },
        "effectivePeriod": {
          "start": "2027-08-16T09:36:36-04:00",
          "end": "2027-08-16T09:36:36-04:00"
        },
        "valueQuantity": {
          "value": 110.82825087550901,
          "unit": "mmHg"
        },
        "component": [
          {
            "code": {
              "coding": [
                {
                  "system": "http://loinc.org",
                  "code": "8302-2",
                  "display": "Height"
                }
              ]
            }
          },
          {
            "code": {
              "coding": [
                {
                  "system": "http://loinc.org",
                  "code": "29463-7",
                  "display": "Weight"
                }
              ]
            }
          },
          {
            "code": {
              "coding": [
                {
                  "system": "http://loinc.org",
                  "code": "39156-5",
                  "display": "BMI"
                }
              ]
            }
          },
          {
            "code": {
              "coding": [
                {
                  "system": "http://loinc.org",
                  "code": "8310-5",
                  "display": "Temperature"
                }
              ]
            }
          },
          {
            "code": {
              "coding": [
                {
                  "system": "http://loinc.org",
                  "code": "8459-0",
                  "display": "Systolic Blood Pressure"
                }
              ]
            }
          },
          {
            "code": {
              "coding": [
                {
                  "system": "http://loinc.org",
                  "code": "8453-3",
                  "display": "Diastolic Blood Pressure"
                }
              ]
            }
          }
        ]
      },
      "request": {
        "method": "PUT",
        "url": "http://localhost:8080/cqf-ruler/baseDstu3/Observation/Observation-259622"
      }
    }
  ]
}