{
  "resourceType": "Bundle",
  "type": "transaction",
  "entry": [
    {
      "resource": {
        "resourceType": "Encounter",
        "id": "Encounter-285",
        "status": "finished",
        "class": {
          "system": "http://hl7.org/fhir/encounter-class",
          "code": "other",
          "display": "Other"
        },
        "subject": {
          "reference": "Patient/Patient-6549",
          "display": "Rick Troy Hanson"
        },
        "participant": [
          {
            "period": {
              "start": "2018-10-29T09:36:36-04:00",
              "end": "2018-10-29T09:36:36-04:00"
            },
            "individual": {
              "reference": "Practitioner/Practitioner-2526",
              "display": "James Woodward Wilkins MD"
            }
          }
        ],
        "period": {
          "start": "2018-10-29T09:36:36-04:00",
          "end": "2018-10-29T09:36:36-04:00"
        },
        "location": [
          {
            "location": {
              "reference": "Location/Location-1105",
              "display": "Bayside Medical Group"
            }
          }
        ],
        "serviceProvider": {
          "reference": "Organization/Organization-1105",
          "display": "Bayside Medical Group"
        }
      },
      "request": {
        "method": "PUT",
        "url": "http://localhost:8080/cqf-ruler/baseDstu3/Encounter/Encounter-285"
      }
    },
    {
      "resource": {
        "resourceType": "Immunization",
        "id": "Immunization-4708",
        "status": "completed",
        "notGiven": false,
        "vaccineCode": {
          "coding": [
            {
              "system": "http://hl7.org/fhir/sid/cvx",
              "code": "140",
              "display": "Influenza, seasonal, injectable, preservative free"
            }
          ]
        },
        "patient": {
          "reference": "Patient/Patient-6549",
          "display": "Rick Troy Hanson"
        },
        "date": "2018-10-23T09:36:36-04:00",
        "primarySource": true,
        "location": {
          "reference": "Location/Location-1105",
          "display": "Bayside Medical Group"
        },
        "practitioner": [
          {
            "actor": {
              "reference": "Practitioner/Practitioner-2526",
              "display": "James Woodward Wilkins MD"
            }
          }
        ]
      },
      "request": {
        "method": "PUT",
        "url": "http://localhost:8080/cqf-ruler/baseDstu3/Immunization/Immunization-4708"
      }
    },
    {
      "resource": {
        "resourceType": "Procedure",
        "id": "Procedure-30927",
        "status": "completed",
        "code": {
          "coding": [
            {
              "system": "http://loinc.org",
              "code": "57905-2",
              "display": "Hemoglobin.gastrointestinal [Presence] in Stool by Immunologic method --1st specimen"
            }
          ]
        },
        "subject": {
          "reference": "Patient/Patient-6549",
          "display": "Rick Troy Hanson"
        },
        "context": {
          "reference": "Encounter/Encounter-285",
          "display": "Bayside Medical Group"
        },
        "performedPeriod": {
          "start": "2018-10-29T09:36:36-04:00",
          "end": "2018-10-29T09:36:36-04:00"
        },
        "performer": [
          {
            "actor": {
              "reference": "Practitioner/Practitioner-2526",
              "display": "James Woodward Wilkins MD"
            }
          }
        ],
        "location": {
          "reference": "Location/Location-1105",
          "display": "Bayside Medical Group"
        }
      },
      "request": {
        "method": "PUT",
        "url": "http://localhost:8080/cqf-ruler/baseDstu3/Procedure/Procedure-30927"
      }
    },
    {
      "resource": {
        "resourceType": "Observation",
        "id": "Observation-30928",
        "status": "final",
        "code": {
          "coding": [
            {
              "system": "http://loinc.org",
              "code": "12503-9",
              "display": "Hemoglobin.gastrointestinal [Presence] in Stool --4th specimen"
            }
          ]
        },
        "subject": {
          "reference": "Patient/Patient-6549",
          "display": "Rick Troy Hanson"
        },
        "context": {
          "reference": "Encounter/Encounter-285",
          "display": "Bayside Medical Group"
        },
        "effectiveDateTime": "2018-10-29T09:36:36-04:00",
        "performer": [
          {
            "reference": "Practitioner/Practitioner-2526",
            "display": "James Woodward Wilkins MD"
          }
        ],
        "valueString": "NEGATIVE"
      },
      "request": {
        "method": "PUT",
        "url": "http://localhost:8080/cqf-ruler/baseDstu3/Observation/Observation-30928"
      }
    },
    {
      "resource": {
        "resourceType": "Observation",
        "id": "Observation-30930",
        "status": "final",
        "code": {
          "coding": [
            {
              "system": "http://loinc.org",
              "code": "8480-6",
              "display": "Systolic blood pressure"
            }
          ]
        },
        "subject": {
          "reference": "Patient/Patient-6549",
          "display": "Rick Troy Hanson"
        },
        "context": {
          "reference": "Encounter/Encounter-285",
          "display": "Bayside Medical Group"
        },
        "effectiveDateTime": "2018-10-29T09:36:36-04:00",
        "performer": [
          {
            "reference": "Practitioner/Practitioner-2526",
            "display": "James Woodward Wilkins MD"
          }
        ],
        "valueQuantity": {
          "value": 149.6776167710476,
          "unit": "mmHg"
        }
      },
      "request": {
        "method": "PUT",
        "url": "http://localhost:8080/cqf-ruler/baseDstu3/Observation/Observation-30930"
      }
    },
    {
      "resource": {
        "resourceType": "Observation",
        "id": "Observation-30931",
        "status": "final",
        "code": {
          "coding": [
            {
              "system": "http://loinc.org",
              "code": "8462-4",
              "display": "Diastolic blood pressure"
            }
          ]
        },
        "subject": {
          "reference": "Patient/Patient-6549",
          "display": "Rick Troy Hanson"
        },
        "context": {
          "reference": "Encounter/Encounter-285",
          "display": "Bayside Medical Group"
        },
        "effectiveDateTime": "2018-10-29T09:36:36-04:00",
        "performer": [
          {
            "reference": "Practitioner/Practitioner-2526",
            "display": "James Woodward Wilkins MD"
          }
        ],
        "valueQuantity": {
          "value": 67.23578505571753,
          "unit": "mmHg"
        }
      },
      "request": {
        "method": "PUT",
        "url": "http://localhost:8080/cqf-ruler/baseDstu3/Observation/Observation-30931"
      }
    },
    {
      "resource": {
        "resourceType": "Condition",
        "id": "Condition-30932",
        "clinicalStatus": "active",
        "verificationStatus": "confirmed",
        "code": {
          "coding": [
            {
              "system": "http://snomed.info/sct",
              "code": "78975002",
              "display": "Malignant essential hypertension"
            }
          ]
        },
        "subject": {
          "reference": "Patient/Patient-6549",
          "display": "Rick Troy Hanson"
        },
        "context": {
          "reference": "Encounter/Encounter-285",
          "display": "Bayside Medical Group"
        },
        "onsetDateTime": "2018-10-29T09:36:36-04:00",
        "assertedDate": "2018-10-29T09:36:36-04:00",
        "asserter": {
          "reference": "Practitioner/Practitioner-2526",
          "display": "James Woodward Wilkins MD"
        }
      },
      "request": {
        "method": "PUT",
        "url": "http://localhost:8080/cqf-ruler/baseDstu3/Condition/Condition-30932"
      }
    },
    {
      "resource": {
        "resourceType": "Observation",
        "id": "Observation-30933",
        "status": "final",
        "category": [
          {
            "coding": [
              {
                "system": "http://hl7.org/fhir/observation-category",
                "code": "vital-signs",
                "display": "vital-signs"
              }
            ]
          }
        ],
        "code": {
          "coding": [
            {
              "system": "http://loinc.org",
              "code": "8716-3",
              "display": "Vital Signs Panel"
            }
          ]
        },
        "subject": {
          "reference": "Patient/Patient-6549",
          "display": "Rick Troy Hanson"
        },
        "context": {
          "reference": "Encounter/Encounter-285",
          "display": "Bayside Medical Group"
        },
        "effectivePeriod": {
          "start": "2018-10-29T09:36:36-04:00",
          "end": "2018-10-29T09:36:36-04:00"
        },
        "valueQuantity": {
          "value": 67.23578505571753,
          "unit": "mmHg"
        },
        "component": [
          {
            "code": {
              "coding": [
                {
                  "system": "http://loinc.org",
                  "code": "8302-2",
                  "display": "Height"
                }
              ]
            }
          },
          {
            "code": {
              "coding": [
                {
                  "system": "http://loinc.org",
                  "code": "29463-7",
                  "display": "Weight"
                }
              ]
            }
          },
          {
            "code": {
              "coding": [
                {
                  "system": "http://loinc.org",
                  "code": "39156-5",
                  "display": "BMI"
                }
              ]
            }
          },
          {
            "code": {
              "coding": [
                {
                  "system": "http://loinc.org",
                  "code": "8310-5",
                  "display": "Temperature"
                }
              ]
            }
          },
          {
            "code": {
              "coding": [
                {
                  "system": "http://loinc.org",
                  "code": "8459-0",
                  "display": "Systolic Blood Pressure"
                }
              ]
            }
          },
          {
            "code": {
              "coding": [
                {
                  "system": "http://loinc.org",
                  "code": "8453-3",
                  "display": "Diastolic Blood Pressure"
                }
              ]
            }
          }
        ]
      },
      "request": {
        "method": "PUT",
        "url": "http://localhost:8080/cqf-ruler/baseDstu3/Observation/Observation-30933"
      }
    }
  ]
}