{
  "resourceType": "Bundle",
  "type": "transaction",
  "entry": [
    {
      "resource": {
        "resourceType": "Encounter",
        "id": "Encounter-1141",
        "status": "finished",
        "class": {
          "system": "http://hl7.org/fhir/encounter-class",
          "code": "other",
          "display": "Other"
        },
        "subject": {
          "reference": "Patient/Patient-6509",
          "display": "Shawn Conley Owen Jr"
        },
        "participant": [
          {
            "period": {
              "start": "2027-03-29T10:36:36-04:00",
              "end": "2027-04-05T09:36:36-04:00"
            },
            "individual": {
              "reference": "Practitioner/Practitioner-2523",
              "display": "Dean Andrew Davis MD"
            }
          }
        ],
        "period": {
          "start": "2027-03-29T10:36:36-04:00",
          "end": "2027-04-05T09:36:36-04:00"
        },
        "location": [
          {
            "location": {
              "reference": "Location/Location-1002",
              "display": "Gift of Mercy Hospital"
            }
          }
        ],
        "serviceProvider": {
          "reference": "Organization/Organization-1002",
          "display": "Gift of Mercy Hospital"
        }
      },
      "request": {
        "method": "PUT",
        "url": "http://localhost:8080/cqf-ruler/baseDstu3/Encounter/Encounter-1141"
      }
    },
    {
      "resource": {
        "resourceType": "Procedure",
        "id": "Procedure-250744",
        "status": "completed",
        "code": {
          "coding": [
            {
              "system": "http://www.ama-assn.org/go/cpt",
              "code": "44211",
              "display": "Laparoscopy, surgical; colectomy, total, abdominal, with proctectomy, with ileoanal anastomosis, creation of ileal reservoir (S or J), with loop ileostomy, includes rectal mucosectomy, when performed"
            }
          ]
        },
        "subject": {
          "reference": "Patient/Patient-6509",
          "display": "Shawn Conley Owen Jr"
        },
        "context": {
          "reference": "Encounter/Encounter-1141",
          "display": "Gift of Mercy Hospital"
        },
        "performedPeriod": {
          "start": "2027-03-29T10:36:36-04:00",
          "end": "2027-03-29T10:36:36-04:00"
        },
        "performer": [
          {
            "actor": {
              "reference": "Practitioner/Practitioner-2523",
              "display": "Dean Andrew Davis MD"
            }
          }
        ],
        "location": {
          "reference": "Location/Location-1002",
          "display": "Gift of Mercy Hospital"
        }
      },
      "request": {
        "method": "PUT",
        "url": "http://localhost:8080/cqf-ruler/baseDstu3/Procedure/Procedure-250744"
      }
    },
    {
      "resource": {
        "resourceType": "Observation",
        "id": "Observation-250746",
        "status": "final",
        "category": [
          {
            "coding": [
              {
                "system": "http://hl7.org/fhir/observation-category",
                "code": "vital-signs",
                "display": "vital-signs"
              }
            ]
          }
        ],
        "code": {
          "coding": [
            {
              "system": "http://loinc.org",
              "code": "8716-3",
              "display": "Vital Signs Panel"
            }
          ]
        },
        "subject": {
          "reference": "Patient/Patient-6509",
          "display": "Shawn Conley Owen Jr"
        },
        "context": {
          "reference": "Encounter/Encounter-1141",
          "display": "Gift of Mercy Hospital"
        },
        "effectivePeriod": {
          "start": "2027-04-05T09:36:36-04:00",
          "end": "2027-04-05T09:36:36-04:00"
        },
        "valueQuantity": {
          "value": 63.42397491060619,
          "unit": "mmHg"
        },
        "component": [
          {
            "code": {
              "coding": [
                {
                  "system": "http://loinc.org",
                  "code": "8302-2",
                  "display": "Height"
                }
              ]
            }
          },
          {
            "code": {
              "coding": [
                {
                  "system": "http://loinc.org",
                  "code": "29463-7",
                  "display": "Weight"
                }
              ]
            }
          },
          {
            "code": {
              "coding": [
                {
                  "system": "http://loinc.org",
                  "code": "39156-5",
                  "display": "BMI"
                }
              ]
            }
          },
          {
            "code": {
              "coding": [
                {
                  "system": "http://loinc.org",
                  "code": "8310-5",
                  "display": "Temperature"
                }
              ]
            }
          },
          {
            "code": {
              "coding": [
                {
                  "system": "http://loinc.org",
                  "code": "8459-0",
                  "display": "Systolic Blood Pressure"
                }
              ]
            }
          },
          {
            "code": {
              "coding": [
                {
                  "system": "http://loinc.org",
                  "code": "8453-3",
                  "display": "Diastolic Blood Pressure"
                }
              ]
            }
          }
        ]
      },
      "request": {
        "method": "PUT",
        "url": "http://localhost:8080/cqf-ruler/baseDstu3/Observation/Observation-250746"
      }
    }
  ]
}