{
  "resourceType": "Bundle",
  "type": "transaction",
  "entry": [
    {
      "resource": {
        "resourceType": "Encounter",
        "id": "Encounter-1052",
        "status": "finished",
        "class": {
          "system": "http://hl7.org/fhir/encounter-class",
          "code": "other",
          "display": "Other"
        },
        "subject": {
          "reference": "Patient/Patient-6523",
          "display": "Wendy Danielle Vaughn"
        },
        "participant": [
          {
            "period": {
              "start": "2027-05-03T09:36:36-04:00",
              "end": "2027-05-03T09:36:36-04:00"
            },
            "individual": {
              "reference": "Practitioner/Practitioner-2520",
              "display": "Kimberly Christy Ashley MD"
            }
          }
        ],
        "period": {
          "start": "2027-05-03T09:36:36-04:00",
          "end": "2027-05-03T09:36:36-04:00"
        },
        "location": [
          {
            "location": {
              "reference": "Location/Location-1105",
              "display": "Bayside Medical Group"
            }
          }
        ],
        "serviceProvider": {
          "reference": "Organization/Organization-1105",
          "display": "Bayside Medical Group"
        }
      },
      "request": {
        "method": "PUT",
        "url": "http://localhost:8080/cqf-ruler/baseDstu3/Encounter/Encounter-1052"
      }
    },
    {
      "resource": {
        "resourceType": "Immunization",
        "id": "Immunization-225261",
        "status": "completed",
        "notGiven": false,
        "vaccineCode": {
          "coding": [
            {
              "system": "http://hl7.org/fhir/sid/cvx",
              "code": "140",
              "display": "Influenza, seasonal, injectable, preservative free"
            }
          ]
        },
        "patient": {
          "reference": "Patient/Patient-6523",
          "display": "Wendy Danielle Vaughn"
        },
        "date": "2027-04-27T09:36:36-04:00",
        "primarySource": true,
        "location": {
          "reference": "Location/Location-1105",
          "display": "Bayside Medical Group"
        },
        "practitioner": [
          {
            "actor": {
              "reference": "Practitioner/Practitioner-2520",
              "display": "Kimberly Christy Ashley MD"
            }
          }
        ]
      },
      "request": {
        "method": "PUT",
        "url": "http://localhost:8080/cqf-ruler/baseDstu3/Immunization/Immunization-225261"
      }
    },
    {
      "resource": {
        "resourceType": "Immunization",
        "id": "Immunization-225262",
        "status": "completed",
        "notGiven": false,
        "vaccineCode": {
          "coding": [
            {
              "system": "http://hl7.org/fhir/sid/cvx",
              "code": "113",
              "display": "Td (adult) preservative free"
            }
          ]
        },
        "patient": {
          "reference": "Patient/Patient-6523",
          "display": "Wendy Danielle Vaughn"
        },
        "date": "2027-04-27T09:36:36-04:00",
        "primarySource": true,
        "location": {
          "reference": "Location/Location-1105",
          "display": "Bayside Medical Group"
        },
        "practitioner": [
          {
            "actor": {
              "reference": "Practitioner/Practitioner-2520",
              "display": "Kimberly Christy Ashley MD"
            }
          }
        ]
      },
      "request": {
        "method": "PUT",
        "url": "http://localhost:8080/cqf-ruler/baseDstu3/Immunization/Immunization-225262"
      }
    },
    {
      "resource": {
        "resourceType": "Procedure",
        "id": "Procedure-251074",
        "status": "completed",
        "code": {
          "coding": [
            {
              "system": "http://loinc.org",
              "code": "14564-9",
              "display": "Hemoglobin.gastrointestinal [Presence] in Stool --2nd specimen"
            }
          ]
        },
        "subject": {
          "reference": "Patient/Patient-6523",
          "display": "Wendy Danielle Vaughn"
        },
        "context": {
          "reference": "Encounter/Encounter-1052",
          "display": "Bayside Medical Group"
        },
        "performedPeriod": {
          "start": "2027-05-03T09:36:36-04:00",
          "end": "2027-05-03T09:36:36-04:00"
        },
        "performer": [
          {
            "actor": {
              "reference": "Practitioner/Practitioner-2520",
              "display": "Kimberly Christy Ashley MD"
            }
          }
        ],
        "location": {
          "reference": "Location/Location-1105",
          "display": "Bayside Medical Group"
        }
      },
      "request": {
        "method": "PUT",
        "url": "http://localhost:8080/cqf-ruler/baseDstu3/Procedure/Procedure-251074"
      }
    },
    {
      "resource": {
        "resourceType": "Observation",
        "id": "Observation-251075",
        "status": "final",
        "code": {
          "coding": [
            {
              "system": "http://loinc.org",
              "code": "56491-4",
              "display": "Hemoglobin.gastrointestinal [Presence] in Stool by Immunologic method --3rd specimen"
            }
          ]
        },
        "subject": {
          "reference": "Patient/Patient-6523",
          "display": "Wendy Danielle Vaughn"
        },
        "context": {
          "reference": "Encounter/Encounter-1052",
          "display": "Bayside Medical Group"
        },
        "effectiveDateTime": "2027-05-03T09:36:36-04:00",
        "performer": [
          {
            "reference": "Practitioner/Practitioner-2520",
            "display": "Kimberly Christy Ashley MD"
          }
        ],
        "valueString": "NEGATIVE"
      },
      "request": {
        "method": "PUT",
        "url": "http://localhost:8080/cqf-ruler/baseDstu3/Observation/Observation-251075"
      }
    },
    {
      "resource": {
        "resourceType": "Observation",
        "id": "Observation-251076",
        "status": "final",
        "code": {
          "coding": [
            {
              "system": "http://loinc.org",
              "code": "8480-6",
              "display": "Systolic blood pressure"
            }
          ]
        },
        "subject": {
          "reference": "Patient/Patient-6523",
          "display": "Wendy Danielle Vaughn"
        },
        "context": {
          "reference": "Encounter/Encounter-1052",
          "display": "Bayside Medical Group"
        },
        "effectiveDateTime": "2027-05-03T09:36:36-04:00",
        "performer": [
          {
            "reference": "Practitioner/Practitioner-2520",
            "display": "Kimberly Christy Ashley MD"
          }
        ],
        "valueQuantity": {
          "value": 138.289760656846,
          "unit": "mmHg"
        }
      },
      "request": {
        "method": "PUT",
        "url": "http://localhost:8080/cqf-ruler/baseDstu3/Observation/Observation-251076"
      }
    },
    {
      "resource": {
        "resourceType": "Observation",
        "id": "Observation-251077",
        "status": "final",
        "code": {
          "coding": [
            {
              "system": "http://loinc.org",
              "code": "8462-4",
              "display": "Diastolic blood pressure"
            }
          ]
        },
        "subject": {
          "reference": "Patient/Patient-6523",
          "display": "Wendy Danielle Vaughn"
        },
        "context": {
          "reference": "Encounter/Encounter-1052",
          "display": "Bayside Medical Group"
        },
        "effectiveDateTime": "2027-05-03T09:36:36-04:00",
        "performer": [
          {
            "reference": "Practitioner/Practitioner-2520",
            "display": "Kimberly Christy Ashley MD"
          }
        ],
        "valueQuantity": {
          "value": 82.60282484522082,
          "unit": "mmHg"
        }
      },
      "request": {
        "method": "PUT",
        "url": "http://localhost:8080/cqf-ruler/baseDstu3/Observation/Observation-251077"
      }
    },
    {
      "resource": {
        "resourceType": "Observation",
        "id": "Observation-251078",
        "status": "final",
        "category": [
          {
            "coding": [
              {
                "system": "http://hl7.org/fhir/observation-category",
                "code": "vital-signs",
                "display": "vital-signs"
              }
            ]
          }
        ],
        "code": {
          "coding": [
            {
              "system": "http://loinc.org",
              "code": "8716-3",
              "display": "Vital Signs Panel"
            }
          ]
        },
        "subject": {
          "reference": "Patient/Patient-6523",
          "display": "Wendy Danielle Vaughn"
        },
        "context": {
          "reference": "Encounter/Encounter-1052",
          "display": "Bayside Medical Group"
        },
        "effectivePeriod": {
          "start": "2027-05-03T09:36:36-04:00",
          "end": "2027-05-03T09:36:36-04:00"
        },
        "valueQuantity": {
          "value": 82.60282484522082,
          "unit": "mmHg"
        },
        "component": [
          {
            "code": {
              "coding": [
                {
                  "system": "http://loinc.org",
                  "code": "8302-2",
                  "display": "Height"
                }
              ]
            }
          },
          {
            "code": {
              "coding": [
                {
                  "system": "http://loinc.org",
                  "code": "29463-7",
                  "display": "Weight"
                }
              ]
            }
          },
          {
            "code": {
              "coding": [
                {
                  "system": "http://loinc.org",
                  "code": "39156-5",
                  "display": "BMI"
                }
              ]
            }
          },
          {
            "code": {
              "coding": [
                {
                  "system": "http://loinc.org",
                  "code": "8310-5",
                  "display": "Temperature"
                }
              ]
            }
          },
          {
            "code": {
              "coding": [
                {
                  "system": "http://loinc.org",
                  "code": "8459-0",
                  "display": "Systolic Blood Pressure"
                }
              ]
            }
          },
          {
            "code": {
              "coding": [
                {
                  "system": "http://loinc.org",
                  "code": "8453-3",
                  "display": "Diastolic Blood Pressure"
                }
              ]
            }
          }
        ]
      },
      "request": {
        "method": "PUT",
        "url": "http://localhost:8080/cqf-ruler/baseDstu3/Observation/Observation-251078"
      }
    }
  ]
}