{
  "resourceType": "Bundle",
  "type": "transaction",
  "entry": [
    {
      "resource": {
        "resourceType": "Encounter",
        "id": "Encounter-467",
        "status": "finished",
        "class": {
          "system": "http://hl7.org/fhir/encounter-class",
          "code": "other",
          "display": "Other"
        },
        "subject": {
          "reference": "Patient/Patient-6512",
          "display": "Carolyn Gillespie Gallegos"
        },
        "participant": [
          {
            "period": {
              "start": "2020-08-31T09:36:36-04:00",
              "end": "2020-08-31T09:36:36-04:00"
            },
            "individual": {
              "reference": "Practitioner/Practitioner-2529",
              "display": "Stanley Floyd Nielsen MD"
            }
          }
        ],
        "period": {
          "start": "2020-08-31T09:36:36-04:00",
          "end": "2020-08-31T09:36:36-04:00"
        },
        "location": [
          {
            "location": {
              "reference": "Location/Location-1102",
              "display": "Pediatric and Adult Medicine"
            }
          }
        ],
        "serviceProvider": {
          "reference": "Organization/Organization-1102",
          "display": "Pediatric and Adult Medicine"
        }
      },
      "request": {
        "method": "PUT",
        "url": "http://localhost:8080/cqf-ruler/baseDstu3/Encounter/Encounter-467"
      }
    },
    {
      "resource": {
        "resourceType": "Immunization",
        "id": "Immunization-52677",
        "status": "completed",
        "notGiven": false,
        "vaccineCode": {
          "coding": [
            {
              "system": "http://hl7.org/fhir/sid/cvx",
              "code": "140",
              "display": "Influenza, seasonal, injectable, preservative free"
            }
          ]
        },
        "patient": {
          "reference": "Patient/Patient-6512",
          "display": "Carolyn Gillespie Gallegos"
        },
        "date": "2020-08-25T09:36:36-04:00",
        "primarySource": true,
        "location": {
          "reference": "Location/Location-1102",
          "display": "Pediatric and Adult Medicine"
        },
        "practitioner": [
          {
            "actor": {
              "reference": "Practitioner/Practitioner-2529",
              "display": "Stanley Floyd Nielsen MD"
            }
          }
        ]
      },
      "request": {
        "method": "PUT",
        "url": "http://localhost:8080/cqf-ruler/baseDstu3/Immunization/Immunization-52677"
      }
    },
    {
      "resource": {
        "resourceType": "Procedure",
        "id": "Procedure-78799",
        "status": "completed",
        "code": {
          "coding": [
            {
              "system": "http://loinc.org",
              "code": "27926-5",
              "display": "Hemoglobin.gastrointestinal [Presence] in Stool --8th specimen"
            }
          ]
        },
        "subject": {
          "reference": "Patient/Patient-6512",
          "display": "Carolyn Gillespie Gallegos"
        },
        "context": {
          "reference": "Encounter/Encounter-467",
          "display": "Pediatric and Adult Medicine"
        },
        "performedPeriod": {
          "start": "2020-08-31T09:36:36-04:00",
          "end": "2020-08-31T09:36:36-04:00"
        },
        "performer": [
          {
            "actor": {
              "reference": "Practitioner/Practitioner-2529",
              "display": "Stanley Floyd Nielsen MD"
            }
          }
        ],
        "location": {
          "reference": "Location/Location-1102",
          "display": "Pediatric and Adult Medicine"
        }
      },
      "request": {
        "method": "PUT",
        "url": "http://localhost:8080/cqf-ruler/baseDstu3/Procedure/Procedure-78799"
      }
    },
    {
      "resource": {
        "resourceType": "Observation",
        "id": "Observation-78800",
        "status": "final",
        "code": {
          "coding": [
            {
              "system": "http://loinc.org",
              "code": "12503-9",
              "display": "Hemoglobin.gastrointestinal [Presence] in Stool --4th specimen"
            }
          ]
        },
        "subject": {
          "reference": "Patient/Patient-6512",
          "display": "Carolyn Gillespie Gallegos"
        },
        "context": {
          "reference": "Encounter/Encounter-467",
          "display": "Pediatric and Adult Medicine"
        },
        "effectiveDateTime": "2020-08-31T09:36:36-04:00",
        "performer": [
          {
            "reference": "Practitioner/Practitioner-2529",
            "display": "Stanley Floyd Nielsen MD"
          }
        ],
        "valueString": "NEGATIVE"
      },
      "request": {
        "method": "PUT",
        "url": "http://localhost:8080/cqf-ruler/baseDstu3/Observation/Observation-78800"
      }
    },
    {
      "resource": {
        "resourceType": "Observation",
        "id": "Observation-78801",
        "status": "final",
        "code": {
          "coding": [
            {
              "system": "http://loinc.org",
              "code": "8480-6",
              "display": "Systolic blood pressure"
            }
          ]
        },
        "subject": {
          "reference": "Patient/Patient-6512",
          "display": "Carolyn Gillespie Gallegos"
        },
        "context": {
          "reference": "Encounter/Encounter-467",
          "display": "Pediatric and Adult Medicine"
        },
        "effectiveDateTime": "2020-08-31T09:36:36-04:00",
        "performer": [
          {
            "reference": "Practitioner/Practitioner-2529",
            "display": "Stanley Floyd Nielsen MD"
          }
        ],
        "valueQuantity": {
          "value": 120.34827739594576,
          "unit": "mmHg"
        }
      },
      "request": {
        "method": "PUT",
        "url": "http://localhost:8080/cqf-ruler/baseDstu3/Observation/Observation-78801"
      }
    },
    {
      "resource": {
        "resourceType": "Observation",
        "id": "Observation-78802",
        "status": "final",
        "code": {
          "coding": [
            {
              "system": "http://loinc.org",
              "code": "8462-4",
              "display": "Diastolic blood pressure"
            }
          ]
        },
        "subject": {
          "reference": "Patient/Patient-6512",
          "display": "Carolyn Gillespie Gallegos"
        },
        "context": {
          "reference": "Encounter/Encounter-467",
          "display": "Pediatric and Adult Medicine"
        },
        "effectiveDateTime": "2020-08-31T09:36:36-04:00",
        "performer": [
          {
            "reference": "Practitioner/Practitioner-2529",
            "display": "Stanley Floyd Nielsen MD"
          }
        ],
        "valueQuantity": {
          "value": 101.61538165427447,
          "unit": "mmHg"
        }
      },
      "request": {
        "method": "PUT",
        "url": "http://localhost:8080/cqf-ruler/baseDstu3/Observation/Observation-78802"
      }
    },
    {
      "resource": {
        "resourceType": "Condition",
        "id": "Condition-78803",
        "clinicalStatus": "active",
        "verificationStatus": "confirmed",
        "code": {
          "coding": [
            {
              "system": "http://snomed.info/sct",
              "code": "1201005",
              "display": "Benign essential hypertension"
            }
          ]
        },
        "subject": {
          "reference": "Patient/Patient-6512",
          "display": "Carolyn Gillespie Gallegos"
        },
        "context": {
          "reference": "Encounter/Encounter-467",
          "display": "Pediatric and Adult Medicine"
        },
        "onsetDateTime": "2020-08-31T09:36:36-04:00",
        "assertedDate": "2020-08-31T09:36:36-04:00",
        "asserter": {
          "reference": "Practitioner/Practitioner-2529",
          "display": "Stanley Floyd Nielsen MD"
        }
      },
      "request": {
        "method": "PUT",
        "url": "http://localhost:8080/cqf-ruler/baseDstu3/Condition/Condition-78803"
      }
    },
    {
      "resource": {
        "resourceType": "Procedure",
        "id": "Procedure-78804",
        "status": "completed",
        "code": {
          "coding": [
            {
              "system": "http://snomed.info/sct",
              "code": "43204002",
              "display": "Bilateral mammography (procedure)"
            }
          ]
        },
        "subject": {
          "reference": "Patient/Patient-6512",
          "display": "Carolyn Gillespie Gallegos"
        },
        "context": {
          "reference": "Encounter/Encounter-467",
          "display": "Pediatric and Adult Medicine"
        },
        "performedPeriod": {
          "start": "2020-08-31T09:36:36-04:00",
          "end": "2020-08-31T09:36:36-04:00"
        },
        "performer": [
          {
            "actor": {
              "reference": "Practitioner/Practitioner-2529",
              "display": "Stanley Floyd Nielsen MD"
            }
          }
        ],
        "location": {
          "reference": "Location/Location-1102",
          "display": "Pediatric and Adult Medicine"
        }
      },
      "request": {
        "method": "PUT",
        "url": "http://localhost:8080/cqf-ruler/baseDstu3/Procedure/Procedure-78804"
      }
    },
    {
      "resource": {
        "resourceType": "Observation",
        "id": "Observation-78805",
        "status": "final",
        "code": {
          "coding": [
            {
              "system": "http://snomed.info/sct",
              "code": "168749009",
              "display": "Mammography normal (finding)"
            }
          ]
        },
        "subject": {
          "reference": "Patient/Patient-6512",
          "display": "Carolyn Gillespie Gallegos"
        },
        "context": {
          "reference": "Encounter/Encounter-467",
          "display": "Pediatric and Adult Medicine"
        },
        "effectiveDateTime": "2020-08-31T09:36:36-04:00",
        "performer": [
          {
            "reference": "Practitioner/Practitioner-2529",
            "display": "Stanley Floyd Nielsen MD"
          }
        ],
        "valueString": "NEGATIVE"
      },
      "request": {
        "method": "PUT",
        "url": "http://localhost:8080/cqf-ruler/baseDstu3/Observation/Observation-78805"
      }
    },
    {
      "resource": {
        "resourceType": "DiagnosticReport",
        "id": "DiagnosticReport-78806",
        "status": "final",
        "code": {
          "coding": [
            {
              "system": "http://loinc.org",
              "code": "37053-6",
              "display": "Breast - left Mammogram XCCL"
            }
          ]
        },
        "subject": {
          "reference": "Patient/Patient-6512",
          "display": "Carolyn Gillespie Gallegos"
        },
        "context": {
          "reference": "Encounter/Encounter-467",
          "display": "Pediatric and Adult Medicine"
        },
        "effectivePeriod": {
          "start": "2020-08-31T09:36:36-04:00",
          "end": "2020-08-31T09:36:36-04:00"
        },
        "result": [
          {
            "reference": "Observation/Observation-78805",
            "display": "No_Cancer_Detected"
          }
        ]
      },
      "request": {
        "method": "PUT",
        "url": "http://localhost:8080/cqf-ruler/baseDstu3/DiagnosticReport/DiagnosticReport-78806"
      }
    },
    {
      "resource": {
        "resourceType": "Procedure",
        "id": "Procedure-78807",
        "status": "completed",
        "code": {
          "coding": [
            {
              "system": "http://loinc.org",
              "code": "19764-0",
              "display": "Statement of adequacy [interpretation] of Cervical or vaginal smear or scraping by Cyto stain"
            }
          ]
        },
        "subject": {
          "reference": "Patient/Patient-6512",
          "display": "Carolyn Gillespie Gallegos"
        },
        "context": {
          "reference": "Encounter/Encounter-467",
          "display": "Pediatric and Adult Medicine"
        },
        "performedPeriod": {
          "start": "2020-08-31T09:36:36-04:00",
          "end": "2020-08-31T09:36:36-04:00"
        },
        "performer": [
          {
            "actor": {
              "reference": "Practitioner/Practitioner-2529",
              "display": "Stanley Floyd Nielsen MD"
            }
          }
        ],
        "location": {
          "reference": "Location/Location-1102",
          "display": "Pediatric and Adult Medicine"
        }
      },
      "request": {
        "method": "PUT",
        "url": "http://localhost:8080/cqf-ruler/baseDstu3/Procedure/Procedure-78807"
      }
    },
    {
      "resource": {
        "resourceType": "Observation",
        "id": "Observation-78808",
        "status": "final",
        "code": {
          "coding": [
            {
              "system": "http://snomed.info/sct",
              "code": "289829007",
              "display": "Normal uterine cervix (finding)"
            }
          ]
        },
        "subject": {
          "reference": "Patient/Patient-6512",
          "display": "Carolyn Gillespie Gallegos"
        },
        "context": {
          "reference": "Encounter/Encounter-467",
          "display": "Pediatric and Adult Medicine"
        },
        "effectiveDateTime": "2020-08-31T09:36:36-04:00",
        "performer": [
          {
            "reference": "Practitioner/Practitioner-2529",
            "display": "Stanley Floyd Nielsen MD"
          }
        ],
        "valueString": "NEGATIVE"
      },
      "request": {
        "method": "PUT",
        "url": "http://localhost:8080/cqf-ruler/baseDstu3/Observation/Observation-78808"
      }
    },
    {
      "resource": {
        "resourceType": "DiagnosticReport",
        "id": "DiagnosticReport-78809",
        "status": "final",
        "code": {
          "coding": [
            {
              "system": "http://loinc.org",
              "code": "37554-3",
              "display": "Breast - bilateral Mammogram magnification and spot"
            }
          ]
        },
        "subject": {
          "reference": "Patient/Patient-6512",
          "display": "Carolyn Gillespie Gallegos"
        },
        "context": {
          "reference": "Encounter/Encounter-467",
          "display": "Pediatric and Adult Medicine"
        },
        "effectivePeriod": {
          "start": "2020-08-31T09:36:36-04:00",
          "end": "2020-08-31T09:36:36-04:00"
        },
        "result": [
          {
            "reference": "Observation/Observation-78808",
            "display": "No_Cancer_Detected"
          }
        ]
      },
      "request": {
        "method": "PUT",
        "url": "http://localhost:8080/cqf-ruler/baseDstu3/DiagnosticReport/DiagnosticReport-78809"
      }
    },
    {
      "resource": {
        "resourceType": "Observation",
        "id": "Observation-78810",
        "status": "final",
        "category": [
          {
            "coding": [
              {
                "system": "http://hl7.org/fhir/observation-category",
                "code": "vital-signs",
                "display": "vital-signs"
              }
            ]
          }
        ],
        "code": {
          "coding": [
            {
              "system": "http://loinc.org",
              "code": "8716-3",
              "display": "Vital Signs Panel"
            }
          ]
        },
        "subject": {
          "reference": "Patient/Patient-6512",
          "display": "Carolyn Gillespie Gallegos"
        },
        "context": {
          "reference": "Encounter/Encounter-467",
          "display": "Pediatric and Adult Medicine"
        },
        "effectivePeriod": {
          "start": "2020-08-31T09:36:36-04:00",
          "end": "2020-08-31T09:36:36-04:00"
        },
        "valueQuantity": {
          "value": 101.61538165427447,
          "unit": "mmHg"
        },
        "component": [
          {
            "code": {
              "coding": [
                {
                  "system": "http://loinc.org",
                  "code": "8302-2",
                  "display": "Height"
                }
              ]
            }
          },
          {
            "code": {
              "coding": [
                {
                  "system": "http://loinc.org",
                  "code": "29463-7",
                  "display": "Weight"
                }
              ]
            }
          },
          {
            "code": {
              "coding": [
                {
                  "system": "http://loinc.org",
                  "code": "39156-5",
                  "display": "BMI"
                }
              ]
            }
          },
          {
            "code": {
              "coding": [
                {
                  "system": "http://loinc.org",
                  "code": "8310-5",
                  "display": "Temperature"
                }
              ]
            }
          },
          {
            "code": {
              "coding": [
                {
                  "system": "http://loinc.org",
                  "code": "8459-0",
                  "display": "Systolic Blood Pressure"
                }
              ]
            }
          },
          {
            "code": {
              "coding": [
                {
                  "system": "http://loinc.org",
                  "code": "8453-3",
                  "display": "Diastolic Blood Pressure"
                }
              ]
            }
          }
        ]
      },
      "request": {
        "method": "PUT",
        "url": "http://localhost:8080/cqf-ruler/baseDstu3/Observation/Observation-78810"
      }
    }
  ]
}