{
  "resourceType": "Bundle",
  "type": "transaction",
  "entry": [
    {
      "resource": {
        "resourceType": "Encounter",
        "id": "Encounter-420",
        "status": "finished",
        "class": {
          "system": "http://hl7.org/fhir/encounter-class",
          "code": "other",
          "display": "Other"
        },
        "subject": {
          "reference": "Patient/Patient-6553",
          "display": "Gabriel Bill Good"
        },
        "participant": [
          {
            "period": {
              "start": "2020-03-02T09:36:36-05:00",
              "end": "2020-03-02T09:36:36-05:00"
            },
            "individual": {
              "reference": "Practitioner/Practitioner-2530",
              "display": "Terrence Ramirez McCormick MD"
            }
          }
        ],
        "period": {
          "start": "2020-03-02T09:36:36-05:00",
          "end": "2020-03-02T09:36:36-05:00"
        },
        "location": [
          {
            "location": {
              "reference": "Location/Location-1103",
              "display": "Acme Medical Center"
            }
          }
        ],
        "serviceProvider": {
          "reference": "Organization/Organization-1103",
          "display": "Acme Medical Center"
        }
      },
      "request": {
        "method": "PUT",
        "url": "http://localhost:8080/cqf-ruler/baseDstu3/Encounter/Encounter-420"
      }
    },
    {
      "resource": {
        "resourceType": "Immunization",
        "id": "Immunization-39649",
        "status": "completed",
        "notGiven": false,
        "vaccineCode": {
          "coding": [
            {
              "system": "http://hl7.org/fhir/sid/cvx",
              "code": "140",
              "display": "Influenza, seasonal, injectable, preservative free"
            }
          ]
        },
        "patient": {
          "reference": "Patient/Patient-6553",
          "display": "Gabriel Bill Good"
        },
        "date": "2020-02-25T09:36:36-05:00",
        "primarySource": true,
        "location": {
          "reference": "Location/Location-1103",
          "display": "Acme Medical Center"
        },
        "practitioner": [
          {
            "actor": {
              "reference": "Practitioner/Practitioner-2530",
              "display": "Terrence Ramirez McCormick MD"
            }
          }
        ]
      },
      "request": {
        "method": "PUT",
        "url": "http://localhost:8080/cqf-ruler/baseDstu3/Immunization/Immunization-39649"
      }
    },
    {
      "resource": {
        "resourceType": "Immunization",
        "id": "Immunization-39650",
        "status": "completed",
        "notGiven": false,
        "vaccineCode": {
          "coding": [
            {
              "system": "http://hl7.org/fhir/sid/cvx",
              "code": "33",
              "display": "pneumococcal polysaccharide vaccine, 23 valent"
            }
          ]
        },
        "patient": {
          "reference": "Patient/Patient-6553",
          "display": "Gabriel Bill Good"
        },
        "date": "2020-02-25T09:36:36-05:00",
        "primarySource": true,
        "location": {
          "reference": "Location/Location-1103",
          "display": "Acme Medical Center"
        },
        "practitioner": [
          {
            "actor": {
              "reference": "Practitioner/Practitioner-2530",
              "display": "Terrence Ramirez McCormick MD"
            }
          }
        ]
      },
      "request": {
        "method": "PUT",
        "url": "http://localhost:8080/cqf-ruler/baseDstu3/Immunization/Immunization-39650"
      }
    },
    {
      "resource": {
        "resourceType": "Observation",
        "id": "Observation-65778",
        "status": "final",
        "code": {
          "coding": [
            {
              "system": "http://loinc.org",
              "code": "8480-6",
              "display": "Systolic blood pressure"
            }
          ]
        },
        "subject": {
          "reference": "Patient/Patient-6553",
          "display": "Gabriel Bill Good"
        },
        "context": {
          "reference": "Encounter/Encounter-420",
          "display": "Acme Medical Center"
        },
        "effectiveDateTime": "2020-03-02T09:36:36-05:00",
        "performer": [
          {
            "reference": "Practitioner/Practitioner-2530",
            "display": "Terrence Ramirez McCormick MD"
          }
        ],
        "valueQuantity": {
          "value": 158.67157896841303,
          "unit": "mmHg"
        }
      },
      "request": {
        "method": "PUT",
        "url": "http://localhost:8080/cqf-ruler/baseDstu3/Observation/Observation-65778"
      }
    },
    {
      "resource": {
        "resourceType": "Observation",
        "id": "Observation-65779",
        "status": "final",
        "code": {
          "coding": [
            {
              "system": "http://loinc.org",
              "code": "8462-4",
              "display": "Diastolic blood pressure"
            }
          ]
        },
        "subject": {
          "reference": "Patient/Patient-6553",
          "display": "Gabriel Bill Good"
        },
        "context": {
          "reference": "Encounter/Encounter-420",
          "display": "Acme Medical Center"
        },
        "effectiveDateTime": "2020-03-02T09:36:36-05:00",
        "performer": [
          {
            "reference": "Practitioner/Practitioner-2530",
            "display": "Terrence Ramirez McCormick MD"
          }
        ],
        "valueQuantity": {
          "value": 94.54234113723082,
          "unit": "mmHg"
        }
      },
      "request": {
        "method": "PUT",
        "url": "http://localhost:8080/cqf-ruler/baseDstu3/Observation/Observation-65779"
      }
    },
    {
      "resource": {
        "resourceType": "Condition",
        "id": "Condition-65780",
        "clinicalStatus": "active",
        "verificationStatus": "confirmed",
        "code": {
          "coding": [
            {
              "system": "http://hl7.org/fhir/sid/icd-9-cm",
              "code": "401.0",
              "display": "Malignant essential hypertension"
            }
          ]
        },
        "subject": {
          "reference": "Patient/Patient-6553",
          "display": "Gabriel Bill Good"
        },
        "context": {
          "reference": "Encounter/Encounter-420",
          "display": "Acme Medical Center"
        },
        "onsetDateTime": "2020-03-02T09:36:36-05:00",
        "assertedDate": "2020-03-02T09:36:36-05:00",
        "asserter": {
          "reference": "Practitioner/Practitioner-2530",
          "display": "Terrence Ramirez McCormick MD"
        }
      },
      "request": {
        "method": "PUT",
        "url": "http://localhost:8080/cqf-ruler/baseDstu3/Condition/Condition-65780"
      }
    },
    {
      "resource": {
        "resourceType": "Observation",
        "id": "Observation-65781",
        "status": "final",
        "category": [
          {
            "coding": [
              {
                "system": "http://hl7.org/fhir/observation-category",
                "code": "vital-signs",
                "display": "vital-signs"
              }
            ]
          }
        ],
        "code": {
          "coding": [
            {
              "system": "http://loinc.org",
              "code": "8716-3",
              "display": "Vital Signs Panel"
            }
          ]
        },
        "subject": {
          "reference": "Patient/Patient-6553",
          "display": "Gabriel Bill Good"
        },
        "context": {
          "reference": "Encounter/Encounter-420",
          "display": "Acme Medical Center"
        },
        "effectivePeriod": {
          "start": "2020-03-02T09:36:36-05:00",
          "end": "2020-03-02T09:36:36-05:00"
        },
        "valueQuantity": {
          "value": 94.54234113723082,
          "unit": "mmHg"
        },
        "component": [
          {
            "code": {
              "coding": [
                {
                  "system": "http://loinc.org",
                  "code": "8302-2",
                  "display": "Height"
                }
              ]
            }
          },
          {
            "code": {
              "coding": [
                {
                  "system": "http://loinc.org",
                  "code": "29463-7",
                  "display": "Weight"
                }
              ]
            }
          },
          {
            "code": {
              "coding": [
                {
                  "system": "http://loinc.org",
                  "code": "39156-5",
                  "display": "BMI"
                }
              ]
            }
          },
          {
            "code": {
              "coding": [
                {
                  "system": "http://loinc.org",
                  "code": "8310-5",
                  "display": "Temperature"
                }
              ]
            }
          },
          {
            "code": {
              "coding": [
                {
                  "system": "http://loinc.org",
                  "code": "8459-0",
                  "display": "Systolic Blood Pressure"
                }
              ]
            }
          },
          {
            "code": {
              "coding": [
                {
                  "system": "http://loinc.org",
                  "code": "8453-3",
                  "display": "Diastolic Blood Pressure"
                }
              ]
            }
          }
        ]
      },
      "request": {
        "method": "PUT",
        "url": "http://localhost:8080/cqf-ruler/baseDstu3/Observation/Observation-65781"
      }
    }
  ]
}