{
  "resourceType": "Bundle",
  "type": "transaction",
  "entry": [
    {
      "resource": {
        "resourceType": "Encounter",
        "id": "Encounter-514",
        "status": "finished",
        "class": {
          "system": "http://hl7.org/fhir/encounter-class",
          "code": "other",
          "display": "Other"
        },
        "subject": {
          "reference": "Patient/Patient-6525",
          "display": "Fred Michael Walsh"
        },
        "participant": [
          {
            "period": {
              "start": "2020-08-17T09:36:36-04:00",
              "end": "2020-08-17T09:36:36-04:00"
            },
            "individual": {
              "reference": "Practitioner/Practitioner-2522",
              "display": "Lois Jean Kent MD"
            }
          }
        ],
        "period": {
          "start": "2020-08-17T09:36:36-04:00",
          "end": "2020-08-17T09:36:36-04:00"
        },
        "location": [
          {
            "location": {
              "reference": "Location/Location-1101",
              "display": "McKinley Health Center"
            }
          }
        ],
        "serviceProvider": {
          "reference": "Organization/Organization-1101",
          "display": "McKinley Health Center"
        }
      },
      "request": {
        "method": "PUT",
        "url": "http://localhost:8080/cqf-ruler/baseDstu3/Encounter/Encounter-514"
      }
    },
    {
      "resource": {
        "resourceType": "Immunization",
        "id": "Immunization-64348",
        "status": "completed",
        "notGiven": false,
        "vaccineCode": {
          "coding": [
            {
              "system": "http://hl7.org/fhir/sid/cvx",
              "code": "20",
              "display": "DTaP"
            }
          ]
        },
        "patient": {
          "reference": "Patient/Patient-6525",
          "display": "Fred Michael Walsh"
        },
        "date": "2020-08-10T22:36:36-04:00",
        "primarySource": true,
        "location": {
          "reference": "Location/Location-1101",
          "display": "McKinley Health Center"
        },
        "practitioner": [
          {
            "actor": {
              "reference": "Practitioner/Practitioner-2522",
              "display": "Lois Jean Kent MD"
            }
          }
        ]
      },
      "request": {
        "method": "PUT",
        "url": "http://localhost:8080/cqf-ruler/baseDstu3/Immunization/Immunization-64348"
      }
    },
    {
      "resource": {
        "resourceType": "Immunization",
        "id": "Immunization-64349",
        "status": "completed",
        "notGiven": false,
        "vaccineCode": {
          "coding": [
            {
              "system": "http://hl7.org/fhir/sid/cvx",
              "code": "140",
              "display": "Influenza, seasonal, injectable, preservative free"
            }
          ]
        },
        "patient": {
          "reference": "Patient/Patient-6525",
          "display": "Fred Michael Walsh"
        },
        "date": "2020-08-10T22:36:36-04:00",
        "primarySource": true,
        "location": {
          "reference": "Location/Location-1101",
          "display": "McKinley Health Center"
        },
        "practitioner": [
          {
            "actor": {
              "reference": "Practitioner/Practitioner-2522",
              "display": "Lois Jean Kent MD"
            }
          }
        ]
      },
      "request": {
        "method": "PUT",
        "url": "http://localhost:8080/cqf-ruler/baseDstu3/Immunization/Immunization-64349"
      }
    },
    {
      "resource": {
        "resourceType": "Immunization",
        "id": "Immunization-64350",
        "status": "completed",
        "notGiven": false,
        "vaccineCode": {
          "coding": [
            {
              "system": "http://hl7.org/fhir/sid/cvx",
              "code": "83",
              "display": "Hep A, ped/adol, 2 dose"
            }
          ]
        },
        "patient": {
          "reference": "Patient/Patient-6525",
          "display": "Fred Michael Walsh"
        },
        "date": "2020-08-10T22:36:36-04:00",
        "primarySource": true,
        "location": {
          "reference": "Location/Location-1101",
          "display": "McKinley Health Center"
        },
        "practitioner": [
          {
            "actor": {
              "reference": "Practitioner/Practitioner-2522",
              "display": "Lois Jean Kent MD"
            }
          }
        ]
      },
      "request": {
        "method": "PUT",
        "url": "http://localhost:8080/cqf-ruler/baseDstu3/Immunization/Immunization-64350"
      }
    },
    {
      "resource": {
        "resourceType": "Observation",
        "id": "Observation-78773",
        "status": "final",
        "code": {
          "coding": [
            {
              "system": "http://loinc.org",
              "code": "8480-6",
              "display": "Systolic blood pressure"
            }
          ]
        },
        "subject": {
          "reference": "Patient/Patient-6525",
          "display": "Fred Michael Walsh"
        },
        "context": {
          "reference": "Encounter/Encounter-514",
          "display": "McKinley Health Center"
        },
        "effectiveDateTime": "2020-08-17T09:36:36-04:00",
        "performer": [
          {
            "reference": "Practitioner/Practitioner-2522",
            "display": "Lois Jean Kent MD"
          }
        ],
        "valueQuantity": {
          "value": 151.93728500643874,
          "unit": "mmHg"
        }
      },
      "request": {
        "method": "PUT",
        "url": "http://localhost:8080/cqf-ruler/baseDstu3/Observation/Observation-78773"
      }
    },
    {
      "resource": {
        "resourceType": "Observation",
        "id": "Observation-78774",
        "status": "final",
        "code": {
          "coding": [
            {
              "system": "http://loinc.org",
              "code": "8462-4",
              "display": "Diastolic blood pressure"
            }
          ]
        },
        "subject": {
          "reference": "Patient/Patient-6525",
          "display": "Fred Michael Walsh"
        },
        "context": {
          "reference": "Encounter/Encounter-514",
          "display": "McKinley Health Center"
        },
        "effectiveDateTime": "2020-08-17T09:36:36-04:00",
        "performer": [
          {
            "reference": "Practitioner/Practitioner-2522",
            "display": "Lois Jean Kent MD"
          }
        ],
        "valueQuantity": {
          "value": 109.70389073941026,
          "unit": "mmHg"
        }
      },
      "request": {
        "method": "PUT",
        "url": "http://localhost:8080/cqf-ruler/baseDstu3/Observation/Observation-78774"
      }
    },
    {
      "resource": {
        "resourceType": "Condition",
        "id": "Condition-78775",
        "clinicalStatus": "active",
        "verificationStatus": "confirmed",
        "code": {
          "coding": [
            {
              "system": "http://snomed.info/sct",
              "code": "371125006",
              "display": "Labile essential hypertension"
            }
          ]
        },
        "subject": {
          "reference": "Patient/Patient-6525",
          "display": "Fred Michael Walsh"
        },
        "context": {
          "reference": "Encounter/Encounter-514",
          "display": "McKinley Health Center"
        },
        "onsetDateTime": "2020-08-17T09:36:36-04:00",
        "assertedDate": "2020-08-17T09:36:36-04:00",
        "asserter": {
          "reference": "Practitioner/Practitioner-2522",
          "display": "Lois Jean Kent MD"
        }
      },
      "request": {
        "method": "PUT",
        "url": "http://localhost:8080/cqf-ruler/baseDstu3/Condition/Condition-78775"
      }
    },
    {
      "resource": {
        "resourceType": "Observation",
        "id": "Observation-78776",
        "status": "final",
        "category": [
          {
            "coding": [
              {
                "system": "http://hl7.org/fhir/observation-category",
                "code": "vital-signs",
                "display": "vital-signs"
              }
            ]
          }
        ],
        "code": {
          "coding": [
            {
              "system": "http://loinc.org",
              "code": "8716-3",
              "display": "Vital Signs Panel"
            }
          ]
        },
        "subject": {
          "reference": "Patient/Patient-6525",
          "display": "Fred Michael Walsh"
        },
        "context": {
          "reference": "Encounter/Encounter-514",
          "display": "McKinley Health Center"
        },
        "effectivePeriod": {
          "start": "2020-08-17T09:36:36-04:00",
          "end": "2020-08-17T09:36:36-04:00"
        },
        "valueQuantity": {
          "value": 109.70389073941026,
          "unit": "mmHg"
        },
        "component": [
          {
            "code": {
              "coding": [
                {
                  "system": "http://loinc.org",
                  "code": "8302-2",
                  "display": "Height"
                }
              ]
            }
          },
          {
            "code": {
              "coding": [
                {
                  "system": "http://loinc.org",
                  "code": "29463-7",
                  "display": "Weight"
                }
              ]
            }
          },
          {
            "code": {
              "coding": [
                {
                  "system": "http://loinc.org",
                  "code": "39156-5",
                  "display": "BMI"
                }
              ]
            }
          },
          {
            "code": {
              "coding": [
                {
                  "system": "http://loinc.org",
                  "code": "8310-5",
                  "display": "Temperature"
                }
              ]
            }
          },
          {
            "code": {
              "coding": [
                {
                  "system": "http://loinc.org",
                  "code": "8459-0",
                  "display": "Systolic Blood Pressure"
                }
              ]
            }
          },
          {
            "code": {
              "coding": [
                {
                  "system": "http://loinc.org",
                  "code": "8453-3",
                  "display": "Diastolic Blood Pressure"
                }
              ]
            }
          }
        ]
      },
      "request": {
        "method": "PUT",
        "url": "http://localhost:8080/cqf-ruler/baseDstu3/Observation/Observation-78776"
      }
    }
  ]
}