{
  "resourceType": "Bundle",
  "type": "transaction",
  "entry": [
    {
      "resource": {
        "resourceType": "Encounter",
        "id": "Encounter-578",
        "status": "finished",
        "class": {
          "system": "http://hl7.org/fhir/encounter-class",
          "code": "other",
          "display": "Other"
        },
        "subject": {
          "reference": "Patient/Patient-1125",
          "display": "Ryan Arthur Paulson"
        },
        "participant": [
          {
            "period": {
              "start": "2022-11-14T09:36:36-05:00",
              "end": "2022-11-14T09:36:36-05:00"
            },
            "individual": {
              "reference": "Practitioner/Practitioner-2521",
              "display": "Heather Fuentes Guerra MD"
            }
          }
        ],
        "period": {
          "start": "2022-11-14T09:36:36-05:00",
          "end": "2022-11-14T09:36:36-05:00"
        },
        "location": [
          {
            "location": {
              "reference": "Location/Location-1106",
              "display": "Cranston Family Medical"
            }
          }
        ],
        "serviceProvider": {
          "reference": "Organization/Organization-1106",
          "display": "Cranston Family Medical"
        }
      },
      "request": {
        "method": "PUT",
        "url": "http://localhost:8080/cqf-ruler/baseDstu3/Encounter/Encounter-578"
      }
    },
    {
      "resource": {
        "resourceType": "Immunization",
        "id": "Immunization-84943",
        "status": "completed",
        "notGiven": false,
        "vaccineCode": {
          "coding": [
            {
              "system": "http://hl7.org/fhir/sid/cvx",
              "code": "140",
              "display": "Influenza, seasonal, injectable, preservative free"
            }
          ]
        },
        "patient": {
          "reference": "Patient/Patient-1125",
          "display": "Ryan Arthur Paulson"
        },
        "date": "2022-11-09T09:36:36-05:00",
        "primarySource": true,
        "location": {
          "reference": "Location/Location-1106",
          "display": "Cranston Family Medical"
        },
        "practitioner": [
          {
            "actor": {
              "reference": "Practitioner/Practitioner-2521",
              "display": "Heather Fuentes Guerra MD"
            }
          }
        ]
      },
      "request": {
        "method": "PUT",
        "url": "http://localhost:8080/cqf-ruler/baseDstu3/Immunization/Immunization-84943"
      }
    },
    {
      "resource": {
        "resourceType": "Procedure",
        "id": "Procedure-137282",
        "status": "completed",
        "code": {
          "coding": [
            {
              "system": "http://loinc.org",
              "code": "57905-2",
              "display": "Hemoglobin.gastrointestinal [Presence] in Stool by Immunologic method --1st specimen"
            }
          ]
        },
        "subject": {
          "reference": "Patient/Patient-1125",
          "display": "Ryan Arthur Paulson"
        },
        "context": {
          "reference": "Encounter/Encounter-578",
          "display": "Cranston Family Medical"
        },
        "performedPeriod": {
          "start": "2022-11-14T09:36:36-05:00",
          "end": "2022-11-14T09:36:36-05:00"
        },
        "performer": [
          {
            "actor": {
              "reference": "Practitioner/Practitioner-2521",
              "display": "Heather Fuentes Guerra MD"
            }
          }
        ],
        "location": {
          "reference": "Location/Location-1106",
          "display": "Cranston Family Medical"
        }
      },
      "request": {
        "method": "PUT",
        "url": "http://localhost:8080/cqf-ruler/baseDstu3/Procedure/Procedure-137282"
      }
    },
    {
      "resource": {
        "resourceType": "Observation",
        "id": "Observation-137283",
        "status": "final",
        "code": {
          "coding": [
            {
              "system": "http://loinc.org",
              "code": "14564-9",
              "display": "Hemoglobin.gastrointestinal [Presence] in Stool --2nd specimen"
            }
          ]
        },
        "subject": {
          "reference": "Patient/Patient-1125",
          "display": "Ryan Arthur Paulson"
        },
        "context": {
          "reference": "Encounter/Encounter-578",
          "display": "Cranston Family Medical"
        },
        "effectiveDateTime": "2022-11-14T09:36:36-05:00",
        "performer": [
          {
            "reference": "Practitioner/Practitioner-2521",
            "display": "Heather Fuentes Guerra MD"
          }
        ],
        "valueString": "NEGATIVE"
      },
      "request": {
        "method": "PUT",
        "url": "http://localhost:8080/cqf-ruler/baseDstu3/Observation/Observation-137283"
      }
    },
    {
      "resource": {
        "resourceType": "Observation",
        "id": "Observation-137284",
        "status": "final",
        "code": {
          "coding": [
            {
              "system": "http://loinc.org",
              "code": "8480-6",
              "display": "Systolic blood pressure"
            }
          ]
        },
        "subject": {
          "reference": "Patient/Patient-1125",
          "display": "Ryan Arthur Paulson"
        },
        "context": {
          "reference": "Encounter/Encounter-578",
          "display": "Cranston Family Medical"
        },
        "effectiveDateTime": "2022-11-14T09:36:36-05:00",
        "performer": [
          {
            "reference": "Practitioner/Practitioner-2521",
            "display": "Heather Fuentes Guerra MD"
          }
        ],
        "valueQuantity": {
          "value": 171.18663198228066,
          "unit": "mmHg"
        }
      },
      "request": {
        "method": "PUT",
        "url": "http://localhost:8080/cqf-ruler/baseDstu3/Observation/Observation-137284"
      }
    },
    {
      "resource": {
        "resourceType": "Observation",
        "id": "Observation-137285",
        "status": "final",
        "code": {
          "coding": [
            {
              "system": "http://loinc.org",
              "code": "8462-4",
              "display": "Diastolic blood pressure"
            }
          ]
        },
        "subject": {
          "reference": "Patient/Patient-1125",
          "display": "Ryan Arthur Paulson"
        },
        "context": {
          "reference": "Encounter/Encounter-578",
          "display": "Cranston Family Medical"
        },
        "effectiveDateTime": "2022-11-14T09:36:36-05:00",
        "performer": [
          {
            "reference": "Practitioner/Practitioner-2521",
            "display": "Heather Fuentes Guerra MD"
          }
        ],
        "valueQuantity": {
          "value": 88.84254814655942,
          "unit": "mmHg"
        }
      },
      "request": {
        "method": "PUT",
        "url": "http://localhost:8080/cqf-ruler/baseDstu3/Observation/Observation-137285"
      }
    },
    {
      "resource": {
        "resourceType": "Condition",
        "id": "Condition-137286",
        "clinicalStatus": "active",
        "verificationStatus": "confirmed",
        "code": {
          "coding": [
            {
              "system": "http://snomed.info/sct",
              "code": "48146000",
              "display": "Diastolic hypertension"
            }
          ]
        },
        "subject": {
          "reference": "Patient/Patient-1125",
          "display": "Ryan Arthur Paulson"
        },
        "context": {
          "reference": "Encounter/Encounter-578",
          "display": "Cranston Family Medical"
        },
        "onsetDateTime": "2022-11-14T09:36:36-05:00",
        "assertedDate": "2022-11-14T09:36:36-05:00",
        "asserter": {
          "reference": "Practitioner/Practitioner-2521",
          "display": "Heather Fuentes Guerra MD"
        }
      },
      "request": {
        "method": "PUT",
        "url": "http://localhost:8080/cqf-ruler/baseDstu3/Condition/Condition-137286"
      }
    },
    {
      "resource": {
        "resourceType": "Observation",
        "id": "Observation-137287",
        "status": "final",
        "category": [
          {
            "coding": [
              {
                "system": "http://hl7.org/fhir/observation-category",
                "code": "vital-signs",
                "display": "vital-signs"
              }
            ]
          }
        ],
        "code": {
          "coding": [
            {
              "system": "http://loinc.org",
              "code": "8716-3",
              "display": "Vital Signs Panel"
            }
          ]
        },
        "subject": {
          "reference": "Patient/Patient-1125",
          "display": "Ryan Arthur Paulson"
        },
        "context": {
          "reference": "Encounter/Encounter-578",
          "display": "Cranston Family Medical"
        },
        "effectivePeriod": {
          "start": "2022-11-14T09:36:36-05:00",
          "end": "2022-11-14T09:36:36-05:00"
        },
        "valueQuantity": {
          "value": 88.84254814655942,
          "unit": "mmHg"
        },
        "component": [
          {
            "code": {
              "coding": [
                {
                  "system": "http://loinc.org",
                  "code": "8302-2",
                  "display": "Height"
                }
              ]
            }
          },
          {
            "code": {
              "coding": [
                {
                  "system": "http://loinc.org",
                  "code": "29463-7",
                  "display": "Weight"
                }
              ]
            }
          },
          {
            "code": {
              "coding": [
                {
                  "system": "http://loinc.org",
                  "code": "39156-5",
                  "display": "BMI"
                }
              ]
            }
          },
          {
            "code": {
              "coding": [
                {
                  "system": "http://loinc.org",
                  "code": "8310-5",
                  "display": "Temperature"
                }
              ]
            }
          },
          {
            "code": {
              "coding": [
                {
                  "system": "http://loinc.org",
                  "code": "8459-0",
                  "display": "Systolic Blood Pressure"
                }
              ]
            }
          },
          {
            "code": {
              "coding": [
                {
                  "system": "http://loinc.org",
                  "code": "8453-3",
                  "display": "Diastolic Blood Pressure"
                }
              ]
            }
          }
        ]
      },
      "request": {
        "method": "PUT",
        "url": "http://localhost:8080/cqf-ruler/baseDstu3/Observation/Observation-137287"
      }
    }
  ]
}