{
  "resourceType": "Bundle",
  "type": "transaction",
  "entry": [
    {
      "resource": {
        "resourceType": "Encounter",
        "id": "Encounter-344",
        "status": "finished",
        "class": {
          "system": "http://hl7.org/fhir/encounter-class",
          "code": "other",
          "display": "Other"
        },
        "subject": {
          "reference": "Patient/Patient-6500",
          "display": "Lois Peterson Zuniga"
        },
        "participant": [
          {
            "period": {
              "start": "2019-05-27T09:36:36-04:00",
              "end": "2019-05-27T09:36:36-04:00"
            },
            "individual": {
              "reference": "Practitioner/Practitioner-2517",
              "display": "Cathy Shannon Warner MD"
            }
          }
        ],
        "period": {
          "start": "2019-05-27T09:36:36-04:00",
          "end": "2019-05-27T09:36:36-04:00"
        },
        "location": [
          {
            "location": {
              "reference": "Location/Location-1102",
              "display": "Pediatric and Adult Medicine"
            }
          }
        ],
        "serviceProvider": {
          "reference": "Organization/Organization-1102",
          "display": "Pediatric and Adult Medicine"
        }
      },
      "request": {
        "method": "PUT",
        "url": "http://localhost:8080/cqf-ruler/baseDstu3/Encounter/Encounter-344"
      }
    },
    {
      "resource": {
        "resourceType": "Immunization",
        "id": "Immunization-19973",
        "status": "completed",
        "notGiven": false,
        "vaccineCode": {
          "coding": [
            {
              "system": "http://hl7.org/fhir/sid/cvx",
              "code": "20",
              "display": "DTaP"
            }
          ]
        },
        "patient": {
          "reference": "Patient/Patient-6500",
          "display": "Lois Peterson Zuniga"
        },
        "date": "2019-05-21T09:36:36-04:00",
        "primarySource": true,
        "location": {
          "reference": "Location/Location-1102",
          "display": "Pediatric and Adult Medicine"
        },
        "practitioner": [
          {
            "actor": {
              "reference": "Practitioner/Practitioner-2517",
              "display": "Cathy Shannon Warner MD"
            }
          }
        ]
      },
      "request": {
        "method": "PUT",
        "url": "http://localhost:8080/cqf-ruler/baseDstu3/Immunization/Immunization-19973"
      }
    },
    {
      "resource": {
        "resourceType": "Immunization",
        "id": "Immunization-19974",
        "status": "completed",
        "notGiven": false,
        "vaccineCode": {
          "coding": [
            {
              "system": "http://hl7.org/fhir/sid/cvx",
              "code": "140",
              "display": "Influenza, seasonal, injectable, preservative free"
            }
          ]
        },
        "patient": {
          "reference": "Patient/Patient-6500",
          "display": "Lois Peterson Zuniga"
        },
        "date": "2019-05-21T09:36:36-04:00",
        "primarySource": true,
        "location": {
          "reference": "Location/Location-1102",
          "display": "Pediatric and Adult Medicine"
        },
        "practitioner": [
          {
            "actor": {
              "reference": "Practitioner/Practitioner-2517",
              "display": "Cathy Shannon Warner MD"
            }
          }
        ]
      },
      "request": {
        "method": "PUT",
        "url": "http://localhost:8080/cqf-ruler/baseDstu3/Immunization/Immunization-19974"
      }
    },
    {
      "resource": {
        "resourceType": "Immunization",
        "id": "Immunization-19975",
        "status": "completed",
        "notGiven": false,
        "vaccineCode": {
          "coding": [
            {
              "system": "http://hl7.org/fhir/sid/cvx",
              "code": "10",
              "display": "IPV"
            }
          ]
        },
        "patient": {
          "reference": "Patient/Patient-6500",
          "display": "Lois Peterson Zuniga"
        },
        "date": "2019-05-21T09:36:36-04:00",
        "primarySource": true,
        "location": {
          "reference": "Location/Location-1102",
          "display": "Pediatric and Adult Medicine"
        },
        "practitioner": [
          {
            "actor": {
              "reference": "Practitioner/Practitioner-2517",
              "display": "Cathy Shannon Warner MD"
            }
          }
        ]
      },
      "request": {
        "method": "PUT",
        "url": "http://localhost:8080/cqf-ruler/baseDstu3/Immunization/Immunization-19975"
      }
    },
    {
      "resource": {
        "resourceType": "Immunization",
        "id": "Immunization-19976",
        "status": "completed",
        "notGiven": false,
        "vaccineCode": {
          "coding": [
            {
              "system": "http://hl7.org/fhir/sid/cvx",
              "code": "03",
              "display": "MMR"
            }
          ]
        },
        "patient": {
          "reference": "Patient/Patient-6500",
          "display": "Lois Peterson Zuniga"
        },
        "date": "2019-05-21T09:36:36-04:00",
        "primarySource": true,
        "location": {
          "reference": "Location/Location-1102",
          "display": "Pediatric and Adult Medicine"
        },
        "practitioner": [
          {
            "actor": {
              "reference": "Practitioner/Practitioner-2517",
              "display": "Cathy Shannon Warner MD"
            }
          }
        ]
      },
      "request": {
        "method": "PUT",
        "url": "http://localhost:8080/cqf-ruler/baseDstu3/Immunization/Immunization-19976"
      }
    },
    {
      "resource": {
        "resourceType": "Immunization",
        "id": "Immunization-19977",
        "status": "completed",
        "notGiven": false,
        "vaccineCode": {
          "coding": [
            {
              "system": "http://hl7.org/fhir/sid/cvx",
              "code": "21",
              "display": "varicella"
            }
          ]
        },
        "patient": {
          "reference": "Patient/Patient-6500",
          "display": "Lois Peterson Zuniga"
        },
        "date": "2019-05-21T09:36:36-04:00",
        "primarySource": true,
        "location": {
          "reference": "Location/Location-1102",
          "display": "Pediatric and Adult Medicine"
        },
        "practitioner": [
          {
            "actor": {
              "reference": "Practitioner/Practitioner-2517",
              "display": "Cathy Shannon Warner MD"
            }
          }
        ]
      },
      "request": {
        "method": "PUT",
        "url": "http://localhost:8080/cqf-ruler/baseDstu3/Immunization/Immunization-19977"
      }
    },
    {
      "resource": {
        "resourceType": "Observation",
        "id": "Observation-46134",
        "status": "final",
        "code": {
          "coding": [
            {
              "system": "http://loinc.org",
              "code": "8480-6",
              "display": "Systolic blood pressure"
            }
          ]
        },
        "subject": {
          "reference": "Patient/Patient-6500",
          "display": "Lois Peterson Zuniga"
        },
        "context": {
          "reference": "Encounter/Encounter-344",
          "display": "Pediatric and Adult Medicine"
        },
        "effectiveDateTime": "2019-05-27T09:36:36-04:00",
        "performer": [
          {
            "reference": "Practitioner/Practitioner-2517",
            "display": "Cathy Shannon Warner MD"
          }
        ],
        "valueQuantity": {
          "value": 138.29506228951206,
          "unit": "mmHg"
        }
      },
      "request": {
        "method": "PUT",
        "url": "http://localhost:8080/cqf-ruler/baseDstu3/Observation/Observation-46134"
      }
    },
    {
      "resource": {
        "resourceType": "Observation",
        "id": "Observation-46135",
        "status": "final",
        "code": {
          "coding": [
            {
              "system": "http://loinc.org",
              "code": "8462-4",
              "display": "Diastolic blood pressure"
            }
          ]
        },
        "subject": {
          "reference": "Patient/Patient-6500",
          "display": "Lois Peterson Zuniga"
        },
        "context": {
          "reference": "Encounter/Encounter-344",
          "display": "Pediatric and Adult Medicine"
        },
        "effectiveDateTime": "2019-05-27T09:36:36-04:00",
        "performer": [
          {
            "reference": "Practitioner/Practitioner-2517",
            "display": "Cathy Shannon Warner MD"
          }
        ],
        "valueQuantity": {
          "value": 108.81273073389077,
          "unit": "mmHg"
        }
      },
      "request": {
        "method": "PUT",
        "url": "http://localhost:8080/cqf-ruler/baseDstu3/Observation/Observation-46135"
      }
    },
    {
      "resource": {
        "resourceType": "Condition",
        "id": "Condition-46136",
        "clinicalStatus": "active",
        "verificationStatus": "confirmed",
        "code": {
          "coding": [
            {
              "system": "http://snomed.info/sct",
              "code": "1201005",
              "display": "Benign essential hypertension"
            }
          ]
        },
        "subject": {
          "reference": "Patient/Patient-6500",
          "display": "Lois Peterson Zuniga"
        },
        "context": {
          "reference": "Encounter/Encounter-344",
          "display": "Pediatric and Adult Medicine"
        },
        "onsetDateTime": "2019-05-27T09:36:36-04:00",
        "assertedDate": "2019-05-27T09:36:36-04:00",
        "asserter": {
          "reference": "Practitioner/Practitioner-2517",
          "display": "Cathy Shannon Warner MD"
        }
      },
      "request": {
        "method": "PUT",
        "url": "http://localhost:8080/cqf-ruler/baseDstu3/Condition/Condition-46136"
      }
    },
    {
      "resource": {
        "resourceType": "Observation",
        "id": "Observation-46137",
        "status": "final",
        "category": [
          {
            "coding": [
              {
                "system": "http://hl7.org/fhir/observation-category",
                "code": "vital-signs",
                "display": "vital-signs"
              }
            ]
          }
        ],
        "code": {
          "coding": [
            {
              "system": "http://loinc.org",
              "code": "8716-3",
              "display": "Vital Signs Panel"
            }
          ]
        },
        "subject": {
          "reference": "Patient/Patient-6500",
          "display": "Lois Peterson Zuniga"
        },
        "context": {
          "reference": "Encounter/Encounter-344",
          "display": "Pediatric and Adult Medicine"
        },
        "effectivePeriod": {
          "start": "2019-05-27T09:36:36-04:00",
          "end": "2019-05-27T09:36:36-04:00"
        },
        "valueQuantity": {
          "value": 108.81273073389077,
          "unit": "mmHg"
        },
        "component": [
          {
            "code": {
              "coding": [
                {
                  "system": "http://loinc.org",
                  "code": "8302-2",
                  "display": "Height"
                }
              ]
            }
          },
          {
            "code": {
              "coding": [
                {
                  "system": "http://loinc.org",
                  "code": "29463-7",
                  "display": "Weight"
                }
              ]
            }
          },
          {
            "code": {
              "coding": [
                {
                  "system": "http://loinc.org",
                  "code": "39156-5",
                  "display": "BMI"
                }
              ]
            }
          },
          {
            "code": {
              "coding": [
                {
                  "system": "http://loinc.org",
                  "code": "8310-5",
                  "display": "Temperature"
                }
              ]
            }
          },
          {
            "code": {
              "coding": [
                {
                  "system": "http://loinc.org",
                  "code": "8459-0",
                  "display": "Systolic Blood Pressure"
                }
              ]
            }
          },
          {
            "code": {
              "coding": [
                {
                  "system": "http://loinc.org",
                  "code": "8453-3",
                  "display": "Diastolic Blood Pressure"
                }
              ]
            }
          }
        ]
      },
      "request": {
        "method": "PUT",
        "url": "http://localhost:8080/cqf-ruler/baseDstu3/Observation/Observation-46137"
      }
    }
  ]
}