{
  "resourceType": "Bundle",
  "type": "transaction",
  "entry": [
    {
      "resource": {
        "resourceType": "Encounter",
        "id": "Encounter-456",
        "status": "finished",
        "class": {
          "system": "http://hl7.org/fhir/encounter-class",
          "code": "other",
          "display": "Other"
        },
        "subject": {
          "reference": "Patient/Patient-1138",
          "display": "Donna Lynn Jones"
        },
        "participant": [
          {
            "period": {
              "start": "2020-07-27T09:36:36-04:00",
              "end": "2020-07-27T09:36:36-04:00"
            },
            "individual": {
              "reference": "Practitioner/Practitioner-2532",
              "display": "Chad Espinoza Potter MD"
            }
          }
        ],
        "period": {
          "start": "2020-07-27T09:36:36-04:00",
          "end": "2020-07-27T09:36:36-04:00"
        },
        "location": [
          {
            "location": {
              "reference": "Location/Location-1105",
              "display": "Bayside Medical Group"
            }
          }
        ],
        "serviceProvider": {
          "reference": "Organization/Organization-1105",
          "display": "Bayside Medical Group"
        }
      },
      "request": {
        "method": "PUT",
        "url": "http://localhost:8080/cqf-ruler/baseDstu3/Encounter/Encounter-456"
      }
    },
    {
      "resource": {
        "resourceType": "Immunization",
        "id": "Immunization-50473",
        "status": "completed",
        "notGiven": false,
        "vaccineCode": {
          "coding": [
            {
              "system": "http://hl7.org/fhir/sid/cvx",
              "code": "140",
              "display": "Influenza, seasonal, injectable, preservative free"
            }
          ]
        },
        "patient": {
          "reference": "Patient/Patient-1138",
          "display": "Donna Lynn Jones"
        },
        "date": "2020-07-21T09:36:36-04:00",
        "primarySource": true,
        "location": {
          "reference": "Location/Location-1105",
          "display": "Bayside Medical Group"
        },
        "practitioner": [
          {
            "actor": {
              "reference": "Practitioner/Practitioner-2532",
              "display": "Chad Espinoza Potter MD"
            }
          }
        ]
      },
      "request": {
        "method": "PUT",
        "url": "http://localhost:8080/cqf-ruler/baseDstu3/Immunization/Immunization-50473"
      }
    },
    {
      "resource": {
        "resourceType": "Immunization",
        "id": "Immunization-50474",
        "status": "completed",
        "notGiven": false,
        "vaccineCode": {
          "coding": [
            {
              "system": "http://hl7.org/fhir/sid/cvx",
              "code": "121",
              "display": "zoster"
            }
          ]
        },
        "patient": {
          "reference": "Patient/Patient-1138",
          "display": "Donna Lynn Jones"
        },
        "date": "2020-07-21T09:36:36-04:00",
        "primarySource": true,
        "location": {
          "reference": "Location/Location-1105",
          "display": "Bayside Medical Group"
        },
        "practitioner": [
          {
            "actor": {
              "reference": "Practitioner/Practitioner-2532",
              "display": "Chad Espinoza Potter MD"
            }
          }
        ]
      },
      "request": {
        "method": "PUT",
        "url": "http://localhost:8080/cqf-ruler/baseDstu3/Immunization/Immunization-50474"
      }
    },
    {
      "resource": {
        "resourceType": "Procedure",
        "id": "Procedure-76598",
        "status": "completed",
        "code": {
          "coding": [
            {
              "system": "http://loinc.org",
              "code": "27401-9",
              "display": "Hemoglobin.gastrointestinal [Presence] in Stool --6th specimen"
            }
          ]
        },
        "subject": {
          "reference": "Patient/Patient-1138",
          "display": "Donna Lynn Jones"
        },
        "context": {
          "reference": "Encounter/Encounter-456",
          "display": "Bayside Medical Group"
        },
        "performedPeriod": {
          "start": "2020-07-27T09:36:36-04:00",
          "end": "2020-07-27T09:36:36-04:00"
        },
        "performer": [
          {
            "actor": {
              "reference": "Practitioner/Practitioner-2532",
              "display": "Chad Espinoza Potter MD"
            }
          }
        ],
        "location": {
          "reference": "Location/Location-1105",
          "display": "Bayside Medical Group"
        }
      },
      "request": {
        "method": "PUT",
        "url": "http://localhost:8080/cqf-ruler/baseDstu3/Procedure/Procedure-76598"
      }
    },
    {
      "resource": {
        "resourceType": "Observation",
        "id": "Observation-76599",
        "status": "final",
        "code": {
          "coding": [
            {
              "system": "http://loinc.org",
              "code": "27925-7",
              "display": "Hemoglobin.gastrointestinal [Presence] in Stool --7th specimen"
            }
          ]
        },
        "subject": {
          "reference": "Patient/Patient-1138",
          "display": "Donna Lynn Jones"
        },
        "context": {
          "reference": "Encounter/Encounter-456",
          "display": "Bayside Medical Group"
        },
        "effectiveDateTime": "2020-07-27T09:36:36-04:00",
        "performer": [
          {
            "reference": "Practitioner/Practitioner-2532",
            "display": "Chad Espinoza Potter MD"
          }
        ],
        "valueString": "NEGATIVE"
      },
      "request": {
        "method": "PUT",
        "url": "http://localhost:8080/cqf-ruler/baseDstu3/Observation/Observation-76599"
      }
    },
    {
      "resource": {
        "resourceType": "Observation",
        "id": "Observation-76600",
        "status": "final",
        "code": {
          "coding": [
            {
              "system": "http://loinc.org",
              "code": "8480-6",
              "display": "Systolic blood pressure"
            }
          ]
        },
        "subject": {
          "reference": "Patient/Patient-1138",
          "display": "Donna Lynn Jones"
        },
        "context": {
          "reference": "Encounter/Encounter-456",
          "display": "Bayside Medical Group"
        },
        "effectiveDateTime": "2020-07-27T09:36:36-04:00",
        "performer": [
          {
            "reference": "Practitioner/Practitioner-2532",
            "display": "Chad Espinoza Potter MD"
          }
        ],
        "valueQuantity": {
          "value": 143.91884985326766,
          "unit": "mmHg"
        }
      },
      "request": {
        "method": "PUT",
        "url": "http://localhost:8080/cqf-ruler/baseDstu3/Observation/Observation-76600"
      }
    },
    {
      "resource": {
        "resourceType": "Observation",
        "id": "Observation-76601",
        "status": "final",
        "code": {
          "coding": [
            {
              "system": "http://loinc.org",
              "code": "8462-4",
              "display": "Diastolic blood pressure"
            }
          ]
        },
        "subject": {
          "reference": "Patient/Patient-1138",
          "display": "Donna Lynn Jones"
        },
        "context": {
          "reference": "Encounter/Encounter-456",
          "display": "Bayside Medical Group"
        },
        "effectiveDateTime": "2020-07-27T09:36:36-04:00",
        "performer": [
          {
            "reference": "Practitioner/Practitioner-2532",
            "display": "Chad Espinoza Potter MD"
          }
        ],
        "valueQuantity": {
          "value": 65.48384612176307,
          "unit": "mmHg"
        }
      },
      "request": {
        "method": "PUT",
        "url": "http://localhost:8080/cqf-ruler/baseDstu3/Observation/Observation-76601"
      }
    },
    {
      "resource": {
        "resourceType": "Condition",
        "id": "Condition-76602",
        "clinicalStatus": "active",
        "verificationStatus": "confirmed",
        "code": {
          "coding": [
            {
              "system": "http://snomed.info/sct",
              "code": "276789009",
              "display": "Labile hypertension"
            }
          ]
        },
        "subject": {
          "reference": "Patient/Patient-1138",
          "display": "Donna Lynn Jones"
        },
        "context": {
          "reference": "Encounter/Encounter-456",
          "display": "Bayside Medical Group"
        },
        "onsetDateTime": "2020-07-27T09:36:36-04:00",
        "assertedDate": "2020-07-27T09:36:36-04:00",
        "asserter": {
          "reference": "Practitioner/Practitioner-2532",
          "display": "Chad Espinoza Potter MD"
        }
      },
      "request": {
        "method": "PUT",
        "url": "http://localhost:8080/cqf-ruler/baseDstu3/Condition/Condition-76602"
      }
    },
    {
      "resource": {
        "resourceType": "Procedure",
        "id": "Procedure-76603",
        "status": "completed",
        "code": {
          "coding": [
            {
              "system": "http://snomed.info/sct",
              "code": "43204002",
              "display": "Bilateral mammography (procedure)"
            }
          ]
        },
        "subject": {
          "reference": "Patient/Patient-1138",
          "display": "Donna Lynn Jones"
        },
        "context": {
          "reference": "Encounter/Encounter-456",
          "display": "Bayside Medical Group"
        },
        "performedPeriod": {
          "start": "2020-07-27T09:36:36-04:00",
          "end": "2020-07-27T09:36:36-04:00"
        },
        "performer": [
          {
            "actor": {
              "reference": "Practitioner/Practitioner-2532",
              "display": "Chad Espinoza Potter MD"
            }
          }
        ],
        "location": {
          "reference": "Location/Location-1105",
          "display": "Bayside Medical Group"
        }
      },
      "request": {
        "method": "PUT",
        "url": "http://localhost:8080/cqf-ruler/baseDstu3/Procedure/Procedure-76603"
      }
    },
    {
      "resource": {
        "resourceType": "Observation",
        "id": "Observation-76604",
        "status": "final",
        "code": {
          "coding": [
            {
              "system": "http://snomed.info/sct",
              "code": "168749009",
              "display": "Mammography normal (finding)"
            }
          ]
        },
        "subject": {
          "reference": "Patient/Patient-1138",
          "display": "Donna Lynn Jones"
        },
        "context": {
          "reference": "Encounter/Encounter-456",
          "display": "Bayside Medical Group"
        },
        "effectiveDateTime": "2020-07-27T09:36:36-04:00",
        "performer": [
          {
            "reference": "Practitioner/Practitioner-2532",
            "display": "Chad Espinoza Potter MD"
          }
        ],
        "valueString": "NEGATIVE"
      },
      "request": {
        "method": "PUT",
        "url": "http://localhost:8080/cqf-ruler/baseDstu3/Observation/Observation-76604"
      }
    },
    {
      "resource": {
        "resourceType": "DiagnosticReport",
        "id": "DiagnosticReport-76605",
        "status": "final",
        "code": {
          "coding": [
            {
              "system": "http://loinc.org",
              "code": "38855-3",
              "display": "Breast - left Mammogram true lateral"
            }
          ]
        },
        "subject": {
          "reference": "Patient/Patient-1138",
          "display": "Donna Lynn Jones"
        },
        "context": {
          "reference": "Encounter/Encounter-456",
          "display": "Bayside Medical Group"
        },
        "effectivePeriod": {
          "start": "2020-07-27T09:36:36-04:00",
          "end": "2020-07-27T09:36:36-04:00"
        },
        "result": [
          {
            "reference": "Observation/Observation-76604",
            "display": "No_Cancer_Detected"
          }
        ]
      },
      "request": {
        "method": "PUT",
        "url": "http://localhost:8080/cqf-ruler/baseDstu3/DiagnosticReport/DiagnosticReport-76605"
      }
    },
    {
      "resource": {
        "resourceType": "Procedure",
        "id": "Procedure-76606",
        "status": "completed",
        "code": {
          "coding": [
            {
              "system": "http://loinc.org",
              "code": "19762-4",
              "display": "General categories [interpretation] of Cervical or vaginal smear or scraping by Cyto stain"
            }
          ]
        },
        "subject": {
          "reference": "Patient/Patient-1138",
          "display": "Donna Lynn Jones"
        },
        "context": {
          "reference": "Encounter/Encounter-456",
          "display": "Bayside Medical Group"
        },
        "performedPeriod": {
          "start": "2020-07-27T09:36:36-04:00",
          "end": "2020-07-27T09:36:36-04:00"
        },
        "performer": [
          {
            "actor": {
              "reference": "Practitioner/Practitioner-2532",
              "display": "Chad Espinoza Potter MD"
            }
          }
        ],
        "location": {
          "reference": "Location/Location-1105",
          "display": "Bayside Medical Group"
        }
      },
      "request": {
        "method": "PUT",
        "url": "http://localhost:8080/cqf-ruler/baseDstu3/Procedure/Procedure-76606"
      }
    },
    {
      "resource": {
        "resourceType": "Observation",
        "id": "Observation-76607",
        "status": "final",
        "code": {
          "coding": [
            {
              "system": "http://snomed.info/sct",
              "code": "289829007",
              "display": "Normal uterine cervix (finding)"
            }
          ]
        },
        "subject": {
          "reference": "Patient/Patient-1138",
          "display": "Donna Lynn Jones"
        },
        "context": {
          "reference": "Encounter/Encounter-456",
          "display": "Bayside Medical Group"
        },
        "effectiveDateTime": "2020-07-27T09:36:36-04:00",
        "performer": [
          {
            "reference": "Practitioner/Practitioner-2532",
            "display": "Chad Espinoza Potter MD"
          }
        ],
        "valueString": "NEGATIVE"
      },
      "request": {
        "method": "PUT",
        "url": "http://localhost:8080/cqf-ruler/baseDstu3/Observation/Observation-76607"
      }
    },
    {
      "resource": {
        "resourceType": "DiagnosticReport",
        "id": "DiagnosticReport-76608",
        "status": "final",
        "code": {
          "coding": [
            {
              "system": "http://loinc.org",
              "code": "69259-0",
              "display": "Breast implant - right Mammogram diagnostic"
            }
          ]
        },
        "subject": {
          "reference": "Patient/Patient-1138",
          "display": "Donna Lynn Jones"
        },
        "context": {
          "reference": "Encounter/Encounter-456",
          "display": "Bayside Medical Group"
        },
        "effectivePeriod": {
          "start": "2020-07-27T09:36:36-04:00",
          "end": "2020-07-27T09:36:36-04:00"
        },
        "result": [
          {
            "reference": "Observation/Observation-76607",
            "display": "No_Cancer_Detected"
          }
        ]
      },
      "request": {
        "method": "PUT",
        "url": "http://localhost:8080/cqf-ruler/baseDstu3/DiagnosticReport/DiagnosticReport-76608"
      }
    },
    {
      "resource": {
        "resourceType": "Observation",
        "id": "Observation-76609",
        "status": "final",
        "category": [
          {
            "coding": [
              {
                "system": "http://hl7.org/fhir/observation-category",
                "code": "vital-signs",
                "display": "vital-signs"
              }
            ]
          }
        ],
        "code": {
          "coding": [
            {
              "system": "http://loinc.org",
              "code": "8716-3",
              "display": "Vital Signs Panel"
            }
          ]
        },
        "subject": {
          "reference": "Patient/Patient-1138",
          "display": "Donna Lynn Jones"
        },
        "context": {
          "reference": "Encounter/Encounter-456",
          "display": "Bayside Medical Group"
        },
        "effectivePeriod": {
          "start": "2020-07-27T09:36:36-04:00",
          "end": "2020-07-27T09:36:36-04:00"
        },
        "valueQuantity": {
          "value": 65.48384612176307,
          "unit": "mmHg"
        },
        "component": [
          {
            "code": {
              "coding": [
                {
                  "system": "http://loinc.org",
                  "code": "8302-2",
                  "display": "Height"
                }
              ]
            }
          },
          {
            "code": {
              "coding": [
                {
                  "system": "http://loinc.org",
                  "code": "29463-7",
                  "display": "Weight"
                }
              ]
            }
          },
          {
            "code": {
              "coding": [
                {
                  "system": "http://loinc.org",
                  "code": "39156-5",
                  "display": "BMI"
                }
              ]
            }
          },
          {
            "code": {
              "coding": [
                {
                  "system": "http://loinc.org",
                  "code": "8310-5",
                  "display": "Temperature"
                }
              ]
            }
          },
          {
            "code": {
              "coding": [
                {
                  "system": "http://loinc.org",
                  "code": "8459-0",
                  "display": "Systolic Blood Pressure"
                }
              ]
            }
          },
          {
            "code": {
              "coding": [
                {
                  "system": "http://loinc.org",
                  "code": "8453-3",
                  "display": "Diastolic Blood Pressure"
                }
              ]
            }
          }
        ]
      },
      "request": {
        "method": "PUT",
        "url": "http://localhost:8080/cqf-ruler/baseDstu3/Observation/Observation-76609"
      }
    }
  ]
}