{
  "resourceType": "Bundle",
  "type": "transaction",
  "entry": [
    {
      "resource": {
        "resourceType": "Encounter",
        "id": "Encounter-1106",
        "status": "finished",
        "class": {
          "system": "http://hl7.org/fhir/encounter-class",
          "code": "other",
          "display": "Other"
        },
        "subject": {
          "reference": "Patient/Patient-6517",
          "display": "Yolanda Dawn Miranda"
        },
        "participant": [
          {
            "period": {
              "start": "2027-11-22T09:36:36-05:00",
              "end": "2027-11-22T09:36:36-05:00"
            },
            "individual": {
              "reference": "Practitioner/Practitioner-2534",
              "display": "Pearl Rita Dawson MD"
            }
          }
        ],
        "period": {
          "start": "2027-11-22T09:36:36-05:00",
          "end": "2027-11-22T09:36:36-05:00"
        },
        "location": [
          {
            "location": {
              "reference": "Location/Location-1101",
              "display": "McKinley Health Center"
            }
          }
        ],
        "serviceProvider": {
          "reference": "Organization/Organization-1101",
          "display": "McKinley Health Center"
        }
      },
      "request": {
        "method": "PUT",
        "url": "http://localhost:8080/cqf-ruler/baseDstu3/Encounter/Encounter-1106"
      }
    },
    {
      "resource": {
        "resourceType": "Immunization",
        "id": "Immunization-240342",
        "status": "completed",
        "notGiven": false,
        "vaccineCode": {
          "coding": [
            {
              "system": "http://hl7.org/fhir/sid/cvx",
              "code": "140",
              "display": "Influenza, seasonal, injectable, preservative free"
            }
          ]
        },
        "patient": {
          "reference": "Patient/Patient-6517",
          "display": "Yolanda Dawn Miranda"
        },
        "date": "2027-11-16T09:36:36-05:00",
        "primarySource": true,
        "location": {
          "reference": "Location/Location-1101",
          "display": "McKinley Health Center"
        },
        "practitioner": [
          {
            "actor": {
              "reference": "Practitioner/Practitioner-2534",
              "display": "Pearl Rita Dawson MD"
            }
          }
        ]
      },
      "request": {
        "method": "PUT",
        "url": "http://localhost:8080/cqf-ruler/baseDstu3/Immunization/Immunization-240342"
      }
    },
    {
      "resource": {
        "resourceType": "Procedure",
        "id": "Procedure-266105",
        "status": "completed",
        "code": {
          "coding": [
            {
              "system": "http://loinc.org",
              "code": "57905-2",
              "display": "Hemoglobin.gastrointestinal [Presence] in Stool by Immunologic method --1st specimen"
            }
          ]
        },
        "subject": {
          "reference": "Patient/Patient-6517",
          "display": "Yolanda Dawn Miranda"
        },
        "context": {
          "reference": "Encounter/Encounter-1106",
          "display": "McKinley Health Center"
        },
        "performedPeriod": {
          "start": "2027-11-22T09:36:36-05:00",
          "end": "2027-11-22T09:36:36-05:00"
        },
        "performer": [
          {
            "actor": {
              "reference": "Practitioner/Practitioner-2534",
              "display": "Pearl Rita Dawson MD"
            }
          }
        ],
        "location": {
          "reference": "Location/Location-1101",
          "display": "McKinley Health Center"
        }
      },
      "request": {
        "method": "PUT",
        "url": "http://localhost:8080/cqf-ruler/baseDstu3/Procedure/Procedure-266105"
      }
    },
    {
      "resource": {
        "resourceType": "Observation",
        "id": "Observation-266106",
        "status": "final",
        "code": {
          "coding": [
            {
              "system": "http://loinc.org",
              "code": "58453-2",
              "display": "Hemoglobin.gastrointestinal [Mass/volume] in Stool by Immunologic method"
            }
          ]
        },
        "subject": {
          "reference": "Patient/Patient-6517",
          "display": "Yolanda Dawn Miranda"
        },
        "context": {
          "reference": "Encounter/Encounter-1106",
          "display": "McKinley Health Center"
        },
        "effectiveDateTime": "2027-11-22T09:36:36-05:00",
        "performer": [
          {
            "reference": "Practitioner/Practitioner-2534",
            "display": "Pearl Rita Dawson MD"
          }
        ],
        "valueString": "NEGATIVE"
      },
      "request": {
        "method": "PUT",
        "url": "http://localhost:8080/cqf-ruler/baseDstu3/Observation/Observation-266106"
      }
    },
    {
      "resource": {
        "resourceType": "Observation",
        "id": "Observation-266107",
        "status": "final",
        "code": {
          "coding": [
            {
              "system": "http://loinc.org",
              "code": "8480-6",
              "display": "Systolic blood pressure"
            }
          ]
        },
        "subject": {
          "reference": "Patient/Patient-6517",
          "display": "Yolanda Dawn Miranda"
        },
        "context": {
          "reference": "Encounter/Encounter-1106",
          "display": "McKinley Health Center"
        },
        "effectiveDateTime": "2027-11-22T09:36:36-05:00",
        "performer": [
          {
            "reference": "Practitioner/Practitioner-2534",
            "display": "Pearl Rita Dawson MD"
          }
        ],
        "valueQuantity": {
          "value": 134.35193525566493,
          "unit": "mmHg"
        }
      },
      "request": {
        "method": "PUT",
        "url": "http://localhost:8080/cqf-ruler/baseDstu3/Observation/Observation-266107"
      }
    },
    {
      "resource": {
        "resourceType": "Observation",
        "id": "Observation-266108",
        "status": "final",
        "code": {
          "coding": [
            {
              "system": "http://loinc.org",
              "code": "8462-4",
              "display": "Diastolic blood pressure"
            }
          ]
        },
        "subject": {
          "reference": "Patient/Patient-6517",
          "display": "Yolanda Dawn Miranda"
        },
        "context": {
          "reference": "Encounter/Encounter-1106",
          "display": "McKinley Health Center"
        },
        "effectiveDateTime": "2027-11-22T09:36:36-05:00",
        "performer": [
          {
            "reference": "Practitioner/Practitioner-2534",
            "display": "Pearl Rita Dawson MD"
          }
        ],
        "valueQuantity": {
          "value": 62.89048177302902,
          "unit": "mmHg"
        }
      },
      "request": {
        "method": "PUT",
        "url": "http://localhost:8080/cqf-ruler/baseDstu3/Observation/Observation-266108"
      }
    },
    {
      "resource": {
        "resourceType": "Procedure",
        "id": "Procedure-266109",
        "status": "completed",
        "code": {
          "coding": [
            {
              "system": "http://loinc.org",
              "code": "18500-9",
              "display": "Microscopic observation [Identifier] in Cervix by Cyto stain.thin prep"
            }
          ]
        },
        "subject": {
          "reference": "Patient/Patient-6517",
          "display": "Yolanda Dawn Miranda"
        },
        "context": {
          "reference": "Encounter/Encounter-1106",
          "display": "McKinley Health Center"
        },
        "performedPeriod": {
          "start": "2027-11-22T09:36:36-05:00",
          "end": "2027-11-22T09:36:36-05:00"
        },
        "performer": [
          {
            "actor": {
              "reference": "Practitioner/Practitioner-2534",
              "display": "Pearl Rita Dawson MD"
            }
          }
        ],
        "location": {
          "reference": "Location/Location-1101",
          "display": "McKinley Health Center"
        }
      },
      "request": {
        "method": "PUT",
        "url": "http://localhost:8080/cqf-ruler/baseDstu3/Procedure/Procedure-266109"
      }
    },
    {
      "resource": {
        "resourceType": "Observation",
        "id": "Observation-266110",
        "status": "final",
        "code": {
          "coding": [
            {
              "system": "http://snomed.info/sct",
              "code": "289829007",
              "display": "Normal uterine cervix (finding)"
            }
          ]
        },
        "subject": {
          "reference": "Patient/Patient-6517",
          "display": "Yolanda Dawn Miranda"
        },
        "context": {
          "reference": "Encounter/Encounter-1106",
          "display": "McKinley Health Center"
        },
        "effectiveDateTime": "2027-11-22T09:36:36-05:00",
        "performer": [
          {
            "reference": "Practitioner/Practitioner-2534",
            "display": "Pearl Rita Dawson MD"
          }
        ],
        "valueString": "NEGATIVE"
      },
      "request": {
        "method": "PUT",
        "url": "http://localhost:8080/cqf-ruler/baseDstu3/Observation/Observation-266110"
      }
    },
    {
      "resource": {
        "resourceType": "DiagnosticReport",
        "id": "DiagnosticReport-266111",
        "status": "final",
        "code": {
          "coding": [
            {
              "system": "http://loinc.org",
              "code": "37539-4",
              "display": "Breast Mammogram grid"
            }
          ]
        },
        "subject": {
          "reference": "Patient/Patient-6517",
          "display": "Yolanda Dawn Miranda"
        },
        "context": {
          "reference": "Encounter/Encounter-1106",
          "display": "McKinley Health Center"
        },
        "effectivePeriod": {
          "start": "2027-11-22T09:36:36-05:00",
          "end": "2027-11-22T09:36:36-05:00"
        },
        "result": [
          {
            "reference": "Observation/Observation-266110",
            "display": "No_Cancer_Detected"
          }
        ]
      },
      "request": {
        "method": "PUT",
        "url": "http://localhost:8080/cqf-ruler/baseDstu3/DiagnosticReport/DiagnosticReport-266111"
      }
    },
    {
      "resource": {
        "resourceType": "Observation",
        "id": "Observation-266112",
        "status": "final",
        "category": [
          {
            "coding": [
              {
                "system": "http://hl7.org/fhir/observation-category",
                "code": "vital-signs",
                "display": "vital-signs"
              }
            ]
          }
        ],
        "code": {
          "coding": [
            {
              "system": "http://loinc.org",
              "code": "8716-3",
              "display": "Vital Signs Panel"
            }
          ]
        },
        "subject": {
          "reference": "Patient/Patient-6517",
          "display": "Yolanda Dawn Miranda"
        },
        "context": {
          "reference": "Encounter/Encounter-1106",
          "display": "McKinley Health Center"
        },
        "effectivePeriod": {
          "start": "2027-11-22T09:36:36-05:00",
          "end": "2027-11-22T09:36:36-05:00"
        },
        "valueQuantity": {
          "value": 62.89048177302902,
          "unit": "mmHg"
        },
        "component": [
          {
            "code": {
              "coding": [
                {
                  "system": "http://loinc.org",
                  "code": "8302-2",
                  "display": "Height"
                }
              ]
            }
          },
          {
            "code": {
              "coding": [
                {
                  "system": "http://loinc.org",
                  "code": "29463-7",
                  "display": "Weight"
                }
              ]
            }
          },
          {
            "code": {
              "coding": [
                {
                  "system": "http://loinc.org",
                  "code": "39156-5",
                  "display": "BMI"
                }
              ]
            }
          },
          {
            "code": {
              "coding": [
                {
                  "system": "http://loinc.org",
                  "code": "8310-5",
                  "display": "Temperature"
                }
              ]
            }
          },
          {
            "code": {
              "coding": [
                {
                  "system": "http://loinc.org",
                  "code": "8459-0",
                  "display": "Systolic Blood Pressure"
                }
              ]
            }
          },
          {
            "code": {
              "coding": [
                {
                  "system": "http://loinc.org",
                  "code": "8453-3",
                  "display": "Diastolic Blood Pressure"
                }
              ]
            }
          }
        ]
      },
      "request": {
        "method": "PUT",
        "url": "http://localhost:8080/cqf-ruler/baseDstu3/Observation/Observation-266112"
      }
    }
  ]
}