{
  "resourceType": "Bundle",
  "type": "transaction",
  "entry": [
    {
      "resource": {
        "resourceType": "Encounter",
        "id": "Encounter-1050",
        "status": "finished",
        "class": {
          "system": "http://hl7.org/fhir/encounter-class",
          "code": "other",
          "display": "Other"
        },
        "subject": {
          "reference": "Patient/Patient-6524",
          "display": "Micheal Clarence McKee"
        },
        "participant": [
          {
            "period": {
              "start": "2027-05-03T09:36:36-04:00",
              "end": "2027-05-03T09:36:36-04:00"
            },
            "individual": {
              "reference": "Practitioner/Practitioner-2521",
              "display": "Heather Fuentes Guerra MD"
            }
          }
        ],
        "period": {
          "start": "2027-05-03T09:36:36-04:00",
          "end": "2027-05-03T09:36:36-04:00"
        },
        "location": [
          {
            "location": {
              "reference": "Location/Location-1106",
              "display": "Cranston Family Medical"
            }
          }
        ],
        "serviceProvider": {
          "reference": "Organization/Organization-1106",
          "display": "Cranston Family Medical"
        }
      },
      "request": {
        "method": "PUT",
        "url": "http://localhost:8080/cqf-ruler/baseDstu3/Encounter/Encounter-1050"
      }
    },
    {
      "resource": {
        "resourceType": "Immunization",
        "id": "Immunization-225241",
        "status": "completed",
        "notGiven": false,
        "vaccineCode": {
          "coding": [
            {
              "system": "http://hl7.org/fhir/sid/cvx",
              "code": "140",
              "display": "Influenza, seasonal, injectable, preservative free"
            }
          ]
        },
        "patient": {
          "reference": "Patient/Patient-6524",
          "display": "Micheal Clarence McKee"
        },
        "date": "2027-04-27T09:36:36-04:00",
        "primarySource": true,
        "location": {
          "reference": "Location/Location-1106",
          "display": "Cranston Family Medical"
        },
        "practitioner": [
          {
            "actor": {
              "reference": "Practitioner/Practitioner-2521",
              "display": "Heather Fuentes Guerra MD"
            }
          }
        ]
      },
      "request": {
        "method": "PUT",
        "url": "http://localhost:8080/cqf-ruler/baseDstu3/Immunization/Immunization-225241"
      }
    },
    {
      "resource": {
        "resourceType": "Immunization",
        "id": "Immunization-225242",
        "status": "completed",
        "notGiven": false,
        "vaccineCode": {
          "coding": [
            {
              "system": "http://hl7.org/fhir/sid/cvx",
              "code": "113",
              "display": "Td (adult) preservative free"
            }
          ]
        },
        "patient": {
          "reference": "Patient/Patient-6524",
          "display": "Micheal Clarence McKee"
        },
        "date": "2027-04-27T09:36:36-04:00",
        "primarySource": true,
        "location": {
          "reference": "Location/Location-1106",
          "display": "Cranston Family Medical"
        },
        "practitioner": [
          {
            "actor": {
              "reference": "Practitioner/Practitioner-2521",
              "display": "Heather Fuentes Guerra MD"
            }
          }
        ]
      },
      "request": {
        "method": "PUT",
        "url": "http://localhost:8080/cqf-ruler/baseDstu3/Immunization/Immunization-225242"
      }
    },
    {
      "resource": {
        "resourceType": "Immunization",
        "id": "Immunization-225243",
        "status": "completed",
        "notGiven": false,
        "vaccineCode": {
          "coding": [
            {
              "system": "http://hl7.org/fhir/sid/cvx",
              "code": "121",
              "display": "zoster"
            }
          ]
        },
        "patient": {
          "reference": "Patient/Patient-6524",
          "display": "Micheal Clarence McKee"
        },
        "date": "2027-04-27T09:36:36-04:00",
        "primarySource": true,
        "location": {
          "reference": "Location/Location-1106",
          "display": "Cranston Family Medical"
        },
        "practitioner": [
          {
            "actor": {
              "reference": "Practitioner/Practitioner-2521",
              "display": "Heather Fuentes Guerra MD"
            }
          }
        ]
      },
      "request": {
        "method": "PUT",
        "url": "http://localhost:8080/cqf-ruler/baseDstu3/Immunization/Immunization-225243"
      }
    },
    {
      "resource": {
        "resourceType": "Procedure",
        "id": "Procedure-251054",
        "status": "completed",
        "code": {
          "coding": [
            {
              "system": "http://loinc.org",
              "code": "27926-5",
              "display": "Hemoglobin.gastrointestinal [Presence] in Stool --8th specimen"
            }
          ]
        },
        "subject": {
          "reference": "Patient/Patient-6524",
          "display": "Micheal Clarence McKee"
        },
        "context": {
          "reference": "Encounter/Encounter-1050",
          "display": "Cranston Family Medical"
        },
        "performedPeriod": {
          "start": "2027-05-03T09:36:36-04:00",
          "end": "2027-05-03T09:36:36-04:00"
        },
        "performer": [
          {
            "actor": {
              "reference": "Practitioner/Practitioner-2521",
              "display": "Heather Fuentes Guerra MD"
            }
          }
        ],
        "location": {
          "reference": "Location/Location-1106",
          "display": "Cranston Family Medical"
        }
      },
      "request": {
        "method": "PUT",
        "url": "http://localhost:8080/cqf-ruler/baseDstu3/Procedure/Procedure-251054"
      }
    },
    {
      "resource": {
        "resourceType": "Observation",
        "id": "Observation-251055",
        "status": "final",
        "code": {
          "coding": [
            {
              "system": "http://loinc.org",
              "code": "27401-9",
              "display": "Hemoglobin.gastrointestinal [Presence] in Stool --6th specimen"
            }
          ]
        },
        "subject": {
          "reference": "Patient/Patient-6524",
          "display": "Micheal Clarence McKee"
        },
        "context": {
          "reference": "Encounter/Encounter-1050",
          "display": "Cranston Family Medical"
        },
        "effectiveDateTime": "2027-05-03T09:36:36-04:00",
        "performer": [
          {
            "reference": "Practitioner/Practitioner-2521",
            "display": "Heather Fuentes Guerra MD"
          }
        ],
        "valueString": "NEGATIVE"
      },
      "request": {
        "method": "PUT",
        "url": "http://localhost:8080/cqf-ruler/baseDstu3/Observation/Observation-251055"
      }
    },
    {
      "resource": {
        "resourceType": "Observation",
        "id": "Observation-251056",
        "status": "final",
        "code": {
          "coding": [
            {
              "system": "http://loinc.org",
              "code": "8480-6",
              "display": "Systolic blood pressure"
            }
          ]
        },
        "subject": {
          "reference": "Patient/Patient-6524",
          "display": "Micheal Clarence McKee"
        },
        "context": {
          "reference": "Encounter/Encounter-1050",
          "display": "Cranston Family Medical"
        },
        "effectiveDateTime": "2027-05-03T09:36:36-04:00",
        "performer": [
          {
            "reference": "Practitioner/Practitioner-2521",
            "display": "Heather Fuentes Guerra MD"
          }
        ],
        "valueQuantity": {
          "value": 123.88100720665071,
          "unit": "mmHg"
        }
      },
      "request": {
        "method": "PUT",
        "url": "http://localhost:8080/cqf-ruler/baseDstu3/Observation/Observation-251056"
      }
    },
    {
      "resource": {
        "resourceType": "Observation",
        "id": "Observation-251057",
        "status": "final",
        "code": {
          "coding": [
            {
              "system": "http://loinc.org",
              "code": "8462-4",
              "display": "Diastolic blood pressure"
            }
          ]
        },
        "subject": {
          "reference": "Patient/Patient-6524",
          "display": "Micheal Clarence McKee"
        },
        "context": {
          "reference": "Encounter/Encounter-1050",
          "display": "Cranston Family Medical"
        },
        "effectiveDateTime": "2027-05-03T09:36:36-04:00",
        "performer": [
          {
            "reference": "Practitioner/Practitioner-2521",
            "display": "Heather Fuentes Guerra MD"
          }
        ],
        "valueQuantity": {
          "value": 118.18237567408738,
          "unit": "mmHg"
        }
      },
      "request": {
        "method": "PUT",
        "url": "http://localhost:8080/cqf-ruler/baseDstu3/Observation/Observation-251057"
      }
    },
    {
      "resource": {
        "resourceType": "Condition",
        "id": "Condition-251058",
        "clinicalStatus": "active",
        "verificationStatus": "confirmed",
        "code": {
          "coding": [
            {
              "system": "http://snomed.info/sct",
              "code": "371125006",
              "display": "Labile essential hypertension"
            }
          ]
        },
        "subject": {
          "reference": "Patient/Patient-6524",
          "display": "Micheal Clarence McKee"
        },
        "context": {
          "reference": "Encounter/Encounter-1050",
          "display": "Cranston Family Medical"
        },
        "onsetDateTime": "2027-05-03T09:36:36-04:00",
        "assertedDate": "2027-05-03T09:36:36-04:00",
        "asserter": {
          "reference": "Practitioner/Practitioner-2521",
          "display": "Heather Fuentes Guerra MD"
        }
      },
      "request": {
        "method": "PUT",
        "url": "http://localhost:8080/cqf-ruler/baseDstu3/Condition/Condition-251058"
      }
    },
    {
      "resource": {
        "resourceType": "Observation",
        "id": "Observation-251059",
        "status": "final",
        "category": [
          {
            "coding": [
              {
                "system": "http://hl7.org/fhir/observation-category",
                "code": "vital-signs",
                "display": "vital-signs"
              }
            ]
          }
        ],
        "code": {
          "coding": [
            {
              "system": "http://loinc.org",
              "code": "8716-3",
              "display": "Vital Signs Panel"
            }
          ]
        },
        "subject": {
          "reference": "Patient/Patient-6524",
          "display": "Micheal Clarence McKee"
        },
        "context": {
          "reference": "Encounter/Encounter-1050",
          "display": "Cranston Family Medical"
        },
        "effectivePeriod": {
          "start": "2027-05-03T09:36:36-04:00",
          "end": "2027-05-03T09:36:36-04:00"
        },
        "valueQuantity": {
          "value": 118.18237567408738,
          "unit": "mmHg"
        },
        "component": [
          {
            "code": {
              "coding": [
                {
                  "system": "http://loinc.org",
                  "code": "8302-2",
                  "display": "Height"
                }
              ]
            }
          },
          {
            "code": {
              "coding": [
                {
                  "system": "http://loinc.org",
                  "code": "29463-7",
                  "display": "Weight"
                }
              ]
            }
          },
          {
            "code": {
              "coding": [
                {
                  "system": "http://loinc.org",
                  "code": "39156-5",
                  "display": "BMI"
                }
              ]
            }
          },
          {
            "code": {
              "coding": [
                {
                  "system": "http://loinc.org",
                  "code": "8310-5",
                  "display": "Temperature"
                }
              ]
            }
          },
          {
            "code": {
              "coding": [
                {
                  "system": "http://loinc.org",
                  "code": "8459-0",
                  "display": "Systolic Blood Pressure"
                }
              ]
            }
          },
          {
            "code": {
              "coding": [
                {
                  "system": "http://loinc.org",
                  "code": "8453-3",
                  "display": "Diastolic Blood Pressure"
                }
              ]
            }
          }
        ]
      },
      "request": {
        "method": "PUT",
        "url": "http://localhost:8080/cqf-ruler/baseDstu3/Observation/Observation-251059"
      }
    }
  ]
}