{
  "resourceType": "Bundle",
  "type": "transaction",
  "entry": [
    {
      "resource": {
        "resourceType": "Encounter",
        "id": "Encounter-220",
        "status": "finished",
        "class": {
          "system": "http://hl7.org/fhir/encounter-class",
          "code": "other",
          "display": "Other"
        },
        "subject": {
          "reference": "Patient/Patient-6540",
          "display": "Helen Marjorie Medina"
        },
        "participant": [
          {
            "period": {
              "start": "2019-10-21T09:36:36-04:00",
              "end": "2019-10-21T09:36:36-04:00"
            },
            "individual": {
              "reference": "Practitioner/Practitioner-2517",
              "display": "Cathy Shannon Warner MD"
            }
          }
        ],
        "period": {
          "start": "2019-10-21T09:36:36-04:00",
          "end": "2019-10-21T09:36:36-04:00"
        },
        "location": [
          {
            "location": {
              "reference": "Location/Location-1102",
              "display": "Pediatric and Adult Medicine"
            }
          }
        ],
        "serviceProvider": {
          "reference": "Organization/Organization-1102",
          "display": "Pediatric and Adult Medicine"
        }
      },
      "request": {
        "method": "PUT",
        "url": "http://localhost:8080/cqf-ruler/baseDstu3/Encounter/Encounter-220"
      }
    },
    {
      "resource": {
        "resourceType": "Immunization",
        "id": "Immunization-1028",
        "status": "completed",
        "notGiven": false,
        "vaccineCode": {
          "coding": [
            {
              "system": "http://hl7.org/fhir/sid/cvx",
              "code": "140",
              "display": "Influenza, seasonal, injectable, preservative free"
            }
          ]
        },
        "patient": {
          "reference": "Patient/Patient-6540",
          "display": "Helen Marjorie Medina"
        },
        "date": "2019-10-17T09:36:36-04:00",
        "primarySource": true,
        "location": {
          "reference": "Location/Location-1102",
          "display": "Pediatric and Adult Medicine"
        },
        "practitioner": [
          {
            "actor": {
              "reference": "Practitioner/Practitioner-2517",
              "display": "Cathy Shannon Warner MD"
            }
          }
        ]
      },
      "request": {
        "method": "PUT",
        "url": "http://localhost:8080/cqf-ruler/baseDstu3/Immunization/Immunization-1028"
      }
    },
    {
      "resource": {
        "resourceType": "Immunization",
        "id": "Immunization-1029",
        "status": "completed",
        "notGiven": false,
        "vaccineCode": {
          "coding": [
            {
              "system": "http://hl7.org/fhir/sid/cvx",
              "code": "113",
              "display": "Td (adult) preservative free"
            }
          ]
        },
        "patient": {
          "reference": "Patient/Patient-6540",
          "display": "Helen Marjorie Medina"
        },
        "date": "2019-10-17T09:36:36-04:00",
        "primarySource": true,
        "location": {
          "reference": "Location/Location-1102",
          "display": "Pediatric and Adult Medicine"
        },
        "practitioner": [
          {
            "actor": {
              "reference": "Practitioner/Practitioner-2517",
              "display": "Cathy Shannon Warner MD"
            }
          }
        ]
      },
      "request": {
        "method": "PUT",
        "url": "http://localhost:8080/cqf-ruler/baseDstu3/Immunization/Immunization-1029"
      }
    },
    {
      "resource": {
        "resourceType": "Procedure",
        "id": "Procedure-57053",
        "status": "completed",
        "code": {
          "coding": [
            {
              "system": "http://loinc.org",
              "code": "29771-3",
              "display": "Hemoglobin.gastrointestinal [Presence] in Stool by Immunologic method"
            }
          ]
        },
        "subject": {
          "reference": "Patient/Patient-6540",
          "display": "Helen Marjorie Medina"
        },
        "context": {
          "reference": "Encounter/Encounter-220",
          "display": "Pediatric and Adult Medicine"
        },
        "performedPeriod": {
          "start": "2019-10-21T09:36:36-04:00",
          "end": "2019-10-21T09:36:36-04:00"
        },
        "performer": [
          {
            "actor": {
              "reference": "Practitioner/Practitioner-2517",
              "display": "Cathy Shannon Warner MD"
            }
          }
        ],
        "location": {
          "reference": "Location/Location-1102",
          "display": "Pediatric and Adult Medicine"
        }
      },
      "request": {
        "method": "PUT",
        "url": "http://localhost:8080/cqf-ruler/baseDstu3/Procedure/Procedure-57053"
      }
    },
    {
      "resource": {
        "resourceType": "Observation",
        "id": "Observation-57054",
        "status": "final",
        "code": {
          "coding": [
            {
              "system": "http://loinc.org",
              "code": "14565-6",
              "display": "Hemoglobin.gastrointestinal [Presence] in Stool --3rd specimen"
            }
          ]
        },
        "subject": {
          "reference": "Patient/Patient-6540",
          "display": "Helen Marjorie Medina"
        },
        "context": {
          "reference": "Encounter/Encounter-220",
          "display": "Pediatric and Adult Medicine"
        },
        "effectiveDateTime": "2019-10-21T09:36:36-04:00",
        "performer": [
          {
            "reference": "Practitioner/Practitioner-2517",
            "display": "Cathy Shannon Warner MD"
          }
        ],
        "valueString": "NEGATIVE"
      },
      "request": {
        "method": "PUT",
        "url": "http://localhost:8080/cqf-ruler/baseDstu3/Observation/Observation-57054"
      }
    },
    {
      "resource": {
        "resourceType": "Observation",
        "id": "Observation-57055",
        "status": "final",
        "code": {
          "coding": [
            {
              "system": "http://loinc.org",
              "code": "8480-6",
              "display": "Systolic blood pressure"
            }
          ]
        },
        "subject": {
          "reference": "Patient/Patient-6540",
          "display": "Helen Marjorie Medina"
        },
        "context": {
          "reference": "Encounter/Encounter-220",
          "display": "Pediatric and Adult Medicine"
        },
        "effectiveDateTime": "2019-10-21T09:36:36-04:00",
        "performer": [
          {
            "reference": "Practitioner/Practitioner-2517",
            "display": "Cathy Shannon Warner MD"
          }
        ],
        "valueQuantity": {
          "value": 152.64692265914974,
          "unit": "mmHg"
        }
      },
      "request": {
        "method": "PUT",
        "url": "http://localhost:8080/cqf-ruler/baseDstu3/Observation/Observation-57055"
      }
    },
    {
      "resource": {
        "resourceType": "Observation",
        "id": "Observation-57056",
        "status": "final",
        "code": {
          "coding": [
            {
              "system": "http://loinc.org",
              "code": "8462-4",
              "display": "Diastolic blood pressure"
            }
          ]
        },
        "subject": {
          "reference": "Patient/Patient-6540",
          "display": "Helen Marjorie Medina"
        },
        "context": {
          "reference": "Encounter/Encounter-220",
          "display": "Pediatric and Adult Medicine"
        },
        "effectiveDateTime": "2019-10-21T09:36:36-04:00",
        "performer": [
          {
            "reference": "Practitioner/Practitioner-2517",
            "display": "Cathy Shannon Warner MD"
          }
        ],
        "valueQuantity": {
          "value": 115.09077245748672,
          "unit": "mmHg"
        }
      },
      "request": {
        "method": "PUT",
        "url": "http://localhost:8080/cqf-ruler/baseDstu3/Observation/Observation-57056"
      }
    },
    {
      "resource": {
        "resourceType": "Condition",
        "id": "Condition-57057",
        "clinicalStatus": "active",
        "verificationStatus": "confirmed",
        "code": {
          "coding": [
            {
              "system": "http://snomed.info/sct",
              "code": "371125006",
              "display": "Labile essential hypertension"
            }
          ]
        },
        "subject": {
          "reference": "Patient/Patient-6540",
          "display": "Helen Marjorie Medina"
        },
        "context": {
          "reference": "Encounter/Encounter-220",
          "display": "Pediatric and Adult Medicine"
        },
        "onsetDateTime": "2019-10-21T09:36:36-04:00",
        "assertedDate": "2019-10-21T09:36:36-04:00",
        "asserter": {
          "reference": "Practitioner/Practitioner-2517",
          "display": "Cathy Shannon Warner MD"
        }
      },
      "request": {
        "method": "PUT",
        "url": "http://localhost:8080/cqf-ruler/baseDstu3/Condition/Condition-57057"
      }
    },
    {
      "resource": {
        "resourceType": "Procedure",
        "id": "Procedure-57058",
        "status": "completed",
        "code": {
          "coding": [
            {
              "system": "http://snomed.info/sct",
              "code": "43204002",
              "display": "Bilateral mammography (procedure)"
            }
          ]
        },
        "subject": {
          "reference": "Patient/Patient-6540",
          "display": "Helen Marjorie Medina"
        },
        "context": {
          "reference": "Encounter/Encounter-220",
          "display": "Pediatric and Adult Medicine"
        },
        "performedPeriod": {
          "start": "2019-10-21T09:36:36-04:00",
          "end": "2019-10-21T09:36:36-04:00"
        },
        "performer": [
          {
            "actor": {
              "reference": "Practitioner/Practitioner-2517",
              "display": "Cathy Shannon Warner MD"
            }
          }
        ],
        "location": {
          "reference": "Location/Location-1102",
          "display": "Pediatric and Adult Medicine"
        }
      },
      "request": {
        "method": "PUT",
        "url": "http://localhost:8080/cqf-ruler/baseDstu3/Procedure/Procedure-57058"
      }
    },
    {
      "resource": {
        "resourceType": "Observation",
        "id": "Observation-57059",
        "status": "final",
        "code": {
          "coding": [
            {
              "system": "http://snomed.info/sct",
              "code": "168749009",
              "display": "Mammography normal (finding)"
            }
          ]
        },
        "subject": {
          "reference": "Patient/Patient-6540",
          "display": "Helen Marjorie Medina"
        },
        "context": {
          "reference": "Encounter/Encounter-220",
          "display": "Pediatric and Adult Medicine"
        },
        "effectiveDateTime": "2019-10-21T09:36:36-04:00",
        "performer": [
          {
            "reference": "Practitioner/Practitioner-2517",
            "display": "Cathy Shannon Warner MD"
          }
        ],
        "valueString": "NEGATIVE"
      },
      "request": {
        "method": "PUT",
        "url": "http://localhost:8080/cqf-ruler/baseDstu3/Observation/Observation-57059"
      }
    },
    {
      "resource": {
        "resourceType": "DiagnosticReport",
        "id": "DiagnosticReport-57060",
        "status": "final",
        "code": {
          "coding": [
            {
              "system": "http://loinc.org",
              "code": "69259-0",
              "display": "Breast implant - right Mammogram diagnostic"
            }
          ]
        },
        "subject": {
          "reference": "Patient/Patient-6540",
          "display": "Helen Marjorie Medina"
        },
        "context": {
          "reference": "Encounter/Encounter-220",
          "display": "Pediatric and Adult Medicine"
        },
        "effectivePeriod": {
          "start": "2019-10-21T09:36:36-04:00",
          "end": "2019-10-21T09:36:36-04:00"
        },
        "result": [
          {
            "reference": "Observation/Observation-57059",
            "display": "No_Cancer_Detected"
          }
        ]
      },
      "request": {
        "method": "PUT",
        "url": "http://localhost:8080/cqf-ruler/baseDstu3/DiagnosticReport/DiagnosticReport-57060"
      }
    },
    {
      "resource": {
        "resourceType": "Procedure",
        "id": "Procedure-57061",
        "status": "completed",
        "code": {
          "coding": [
            {
              "system": "http://loinc.org",
              "code": "10524-7",
              "display": "Microscopic observation [Identifier] in Cervix by Cyto stain"
            }
          ]
        },
        "subject": {
          "reference": "Patient/Patient-6540",
          "display": "Helen Marjorie Medina"
        },
        "context": {
          "reference": "Encounter/Encounter-220",
          "display": "Pediatric and Adult Medicine"
        },
        "performedPeriod": {
          "start": "2019-10-21T09:36:36-04:00",
          "end": "2019-10-21T09:36:36-04:00"
        },
        "performer": [
          {
            "actor": {
              "reference": "Practitioner/Practitioner-2517",
              "display": "Cathy Shannon Warner MD"
            }
          }
        ],
        "location": {
          "reference": "Location/Location-1102",
          "display": "Pediatric and Adult Medicine"
        }
      },
      "request": {
        "method": "PUT",
        "url": "http://localhost:8080/cqf-ruler/baseDstu3/Procedure/Procedure-57061"
      }
    },
    {
      "resource": {
        "resourceType": "Observation",
        "id": "Observation-57062",
        "status": "final",
        "code": {
          "coding": [
            {
              "system": "http://snomed.info/sct",
              "code": "289829007",
              "display": "Normal uterine cervix (finding)"
            }
          ]
        },
        "subject": {
          "reference": "Patient/Patient-6540",
          "display": "Helen Marjorie Medina"
        },
        "context": {
          "reference": "Encounter/Encounter-220",
          "display": "Pediatric and Adult Medicine"
        },
        "effectiveDateTime": "2019-10-21T09:36:36-04:00",
        "performer": [
          {
            "reference": "Practitioner/Practitioner-2517",
            "display": "Cathy Shannon Warner MD"
          }
        ],
        "valueString": "NEGATIVE"
      },
      "request": {
        "method": "PUT",
        "url": "http://localhost:8080/cqf-ruler/baseDstu3/Observation/Observation-57062"
      }
    },
    {
      "resource": {
        "resourceType": "DiagnosticReport",
        "id": "DiagnosticReport-57063",
        "status": "final",
        "code": {
          "coding": [
            {
              "system": "http://loinc.org",
              "code": "48475-8",
              "display": "Breast implant - bilateral Mammogram diagnostic"
            }
          ]
        },
        "subject": {
          "reference": "Patient/Patient-6540",
          "display": "Helen Marjorie Medina"
        },
        "context": {
          "reference": "Encounter/Encounter-220",
          "display": "Pediatric and Adult Medicine"
        },
        "effectivePeriod": {
          "start": "2019-10-21T09:36:36-04:00",
          "end": "2019-10-21T09:36:36-04:00"
        },
        "result": [
          {
            "reference": "Observation/Observation-57062",
            "display": "No_Cancer_Detected"
          }
        ]
      },
      "request": {
        "method": "PUT",
        "url": "http://localhost:8080/cqf-ruler/baseDstu3/DiagnosticReport/DiagnosticReport-57063"
      }
    },
    {
      "resource": {
        "resourceType": "Observation",
        "id": "Observation-57064",
        "status": "final",
        "category": [
          {
            "coding": [
              {
                "system": "http://hl7.org/fhir/observation-category",
                "code": "vital-signs",
                "display": "vital-signs"
              }
            ]
          }
        ],
        "code": {
          "coding": [
            {
              "system": "http://loinc.org",
              "code": "8716-3",
              "display": "Vital Signs Panel"
            }
          ]
        },
        "subject": {
          "reference": "Patient/Patient-6540",
          "display": "Helen Marjorie Medina"
        },
        "context": {
          "reference": "Encounter/Encounter-220",
          "display": "Pediatric and Adult Medicine"
        },
        "effectivePeriod": {
          "start": "2019-10-21T09:36:36-04:00",
          "end": "2019-10-21T09:36:36-04:00"
        },
        "valueQuantity": {
          "value": 115.09077245748672,
          "unit": "mmHg"
        },
        "component": [
          {
            "code": {
              "coding": [
                {
                  "system": "http://loinc.org",
                  "code": "8302-2",
                  "display": "Height"
                }
              ]
            }
          },
          {
            "code": {
              "coding": [
                {
                  "system": "http://loinc.org",
                  "code": "29463-7",
                  "display": "Weight"
                }
              ]
            }
          },
          {
            "code": {
              "coding": [
                {
                  "system": "http://loinc.org",
                  "code": "39156-5",
                  "display": "BMI"
                }
              ]
            }
          },
          {
            "code": {
              "coding": [
                {
                  "system": "http://loinc.org",
                  "code": "8310-5",
                  "display": "Temperature"
                }
              ]
            }
          },
          {
            "code": {
              "coding": [
                {
                  "system": "http://loinc.org",
                  "code": "8459-0",
                  "display": "Systolic Blood Pressure"
                }
              ]
            }
          },
          {
            "code": {
              "coding": [
                {
                  "system": "http://loinc.org",
                  "code": "8453-3",
                  "display": "Diastolic Blood Pressure"
                }
              ]
            }
          }
        ]
      },
      "request": {
        "method": "PUT",
        "url": "http://localhost:8080/cqf-ruler/baseDstu3/Observation/Observation-57064"
      }
    }
  ]
}