{
  "resourceType": "Bundle",
  "type": "transaction",
  "entry": [
    {
      "resource": {
        "resourceType": "Encounter",
        "id": "Encounter-1028",
        "status": "finished",
        "class": {
          "system": "http://hl7.org/fhir/encounter-class",
          "code": "other",
          "display": "Other"
        },
        "subject": {
          "reference": "Patient/Patient-6483",
          "display": "Terrance Clyde Richard"
        },
        "participant": [
          {
            "period": {
              "start": "2027-01-18T09:36:36-05:00",
              "end": "2027-01-18T09:36:36-05:00"
            },
            "individual": {
              "reference": "Practitioner/Practitioner-2520",
              "display": "Kimberly Christy Ashley MD"
            }
          }
        ],
        "period": {
          "start": "2027-01-18T09:36:36-05:00",
          "end": "2027-01-18T09:36:36-05:00"
        },
        "location": [
          {
            "location": {
              "reference": "Location/Location-1105",
              "display": "Bayside Medical Group"
            }
          }
        ],
        "serviceProvider": {
          "reference": "Organization/Organization-1105",
          "display": "Bayside Medical Group"
        }
      },
      "request": {
        "method": "PUT",
        "url": "http://localhost:8080/cqf-ruler/baseDstu3/Encounter/Encounter-1028"
      }
    },
    {
      "resource": {
        "resourceType": "Immunization",
        "id": "Immunization-218800",
        "status": "completed",
        "notGiven": false,
        "vaccineCode": {
          "coding": [
            {
              "system": "http://hl7.org/fhir/sid/cvx",
              "code": "140",
              "display": "Influenza, seasonal, injectable, preservative free"
            }
          ]
        },
        "patient": {
          "reference": "Patient/Patient-6483",
          "display": "Terrance Clyde Richard"
        },
        "date": "2027-01-12T09:36:36-05:00",
        "primarySource": true,
        "location": {
          "reference": "Location/Location-1105",
          "display": "Bayside Medical Group"
        },
        "practitioner": [
          {
            "actor": {
              "reference": "Practitioner/Practitioner-2520",
              "display": "Kimberly Christy Ashley MD"
            }
          }
        ]
      },
      "request": {
        "method": "PUT",
        "url": "http://localhost:8080/cqf-ruler/baseDstu3/Immunization/Immunization-218800"
      }
    },
    {
      "resource": {
        "resourceType": "Observation",
        "id": "Observation-244595",
        "status": "final",
        "code": {
          "coding": [
            {
              "system": "http://loinc.org",
              "code": "8480-6",
              "display": "Systolic blood pressure"
            }
          ]
        },
        "subject": {
          "reference": "Patient/Patient-6483",
          "display": "Terrance Clyde Richard"
        },
        "context": {
          "reference": "Encounter/Encounter-1028",
          "display": "Bayside Medical Group"
        },
        "effectiveDateTime": "2027-01-18T09:36:36-05:00",
        "performer": [
          {
            "reference": "Practitioner/Practitioner-2520",
            "display": "Kimberly Christy Ashley MD"
          }
        ],
        "valueQuantity": {
          "value": 158.43825880012798,
          "unit": "mmHg"
        }
      },
      "request": {
        "method": "PUT",
        "url": "http://localhost:8080/cqf-ruler/baseDstu3/Observation/Observation-244595"
      }
    },
    {
      "resource": {
        "resourceType": "Observation",
        "id": "Observation-244596",
        "status": "final",
        "code": {
          "coding": [
            {
              "system": "http://loinc.org",
              "code": "8462-4",
              "display": "Diastolic blood pressure"
            }
          ]
        },
        "subject": {
          "reference": "Patient/Patient-6483",
          "display": "Terrance Clyde Richard"
        },
        "context": {
          "reference": "Encounter/Encounter-1028",
          "display": "Bayside Medical Group"
        },
        "effectiveDateTime": "2027-01-18T09:36:36-05:00",
        "performer": [
          {
            "reference": "Practitioner/Practitioner-2520",
            "display": "Kimberly Christy Ashley MD"
          }
        ],
        "valueQuantity": {
          "value": 102.21532281748752,
          "unit": "mmHg"
        }
      },
      "request": {
        "method": "PUT",
        "url": "http://localhost:8080/cqf-ruler/baseDstu3/Observation/Observation-244596"
      }
    },
    {
      "resource": {
        "resourceType": "Condition",
        "id": "Condition-244597",
        "clinicalStatus": "active",
        "verificationStatus": "confirmed",
        "code": {
          "coding": [
            {
              "system": "http://snomed.info/sct",
              "code": "276789009",
              "display": "Labile hypertension"
            }
          ]
        },
        "subject": {
          "reference": "Patient/Patient-6483",
          "display": "Terrance Clyde Richard"
        },
        "context": {
          "reference": "Encounter/Encounter-1028",
          "display": "Bayside Medical Group"
        },
        "onsetDateTime": "2027-01-18T09:36:36-05:00",
        "assertedDate": "2027-01-18T09:36:36-05:00",
        "asserter": {
          "reference": "Practitioner/Practitioner-2520",
          "display": "Kimberly Christy Ashley MD"
        }
      },
      "request": {
        "method": "PUT",
        "url": "http://localhost:8080/cqf-ruler/baseDstu3/Condition/Condition-244597"
      }
    },
    {
      "resource": {
        "resourceType": "Observation",
        "id": "Observation-244598",
        "status": "final",
        "category": [
          {
            "coding": [
              {
                "system": "http://hl7.org/fhir/observation-category",
                "code": "vital-signs",
                "display": "vital-signs"
              }
            ]
          }
        ],
        "code": {
          "coding": [
            {
              "system": "http://loinc.org",
              "code": "8716-3",
              "display": "Vital Signs Panel"
            }
          ]
        },
        "subject": {
          "reference": "Patient/Patient-6483",
          "display": "Terrance Clyde Richard"
        },
        "context": {
          "reference": "Encounter/Encounter-1028",
          "display": "Bayside Medical Group"
        },
        "effectivePeriod": {
          "start": "2027-01-18T09:36:36-05:00",
          "end": "2027-01-18T09:36:36-05:00"
        },
        "valueQuantity": {
          "value": 102.21532281748752,
          "unit": "mmHg"
        },
        "component": [
          {
            "code": {
              "coding": [
                {
                  "system": "http://loinc.org",
                  "code": "8302-2",
                  "display": "Height"
                }
              ]
            }
          },
          {
            "code": {
              "coding": [
                {
                  "system": "http://loinc.org",
                  "code": "29463-7",
                  "display": "Weight"
                }
              ]
            }
          },
          {
            "code": {
              "coding": [
                {
                  "system": "http://loinc.org",
                  "code": "39156-5",
                  "display": "BMI"
                }
              ]
            }
          },
          {
            "code": {
              "coding": [
                {
                  "system": "http://loinc.org",
                  "code": "8310-5",
                  "display": "Temperature"
                }
              ]
            }
          },
          {
            "code": {
              "coding": [
                {
                  "system": "http://loinc.org",
                  "code": "8459-0",
                  "display": "Systolic Blood Pressure"
                }
              ]
            }
          },
          {
            "code": {
              "coding": [
                {
                  "system": "http://loinc.org",
                  "code": "8453-3",
                  "display": "Diastolic Blood Pressure"
                }
              ]
            }
          }
        ]
      },
      "request": {
        "method": "PUT",
        "url": "http://localhost:8080/cqf-ruler/baseDstu3/Observation/Observation-244598"
      }
    }
  ]
}