{
  "resourceType": "Bundle",
  "type": "transaction",
  "entry": [
    {
      "resource": {
        "resourceType": "Encounter",
        "id": "Encounter-532",
        "status": "finished",
        "class": {
          "system": "http://hl7.org/fhir/encounter-class",
          "code": "other",
          "display": "Other"
        },
        "subject": {
          "reference": "Patient/Patient-6496",
          "display": "Ramon Combs Payne"
        },
        "participant": [
          {
            "period": {
              "start": "2021-05-03T09:36:36-04:00",
              "end": "2021-05-03T09:36:36-04:00"
            },
            "individual": {
              "reference": "Practitioner/Practitioner-2533",
              "display": "Lena Dickerson Ballard MD"
            }
          }
        ],
        "period": {
          "start": "2021-05-03T09:36:36-04:00",
          "end": "2021-05-03T09:36:36-04:00"
        },
        "location": [
          {
            "location": {
              "reference": "Location/Location-1106",
              "display": "Cranston Family Medical"
            }
          }
        ],
        "serviceProvider": {
          "reference": "Organization/Organization-1106",
          "display": "Cranston Family Medical"
        }
      },
      "request": {
        "method": "PUT",
        "url": "http://localhost:8080/cqf-ruler/baseDstu3/Encounter/Encounter-532"
      }
    },
    {
      "resource": {
        "resourceType": "Immunization",
        "id": "Immunization-70104",
        "status": "completed",
        "notGiven": false,
        "vaccineCode": {
          "coding": [
            {
              "system": "http://hl7.org/fhir/sid/cvx",
              "code": "140",
              "display": "Influenza, seasonal, injectable, preservative free"
            }
          ]
        },
        "patient": {
          "reference": "Patient/Patient-6496",
          "display": "Ramon Combs Payne"
        },
        "date": "2021-04-27T09:36:36-04:00",
        "primarySource": true,
        "location": {
          "reference": "Location/Location-1106",
          "display": "Cranston Family Medical"
        },
        "practitioner": [
          {
            "actor": {
              "reference": "Practitioner/Practitioner-2533",
              "display": "Lena Dickerson Ballard MD"
            }
          }
        ]
      },
      "request": {
        "method": "PUT",
        "url": "http://localhost:8080/cqf-ruler/baseDstu3/Immunization/Immunization-70104"
      }
    },
    {
      "resource": {
        "resourceType": "Observation",
        "id": "Observation-96157",
        "status": "final",
        "code": {
          "coding": [
            {
              "system": "http://loinc.org",
              "code": "8480-6",
              "display": "Systolic blood pressure"
            }
          ]
        },
        "subject": {
          "reference": "Patient/Patient-6496",
          "display": "Ramon Combs Payne"
        },
        "context": {
          "reference": "Encounter/Encounter-532",
          "display": "Cranston Family Medical"
        },
        "effectiveDateTime": "2021-05-03T09:36:36-04:00",
        "performer": [
          {
            "reference": "Practitioner/Practitioner-2533",
            "display": "Lena Dickerson Ballard MD"
          }
        ],
        "valueQuantity": {
          "value": 170.50230800270853,
          "unit": "mmHg"
        }
      },
      "request": {
        "method": "PUT",
        "url": "http://localhost:8080/cqf-ruler/baseDstu3/Observation/Observation-96157"
      }
    },
    {
      "resource": {
        "resourceType": "Observation",
        "id": "Observation-96158",
        "status": "final",
        "code": {
          "coding": [
            {
              "system": "http://loinc.org",
              "code": "8462-4",
              "display": "Diastolic blood pressure"
            }
          ]
        },
        "subject": {
          "reference": "Patient/Patient-6496",
          "display": "Ramon Combs Payne"
        },
        "context": {
          "reference": "Encounter/Encounter-532",
          "display": "Cranston Family Medical"
        },
        "effectiveDateTime": "2021-05-03T09:36:36-04:00",
        "performer": [
          {
            "reference": "Practitioner/Practitioner-2533",
            "display": "Lena Dickerson Ballard MD"
          }
        ],
        "valueQuantity": {
          "value": 78.25348750212261,
          "unit": "mmHg"
        }
      },
      "request": {
        "method": "PUT",
        "url": "http://localhost:8080/cqf-ruler/baseDstu3/Observation/Observation-96158"
      }
    },
    {
      "resource": {
        "resourceType": "Condition",
        "id": "Condition-96159",
        "clinicalStatus": "active",
        "verificationStatus": "confirmed",
        "code": {
          "coding": [
            {
              "system": "http://snomed.info/sct",
              "code": "10725009",
              "display": "Benign hypertension"
            }
          ]
        },
        "subject": {
          "reference": "Patient/Patient-6496",
          "display": "Ramon Combs Payne"
        },
        "context": {
          "reference": "Encounter/Encounter-532",
          "display": "Cranston Family Medical"
        },
        "onsetDateTime": "2021-05-03T09:36:36-04:00",
        "assertedDate": "2021-05-03T09:36:36-04:00",
        "asserter": {
          "reference": "Practitioner/Practitioner-2533",
          "display": "Lena Dickerson Ballard MD"
        }
      },
      "request": {
        "method": "PUT",
        "url": "http://localhost:8080/cqf-ruler/baseDstu3/Condition/Condition-96159"
      }
    },
    {
      "resource": {
        "resourceType": "Observation",
        "id": "Observation-96160",
        "status": "final",
        "category": [
          {
            "coding": [
              {
                "system": "http://hl7.org/fhir/observation-category",
                "code": "vital-signs",
                "display": "vital-signs"
              }
            ]
          }
        ],
        "code": {
          "coding": [
            {
              "system": "http://loinc.org",
              "code": "8716-3",
              "display": "Vital Signs Panel"
            }
          ]
        },
        "subject": {
          "reference": "Patient/Patient-6496",
          "display": "Ramon Combs Payne"
        },
        "context": {
          "reference": "Encounter/Encounter-532",
          "display": "Cranston Family Medical"
        },
        "effectivePeriod": {
          "start": "2021-05-03T09:36:36-04:00",
          "end": "2021-05-03T09:36:36-04:00"
        },
        "valueQuantity": {
          "value": 78.25348750212261,
          "unit": "mmHg"
        },
        "component": [
          {
            "code": {
              "coding": [
                {
                  "system": "http://loinc.org",
                  "code": "8302-2",
                  "display": "Height"
                }
              ]
            }
          },
          {
            "code": {
              "coding": [
                {
                  "system": "http://loinc.org",
                  "code": "29463-7",
                  "display": "Weight"
                }
              ]
            }
          },
          {
            "code": {
              "coding": [
                {
                  "system": "http://loinc.org",
                  "code": "39156-5",
                  "display": "BMI"
                }
              ]
            }
          },
          {
            "code": {
              "coding": [
                {
                  "system": "http://loinc.org",
                  "code": "8310-5",
                  "display": "Temperature"
                }
              ]
            }
          },
          {
            "code": {
              "coding": [
                {
                  "system": "http://loinc.org",
                  "code": "8459-0",
                  "display": "Systolic Blood Pressure"
                }
              ]
            }
          },
          {
            "code": {
              "coding": [
                {
                  "system": "http://loinc.org",
                  "code": "8453-3",
                  "display": "Diastolic Blood Pressure"
                }
              ]
            }
          }
        ]
      },
      "request": {
        "method": "PUT",
        "url": "http://localhost:8080/cqf-ruler/baseDstu3/Observation/Observation-96160"
      }
    }
  ]
}