{
  "resourceType": "Bundle",
  "type": "transaction",
  "entry": [
    {
      "resource": {
        "resourceType": "Encounter",
        "id": "Encounter-1055",
        "status": "finished",
        "class": {
          "system": "http://hl7.org/fhir/encounter-class",
          "code": "other",
          "display": "Other"
        },
        "subject": {
          "reference": "Patient/Patient-6482",
          "display": "Mario Jared Stout"
        },
        "participant": [
          {
            "period": {
              "start": "2027-05-24T09:36:36-04:00",
              "end": "2027-05-24T09:36:36-04:00"
            },
            "individual": {
              "reference": "Practitioner/Practitioner-2519",
              "display": "Stanley Jason Garrett MD"
            }
          }
        ],
        "period": {
          "start": "2027-05-24T09:36:36-04:00",
          "end": "2027-05-24T09:36:36-04:00"
        },
        "location": [
          {
            "location": {
              "reference": "Location/Location-1104",
              "display": "Bay Area Family Practice"
            }
          }
        ],
        "serviceProvider": {
          "reference": "Organization/Organization-1104",
          "display": "Bay Area Family Practice"
        }
      },
      "request": {
        "method": "PUT",
        "url": "http://localhost:8080/cqf-ruler/baseDstu3/Encounter/Encounter-1055"
      }
    },
    {
      "resource": {
        "resourceType": "Immunization",
        "id": "Immunization-227369",
        "status": "completed",
        "notGiven": false,
        "vaccineCode": {
          "coding": [
            {
              "system": "http://hl7.org/fhir/sid/cvx",
              "code": "140",
              "display": "Influenza, seasonal, injectable, preservative free"
            }
          ]
        },
        "patient": {
          "reference": "Patient/Patient-6482",
          "display": "Mario Jared Stout"
        },
        "date": "2027-05-18T09:36:36-04:00",
        "primarySource": true,
        "location": {
          "reference": "Location/Location-1104",
          "display": "Bay Area Family Practice"
        },
        "practitioner": [
          {
            "actor": {
              "reference": "Practitioner/Practitioner-2519",
              "display": "Stanley Jason Garrett MD"
            }
          }
        ]
      },
      "request": {
        "method": "PUT",
        "url": "http://localhost:8080/cqf-ruler/baseDstu3/Immunization/Immunization-227369"
      }
    },
    {
      "resource": {
        "resourceType": "Observation",
        "id": "Observation-253184",
        "status": "final",
        "code": {
          "coding": [
            {
              "system": "http://loinc.org",
              "code": "8480-6",
              "display": "Systolic blood pressure"
            }
          ]
        },
        "subject": {
          "reference": "Patient/Patient-6482",
          "display": "Mario Jared Stout"
        },
        "context": {
          "reference": "Encounter/Encounter-1055",
          "display": "Bay Area Family Practice"
        },
        "effectiveDateTime": "2027-05-24T09:36:36-04:00",
        "performer": [
          {
            "reference": "Practitioner/Practitioner-2519",
            "display": "Stanley Jason Garrett MD"
          }
        ],
        "valueQuantity": {
          "value": 157.69601763068303,
          "unit": "mmHg"
        }
      },
      "request": {
        "method": "PUT",
        "url": "http://localhost:8080/cqf-ruler/baseDstu3/Observation/Observation-253184"
      }
    },
    {
      "resource": {
        "resourceType": "Observation",
        "id": "Observation-253185",
        "status": "final",
        "code": {
          "coding": [
            {
              "system": "http://loinc.org",
              "code": "8462-4",
              "display": "Diastolic blood pressure"
            }
          ]
        },
        "subject": {
          "reference": "Patient/Patient-6482",
          "display": "Mario Jared Stout"
        },
        "context": {
          "reference": "Encounter/Encounter-1055",
          "display": "Bay Area Family Practice"
        },
        "effectiveDateTime": "2027-05-24T09:36:36-04:00",
        "performer": [
          {
            "reference": "Practitioner/Practitioner-2519",
            "display": "Stanley Jason Garrett MD"
          }
        ],
        "valueQuantity": {
          "value": 72.09280444065918,
          "unit": "mmHg"
        }
      },
      "request": {
        "method": "PUT",
        "url": "http://localhost:8080/cqf-ruler/baseDstu3/Observation/Observation-253185"
      }
    },
    {
      "resource": {
        "resourceType": "Condition",
        "id": "Condition-253186",
        "clinicalStatus": "active",
        "verificationStatus": "confirmed",
        "code": {
          "coding": [
            {
              "system": "http://snomed.info/sct",
              "code": "276789009",
              "display": "Labile hypertension"
            }
          ]
        },
        "subject": {
          "reference": "Patient/Patient-6482",
          "display": "Mario Jared Stout"
        },
        "context": {
          "reference": "Encounter/Encounter-1055",
          "display": "Bay Area Family Practice"
        },
        "onsetDateTime": "2027-05-24T09:36:36-04:00",
        "assertedDate": "2027-05-24T09:36:36-04:00",
        "asserter": {
          "reference": "Practitioner/Practitioner-2519",
          "display": "Stanley Jason Garrett MD"
        }
      },
      "request": {
        "method": "PUT",
        "url": "http://localhost:8080/cqf-ruler/baseDstu3/Condition/Condition-253186"
      }
    },
    {
      "resource": {
        "resourceType": "Observation",
        "id": "Observation-253187",
        "status": "final",
        "category": [
          {
            "coding": [
              {
                "system": "http://hl7.org/fhir/observation-category",
                "code": "vital-signs",
                "display": "vital-signs"
              }
            ]
          }
        ],
        "code": {
          "coding": [
            {
              "system": "http://loinc.org",
              "code": "8716-3",
              "display": "Vital Signs Panel"
            }
          ]
        },
        "subject": {
          "reference": "Patient/Patient-6482",
          "display": "Mario Jared Stout"
        },
        "context": {
          "reference": "Encounter/Encounter-1055",
          "display": "Bay Area Family Practice"
        },
        "effectivePeriod": {
          "start": "2027-05-24T09:36:36-04:00",
          "end": "2027-05-24T09:36:36-04:00"
        },
        "valueQuantity": {
          "value": 72.09280444065918,
          "unit": "mmHg"
        },
        "component": [
          {
            "code": {
              "coding": [
                {
                  "system": "http://loinc.org",
                  "code": "8302-2",
                  "display": "Height"
                }
              ]
            }
          },
          {
            "code": {
              "coding": [
                {
                  "system": "http://loinc.org",
                  "code": "29463-7",
                  "display": "Weight"
                }
              ]
            }
          },
          {
            "code": {
              "coding": [
                {
                  "system": "http://loinc.org",
                  "code": "39156-5",
                  "display": "BMI"
                }
              ]
            }
          },
          {
            "code": {
              "coding": [
                {
                  "system": "http://loinc.org",
                  "code": "8310-5",
                  "display": "Temperature"
                }
              ]
            }
          },
          {
            "code": {
              "coding": [
                {
                  "system": "http://loinc.org",
                  "code": "8459-0",
                  "display": "Systolic Blood Pressure"
                }
              ]
            }
          },
          {
            "code": {
              "coding": [
                {
                  "system": "http://loinc.org",
                  "code": "8453-3",
                  "display": "Diastolic Blood Pressure"
                }
              ]
            }
          }
        ]
      },
      "request": {
        "method": "PUT",
        "url": "http://localhost:8080/cqf-ruler/baseDstu3/Observation/Observation-253187"
      }
    }
  ]
}