{
  "resourceType": "Bundle",
  "type": "transaction",
  "entry": [
    {
      "resource": {
        "resourceType": "Encounter",
        "id": "Encounter-425",
        "status": "finished",
        "class": {
          "system": "http://hl7.org/fhir/encounter-class",
          "code": "other",
          "display": "Other"
        },
        "subject": {
          "reference": "Patient/Patient-6538",
          "display": "Denise Kristin Miles"
        },
        "participant": [
          {
            "period": {
              "start": "2020-03-30T09:36:36-04:00",
              "end": "2020-03-30T09:36:36-04:00"
            },
            "individual": {
              "reference": "Practitioner/Practitioner-2535",
              "display": "Clifton Terrence Carey MD"
            }
          }
        ],
        "period": {
          "start": "2020-03-30T09:36:36-04:00",
          "end": "2020-03-30T09:36:36-04:00"
        },
        "location": [
          {
            "location": {
              "reference": "Location/Location-1102",
              "display": "Pediatric and Adult Medicine"
            }
          }
        ],
        "serviceProvider": {
          "reference": "Organization/Organization-1102",
          "display": "Pediatric and Adult Medicine"
        }
      },
      "request": {
        "method": "PUT",
        "url": "http://localhost:8080/cqf-ruler/baseDstu3/Encounter/Encounter-425"
      }
    },
    {
      "resource": {
        "resourceType": "Immunization",
        "id": "Immunization-41801",
        "status": "completed",
        "notGiven": false,
        "vaccineCode": {
          "coding": [
            {
              "system": "http://hl7.org/fhir/sid/cvx",
              "code": "140",
              "display": "Influenza, seasonal, injectable, preservative free"
            }
          ]
        },
        "patient": {
          "reference": "Patient/Patient-6538",
          "display": "Denise Kristin Miles"
        },
        "date": "2020-03-24T09:36:36-04:00",
        "primarySource": true,
        "location": {
          "reference": "Location/Location-1102",
          "display": "Pediatric and Adult Medicine"
        },
        "practitioner": [
          {
            "actor": {
              "reference": "Practitioner/Practitioner-2535",
              "display": "Clifton Terrence Carey MD"
            }
          }
        ]
      },
      "request": {
        "method": "PUT",
        "url": "http://localhost:8080/cqf-ruler/baseDstu3/Immunization/Immunization-41801"
      }
    },
    {
      "resource": {
        "resourceType": "Procedure",
        "id": "Procedure-67926",
        "status": "completed",
        "code": {
          "coding": [
            {
              "system": "http://loinc.org",
              "code": "14565-6",
              "display": "Hemoglobin.gastrointestinal [Presence] in Stool --3rd specimen"
            }
          ]
        },
        "subject": {
          "reference": "Patient/Patient-6538",
          "display": "Denise Kristin Miles"
        },
        "context": {
          "reference": "Encounter/Encounter-425",
          "display": "Pediatric and Adult Medicine"
        },
        "performedPeriod": {
          "start": "2020-03-30T09:36:36-04:00",
          "end": "2020-03-30T09:36:36-04:00"
        },
        "performer": [
          {
            "actor": {
              "reference": "Practitioner/Practitioner-2535",
              "display": "Clifton Terrence Carey MD"
            }
          }
        ],
        "location": {
          "reference": "Location/Location-1102",
          "display": "Pediatric and Adult Medicine"
        }
      },
      "request": {
        "method": "PUT",
        "url": "http://localhost:8080/cqf-ruler/baseDstu3/Procedure/Procedure-67926"
      }
    },
    {
      "resource": {
        "resourceType": "Observation",
        "id": "Observation-67927",
        "status": "final",
        "code": {
          "coding": [
            {
              "system": "http://loinc.org",
              "code": "14564-9",
              "display": "Hemoglobin.gastrointestinal [Presence] in Stool --2nd specimen"
            }
          ]
        },
        "subject": {
          "reference": "Patient/Patient-6538",
          "display": "Denise Kristin Miles"
        },
        "context": {
          "reference": "Encounter/Encounter-425",
          "display": "Pediatric and Adult Medicine"
        },
        "effectiveDateTime": "2020-03-30T09:36:36-04:00",
        "performer": [
          {
            "reference": "Practitioner/Practitioner-2535",
            "display": "Clifton Terrence Carey MD"
          }
        ],
        "valueString": "POSITIVE"
      },
      "request": {
        "method": "PUT",
        "url": "http://localhost:8080/cqf-ruler/baseDstu3/Observation/Observation-67927"
      }
    },
    {
      "resource": {
        "resourceType": "Observation",
        "id": "Observation-67928",
        "status": "final",
        "code": {
          "coding": [
            {
              "system": "http://loinc.org",
              "code": "8480-6",
              "display": "Systolic blood pressure"
            }
          ]
        },
        "subject": {
          "reference": "Patient/Patient-6538",
          "display": "Denise Kristin Miles"
        },
        "context": {
          "reference": "Encounter/Encounter-425",
          "display": "Pediatric and Adult Medicine"
        },
        "effectiveDateTime": "2020-03-30T09:36:36-04:00",
        "performer": [
          {
            "reference": "Practitioner/Practitioner-2535",
            "display": "Clifton Terrence Carey MD"
          }
        ],
        "valueQuantity": {
          "value": 135.09432010975115,
          "unit": "mmHg"
        }
      },
      "request": {
        "method": "PUT",
        "url": "http://localhost:8080/cqf-ruler/baseDstu3/Observation/Observation-67928"
      }
    },
    {
      "resource": {
        "resourceType": "Observation",
        "id": "Observation-67929",
        "status": "final",
        "code": {
          "coding": [
            {
              "system": "http://loinc.org",
              "code": "8462-4",
              "display": "Diastolic blood pressure"
            }
          ]
        },
        "subject": {
          "reference": "Patient/Patient-6538",
          "display": "Denise Kristin Miles"
        },
        "context": {
          "reference": "Encounter/Encounter-425",
          "display": "Pediatric and Adult Medicine"
        },
        "effectiveDateTime": "2020-03-30T09:36:36-04:00",
        "performer": [
          {
            "reference": "Practitioner/Practitioner-2535",
            "display": "Clifton Terrence Carey MD"
          }
        ],
        "valueQuantity": {
          "value": 70.75535820272209,
          "unit": "mmHg"
        }
      },
      "request": {
        "method": "PUT",
        "url": "http://localhost:8080/cqf-ruler/baseDstu3/Observation/Observation-67929"
      }
    },
    {
      "resource": {
        "resourceType": "Observation",
        "id": "Observation-67930",
        "status": "final",
        "category": [
          {
            "coding": [
              {
                "system": "http://hl7.org/fhir/observation-category",
                "code": "vital-signs",
                "display": "vital-signs"
              }
            ]
          }
        ],
        "code": {
          "coding": [
            {
              "system": "http://loinc.org",
              "code": "8716-3",
              "display": "Vital Signs Panel"
            }
          ]
        },
        "subject": {
          "reference": "Patient/Patient-6538",
          "display": "Denise Kristin Miles"
        },
        "context": {
          "reference": "Encounter/Encounter-425",
          "display": "Pediatric and Adult Medicine"
        },
        "effectivePeriod": {
          "start": "2020-03-30T09:36:36-04:00",
          "end": "2020-03-30T09:36:36-04:00"
        },
        "valueQuantity": {
          "value": 70.75535820272209,
          "unit": "mmHg"
        },
        "component": [
          {
            "code": {
              "coding": [
                {
                  "system": "http://loinc.org",
                  "code": "8302-2",
                  "display": "Height"
                }
              ]
            }
          },
          {
            "code": {
              "coding": [
                {
                  "system": "http://loinc.org",
                  "code": "29463-7",
                  "display": "Weight"
                }
              ]
            }
          },
          {
            "code": {
              "coding": [
                {
                  "system": "http://loinc.org",
                  "code": "39156-5",
                  "display": "BMI"
                }
              ]
            }
          },
          {
            "code": {
              "coding": [
                {
                  "system": "http://loinc.org",
                  "code": "8310-5",
                  "display": "Temperature"
                }
              ]
            }
          },
          {
            "code": {
              "coding": [
                {
                  "system": "http://loinc.org",
                  "code": "8459-0",
                  "display": "Systolic Blood Pressure"
                }
              ]
            }
          },
          {
            "code": {
              "coding": [
                {
                  "system": "http://loinc.org",
                  "code": "8453-3",
                  "display": "Diastolic Blood Pressure"
                }
              ]
            }
          }
        ]
      },
      "request": {
        "method": "PUT",
        "url": "http://localhost:8080/cqf-ruler/baseDstu3/Observation/Observation-67930"
      }
    }
  ]
}