{
  "resourceType": "Bundle",
  "type": "transaction",
  "entry": [
    {
      "resource": {
        "resourceType": "Encounter",
        "id": "Encounter-446",
        "status": "finished",
        "class": {
          "system": "http://hl7.org/fhir/encounter-class",
          "code": "other",
          "display": "Other"
        },
        "subject": {
          "reference": "Patient/Patient-6554",
          "display": "Olga Grace Dunlap"
        },
        "participant": [
          {
            "period": {
              "start": "2020-06-22T09:36:36-04:00",
              "end": "2020-06-22T09:36:36-04:00"
            },
            "individual": {
              "reference": "Practitioner/Practitioner-2531",
              "display": "Tracy Hampton Boone MD"
            }
          }
        ],
        "period": {
          "start": "2020-06-22T09:36:36-04:00",
          "end": "2020-06-22T09:36:36-04:00"
        },
        "location": [
          {
            "location": {
              "reference": "Location/Location-1104",
              "display": "Bay Area Family Practice"
            }
          }
        ],
        "serviceProvider": {
          "reference": "Organization/Organization-1104",
          "display": "Bay Area Family Practice"
        }
      },
      "request": {
        "method": "PUT",
        "url": "http://localhost:8080/cqf-ruler/baseDstu3/Encounter/Encounter-446"
      }
    },
    {
      "resource": {
        "resourceType": "Immunization",
        "id": "Immunization-48280",
        "status": "completed",
        "notGiven": false,
        "vaccineCode": {
          "coding": [
            {
              "system": "http://hl7.org/fhir/sid/cvx",
              "code": "140",
              "display": "Influenza, seasonal, injectable, preservative free"
            }
          ]
        },
        "patient": {
          "reference": "Patient/Patient-6554",
          "display": "Olga Grace Dunlap"
        },
        "date": "2020-06-16T09:36:36-04:00",
        "primarySource": true,
        "location": {
          "reference": "Location/Location-1104",
          "display": "Bay Area Family Practice"
        },
        "practitioner": [
          {
            "actor": {
              "reference": "Practitioner/Practitioner-2531",
              "display": "Tracy Hampton Boone MD"
            }
          }
        ]
      },
      "request": {
        "method": "PUT",
        "url": "http://localhost:8080/cqf-ruler/baseDstu3/Immunization/Immunization-48280"
      }
    },
    {
      "resource": {
        "resourceType": "Procedure",
        "id": "Procedure-74413",
        "status": "completed",
        "code": {
          "coding": [
            {
              "system": "http://loinc.org",
              "code": "12503-9",
              "display": "Hemoglobin.gastrointestinal [Presence] in Stool --4th specimen"
            }
          ]
        },
        "subject": {
          "reference": "Patient/Patient-6554",
          "display": "Olga Grace Dunlap"
        },
        "context": {
          "reference": "Encounter/Encounter-446",
          "display": "Bay Area Family Practice"
        },
        "performedPeriod": {
          "start": "2020-06-22T09:36:36-04:00",
          "end": "2020-06-22T09:36:36-04:00"
        },
        "performer": [
          {
            "actor": {
              "reference": "Practitioner/Practitioner-2531",
              "display": "Tracy Hampton Boone MD"
            }
          }
        ],
        "location": {
          "reference": "Location/Location-1104",
          "display": "Bay Area Family Practice"
        }
      },
      "request": {
        "method": "PUT",
        "url": "http://localhost:8080/cqf-ruler/baseDstu3/Procedure/Procedure-74413"
      }
    },
    {
      "resource": {
        "resourceType": "Observation",
        "id": "Observation-74414",
        "status": "final",
        "code": {
          "coding": [
            {
              "system": "http://loinc.org",
              "code": "56490-6",
              "display": "Hemoglobin.gastrointestinal [Presence] in Stool by Immunologic method --2nd specimen"
            }
          ]
        },
        "subject": {
          "reference": "Patient/Patient-6554",
          "display": "Olga Grace Dunlap"
        },
        "context": {
          "reference": "Encounter/Encounter-446",
          "display": "Bay Area Family Practice"
        },
        "effectiveDateTime": "2020-06-22T09:36:36-04:00",
        "performer": [
          {
            "reference": "Practitioner/Practitioner-2531",
            "display": "Tracy Hampton Boone MD"
          }
        ],
        "valueString": "NEGATIVE"
      },
      "request": {
        "method": "PUT",
        "url": "http://localhost:8080/cqf-ruler/baseDstu3/Observation/Observation-74414"
      }
    },
    {
      "resource": {
        "resourceType": "Observation",
        "id": "Observation-74415",
        "status": "final",
        "code": {
          "coding": [
            {
              "system": "http://loinc.org",
              "code": "8480-6",
              "display": "Systolic blood pressure"
            }
          ]
        },
        "subject": {
          "reference": "Patient/Patient-6554",
          "display": "Olga Grace Dunlap"
        },
        "context": {
          "reference": "Encounter/Encounter-446",
          "display": "Bay Area Family Practice"
        },
        "effectiveDateTime": "2020-06-22T09:36:36-04:00",
        "performer": [
          {
            "reference": "Practitioner/Practitioner-2531",
            "display": "Tracy Hampton Boone MD"
          }
        ],
        "valueQuantity": {
          "value": 138.46732405533746,
          "unit": "mmHg"
        }
      },
      "request": {
        "method": "PUT",
        "url": "http://localhost:8080/cqf-ruler/baseDstu3/Observation/Observation-74415"
      }
    },
    {
      "resource": {
        "resourceType": "Observation",
        "id": "Observation-74416",
        "status": "final",
        "code": {
          "coding": [
            {
              "system": "http://loinc.org",
              "code": "8462-4",
              "display": "Diastolic blood pressure"
            }
          ]
        },
        "subject": {
          "reference": "Patient/Patient-6554",
          "display": "Olga Grace Dunlap"
        },
        "context": {
          "reference": "Encounter/Encounter-446",
          "display": "Bay Area Family Practice"
        },
        "effectiveDateTime": "2020-06-22T09:36:36-04:00",
        "performer": [
          {
            "reference": "Practitioner/Practitioner-2531",
            "display": "Tracy Hampton Boone MD"
          }
        ],
        "valueQuantity": {
          "value": 81.96409201996987,
          "unit": "mmHg"
        }
      },
      "request": {
        "method": "PUT",
        "url": "http://localhost:8080/cqf-ruler/baseDstu3/Observation/Observation-74416"
      }
    },
    {
      "resource": {
        "resourceType": "Procedure",
        "id": "Procedure-74417",
        "status": "completed",
        "code": {
          "coding": [
            {
              "system": "http://loinc.org",
              "code": "47527-7",
              "display": "Cytology report of Cervical or vaginal smear or scraping Cyto stain.thin prep"
            }
          ]
        },
        "subject": {
          "reference": "Patient/Patient-6554",
          "display": "Olga Grace Dunlap"
        },
        "context": {
          "reference": "Encounter/Encounter-446",
          "display": "Bay Area Family Practice"
        },
        "performedPeriod": {
          "start": "2020-06-22T09:36:36-04:00",
          "end": "2020-06-22T09:36:36-04:00"
        },
        "performer": [
          {
            "actor": {
              "reference": "Practitioner/Practitioner-2531",
              "display": "Tracy Hampton Boone MD"
            }
          }
        ],
        "location": {
          "reference": "Location/Location-1104",
          "display": "Bay Area Family Practice"
        }
      },
      "request": {
        "method": "PUT",
        "url": "http://localhost:8080/cqf-ruler/baseDstu3/Procedure/Procedure-74417"
      }
    },
    {
      "resource": {
        "resourceType": "Observation",
        "id": "Observation-74418",
        "status": "final",
        "code": {
          "coding": [
            {
              "system": "http://snomed.info/sct",
              "code": "289829007",
              "display": "Normal uterine cervix (finding)"
            }
          ]
        },
        "subject": {
          "reference": "Patient/Patient-6554",
          "display": "Olga Grace Dunlap"
        },
        "context": {
          "reference": "Encounter/Encounter-446",
          "display": "Bay Area Family Practice"
        },
        "effectiveDateTime": "2020-06-22T09:36:36-04:00",
        "performer": [
          {
            "reference": "Practitioner/Practitioner-2531",
            "display": "Tracy Hampton Boone MD"
          }
        ],
        "valueString": "NEGATIVE"
      },
      "request": {
        "method": "PUT",
        "url": "http://localhost:8080/cqf-ruler/baseDstu3/Observation/Observation-74418"
      }
    },
    {
      "resource": {
        "resourceType": "DiagnosticReport",
        "id": "DiagnosticReport-74419",
        "status": "final",
        "code": {
          "coding": [
            {
              "system": "http://loinc.org",
              "code": "37016-3",
              "display": "Breast - bilateral Mammogram roll"
            }
          ]
        },
        "subject": {
          "reference": "Patient/Patient-6554",
          "display": "Olga Grace Dunlap"
        },
        "context": {
          "reference": "Encounter/Encounter-446",
          "display": "Bay Area Family Practice"
        },
        "effectivePeriod": {
          "start": "2020-06-22T09:36:36-04:00",
          "end": "2020-06-22T09:36:36-04:00"
        },
        "result": [
          {
            "reference": "Observation/Observation-74418",
            "display": "No_Cancer_Detected"
          }
        ]
      },
      "request": {
        "method": "PUT",
        "url": "http://localhost:8080/cqf-ruler/baseDstu3/DiagnosticReport/DiagnosticReport-74419"
      }
    },
    {
      "resource": {
        "resourceType": "Observation",
        "id": "Observation-74420",
        "status": "final",
        "category": [
          {
            "coding": [
              {
                "system": "http://hl7.org/fhir/observation-category",
                "code": "vital-signs",
                "display": "vital-signs"
              }
            ]
          }
        ],
        "code": {
          "coding": [
            {
              "system": "http://loinc.org",
              "code": "8716-3",
              "display": "Vital Signs Panel"
            }
          ]
        },
        "subject": {
          "reference": "Patient/Patient-6554",
          "display": "Olga Grace Dunlap"
        },
        "context": {
          "reference": "Encounter/Encounter-446",
          "display": "Bay Area Family Practice"
        },
        "effectivePeriod": {
          "start": "2020-06-22T09:36:36-04:00",
          "end": "2020-06-22T09:36:36-04:00"
        },
        "valueQuantity": {
          "value": 81.96409201996987,
          "unit": "mmHg"
        },
        "component": [
          {
            "code": {
              "coding": [
                {
                  "system": "http://loinc.org",
                  "code": "8302-2",
                  "display": "Height"
                }
              ]
            }
          },
          {
            "code": {
              "coding": [
                {
                  "system": "http://loinc.org",
                  "code": "29463-7",
                  "display": "Weight"
                }
              ]
            }
          },
          {
            "code": {
              "coding": [
                {
                  "system": "http://loinc.org",
                  "code": "39156-5",
                  "display": "BMI"
                }
              ]
            }
          },
          {
            "code": {
              "coding": [
                {
                  "system": "http://loinc.org",
                  "code": "8310-5",
                  "display": "Temperature"
                }
              ]
            }
          },
          {
            "code": {
              "coding": [
                {
                  "system": "http://loinc.org",
                  "code": "8459-0",
                  "display": "Systolic Blood Pressure"
                }
              ]
            }
          },
          {
            "code": {
              "coding": [
                {
                  "system": "http://loinc.org",
                  "code": "8453-3",
                  "display": "Diastolic Blood Pressure"
                }
              ]
            }
          }
        ]
      },
      "request": {
        "method": "PUT",
        "url": "http://localhost:8080/cqf-ruler/baseDstu3/Observation/Observation-74420"
      }
    }
  ]
}