{
  "resourceType": "Bundle",
  "type": "transaction",
  "entry": [
    {
      "resource": {
        "resourceType": "Encounter",
        "id": "Encounter-550",
        "status": "finished",
        "class": {
          "system": "http://hl7.org/fhir/encounter-class",
          "code": "other",
          "display": "Other"
        },
        "subject": {
          "reference": "Patient/Patient-6522",
          "display": "Jamie Cain Melendez"
        },
        "participant": [
          {
            "period": {
              "start": "2021-07-12T09:36:36-04:00",
              "end": "2021-07-12T09:36:36-04:00"
            },
            "individual": {
              "reference": "Practitioner/Practitioner-2519",
              "display": "Stanley Jason Garrett MD"
            }
          }
        ],
        "period": {
          "start": "2021-07-12T09:36:36-04:00",
          "end": "2021-07-12T09:36:36-04:00"
        },
        "location": [
          {
            "location": {
              "reference": "Location/Location-1104",
              "display": "Bay Area Family Practice"
            }
          }
        ],
        "serviceProvider": {
          "reference": "Organization/Organization-1104",
          "display": "Bay Area Family Practice"
        }
      },
      "request": {
        "method": "PUT",
        "url": "http://localhost:8080/cqf-ruler/baseDstu3/Encounter/Encounter-550"
      }
    },
    {
      "resource": {
        "resourceType": "Immunization",
        "id": "Immunization-75380",
        "status": "completed",
        "notGiven": false,
        "vaccineCode": {
          "coding": [
            {
              "system": "http://hl7.org/fhir/sid/cvx",
              "code": "140",
              "display": "Influenza, seasonal, injectable, preservative free"
            }
          ]
        },
        "patient": {
          "reference": "Patient/Patient-6522",
          "display": "Jamie Cain Melendez"
        },
        "date": "2021-07-06T09:36:36-04:00",
        "primarySource": true,
        "location": {
          "reference": "Location/Location-1104",
          "display": "Bay Area Family Practice"
        },
        "practitioner": [
          {
            "actor": {
              "reference": "Practitioner/Practitioner-2519",
              "display": "Stanley Jason Garrett MD"
            }
          }
        ]
      },
      "request": {
        "method": "PUT",
        "url": "http://localhost:8080/cqf-ruler/baseDstu3/Immunization/Immunization-75380"
      }
    },
    {
      "resource": {
        "resourceType": "Procedure",
        "id": "Procedure-102592",
        "status": "completed",
        "code": {
          "coding": [
            {
              "system": "http://loinc.org",
              "code": "57905-2",
              "display": "Hemoglobin.gastrointestinal [Presence] in Stool by Immunologic method --1st specimen"
            }
          ]
        },
        "subject": {
          "reference": "Patient/Patient-6522",
          "display": "Jamie Cain Melendez"
        },
        "context": {
          "reference": "Encounter/Encounter-550",
          "display": "Bay Area Family Practice"
        },
        "performedPeriod": {
          "start": "2021-07-12T09:36:36-04:00",
          "end": "2021-07-12T09:36:36-04:00"
        },
        "performer": [
          {
            "actor": {
              "reference": "Practitioner/Practitioner-2519",
              "display": "Stanley Jason Garrett MD"
            }
          }
        ],
        "location": {
          "reference": "Location/Location-1104",
          "display": "Bay Area Family Practice"
        }
      },
      "request": {
        "method": "PUT",
        "url": "http://localhost:8080/cqf-ruler/baseDstu3/Procedure/Procedure-102592"
      }
    },
    {
      "resource": {
        "resourceType": "Observation",
        "id": "Observation-102593",
        "status": "final",
        "code": {
          "coding": [
            {
              "system": "http://loinc.org",
              "code": "27925-7",
              "display": "Hemoglobin.gastrointestinal [Presence] in Stool --7th specimen"
            }
          ]
        },
        "subject": {
          "reference": "Patient/Patient-6522",
          "display": "Jamie Cain Melendez"
        },
        "context": {
          "reference": "Encounter/Encounter-550",
          "display": "Bay Area Family Practice"
        },
        "effectiveDateTime": "2021-07-12T09:36:36-04:00",
        "performer": [
          {
            "reference": "Practitioner/Practitioner-2519",
            "display": "Stanley Jason Garrett MD"
          }
        ],
        "valueString": "NEGATIVE"
      },
      "request": {
        "method": "PUT",
        "url": "http://localhost:8080/cqf-ruler/baseDstu3/Observation/Observation-102593"
      }
    },
    {
      "resource": {
        "resourceType": "Observation",
        "id": "Observation-102594",
        "status": "final",
        "code": {
          "coding": [
            {
              "system": "http://loinc.org",
              "code": "8480-6",
              "display": "Systolic blood pressure"
            }
          ]
        },
        "subject": {
          "reference": "Patient/Patient-6522",
          "display": "Jamie Cain Melendez"
        },
        "context": {
          "reference": "Encounter/Encounter-550",
          "display": "Bay Area Family Practice"
        },
        "effectiveDateTime": "2021-07-12T09:36:36-04:00",
        "performer": [
          {
            "reference": "Practitioner/Practitioner-2519",
            "display": "Stanley Jason Garrett MD"
          }
        ],
        "valueQuantity": {
          "value": 141.30703360107873,
          "unit": "mmHg"
        }
      },
      "request": {
        "method": "PUT",
        "url": "http://localhost:8080/cqf-ruler/baseDstu3/Observation/Observation-102594"
      }
    },
    {
      "resource": {
        "resourceType": "Observation",
        "id": "Observation-102595",
        "status": "final",
        "code": {
          "coding": [
            {
              "system": "http://loinc.org",
              "code": "8462-4",
              "display": "Diastolic blood pressure"
            }
          ]
        },
        "subject": {
          "reference": "Patient/Patient-6522",
          "display": "Jamie Cain Melendez"
        },
        "context": {
          "reference": "Encounter/Encounter-550",
          "display": "Bay Area Family Practice"
        },
        "effectiveDateTime": "2021-07-12T09:36:36-04:00",
        "performer": [
          {
            "reference": "Practitioner/Practitioner-2519",
            "display": "Stanley Jason Garrett MD"
          }
        ],
        "valueQuantity": {
          "value": 101.02158416989738,
          "unit": "mmHg"
        }
      },
      "request": {
        "method": "PUT",
        "url": "http://localhost:8080/cqf-ruler/baseDstu3/Observation/Observation-102595"
      }
    },
    {
      "resource": {
        "resourceType": "Condition",
        "id": "Condition-102596",
        "clinicalStatus": "active",
        "verificationStatus": "confirmed",
        "code": {
          "coding": [
            {
              "system": "http://snomed.info/sct",
              "code": "65518004",
              "display": "Labile diastolic hypertension"
            }
          ]
        },
        "subject": {
          "reference": "Patient/Patient-6522",
          "display": "Jamie Cain Melendez"
        },
        "context": {
          "reference": "Encounter/Encounter-550",
          "display": "Bay Area Family Practice"
        },
        "onsetDateTime": "2021-07-12T09:36:36-04:00",
        "assertedDate": "2021-07-12T09:36:36-04:00",
        "asserter": {
          "reference": "Practitioner/Practitioner-2519",
          "display": "Stanley Jason Garrett MD"
        }
      },
      "request": {
        "method": "PUT",
        "url": "http://localhost:8080/cqf-ruler/baseDstu3/Condition/Condition-102596"
      }
    },
    {
      "resource": {
        "resourceType": "Observation",
        "id": "Observation-102597",
        "status": "final",
        "category": [
          {
            "coding": [
              {
                "system": "http://hl7.org/fhir/observation-category",
                "code": "vital-signs",
                "display": "vital-signs"
              }
            ]
          }
        ],
        "code": {
          "coding": [
            {
              "system": "http://loinc.org",
              "code": "8716-3",
              "display": "Vital Signs Panel"
            }
          ]
        },
        "subject": {
          "reference": "Patient/Patient-6522",
          "display": "Jamie Cain Melendez"
        },
        "context": {
          "reference": "Encounter/Encounter-550",
          "display": "Bay Area Family Practice"
        },
        "effectivePeriod": {
          "start": "2021-07-12T09:36:36-04:00",
          "end": "2021-07-12T09:36:36-04:00"
        },
        "valueQuantity": {
          "value": 101.02158416989738,
          "unit": "mmHg"
        },
        "component": [
          {
            "code": {
              "coding": [
                {
                  "system": "http://loinc.org",
                  "code": "8302-2",
                  "display": "Height"
                }
              ]
            }
          },
          {
            "code": {
              "coding": [
                {
                  "system": "http://loinc.org",
                  "code": "29463-7",
                  "display": "Weight"
                }
              ]
            }
          },
          {
            "code": {
              "coding": [
                {
                  "system": "http://loinc.org",
                  "code": "39156-5",
                  "display": "BMI"
                }
              ]
            }
          },
          {
            "code": {
              "coding": [
                {
                  "system": "http://loinc.org",
                  "code": "8310-5",
                  "display": "Temperature"
                }
              ]
            }
          },
          {
            "code": {
              "coding": [
                {
                  "system": "http://loinc.org",
                  "code": "8459-0",
                  "display": "Systolic Blood Pressure"
                }
              ]
            }
          },
          {
            "code": {
              "coding": [
                {
                  "system": "http://loinc.org",
                  "code": "8453-3",
                  "display": "Diastolic Blood Pressure"
                }
              ]
            }
          }
        ]
      },
      "request": {
        "method": "PUT",
        "url": "http://localhost:8080/cqf-ruler/baseDstu3/Observation/Observation-102597"
      }
    }
  ]
}