{
  "resourceType": "Bundle",
  "type": "transaction",
  "entry": [
    {
      "resource": {
        "resourceType": "Encounter",
        "id": "Encounter-491",
        "status": "finished",
        "class": {
          "system": "http://hl7.org/fhir/encounter-class",
          "code": "other",
          "display": "Other"
        },
        "subject": {
          "reference": "Patient/Patient-6503",
          "display": "Becky Trevino Craig"
        },
        "participant": [
          {
            "period": {
              "start": "2020-12-14T09:36:36-05:00",
              "end": "2020-12-14T09:36:36-05:00"
            },
            "individual": {
              "reference": "Practitioner/Practitioner-2520",
              "display": "Kimberly Christy Ashley MD"
            }
          }
        ],
        "period": {
          "start": "2020-12-14T09:36:36-05:00",
          "end": "2020-12-14T09:36:36-05:00"
        },
        "location": [
          {
            "location": {
              "reference": "Location/Location-1105",
              "display": "Bayside Medical Group"
            }
          }
        ],
        "serviceProvider": {
          "reference": "Organization/Organization-1105",
          "display": "Bayside Medical Group"
        }
      },
      "request": {
        "method": "PUT",
        "url": "http://localhost:8080/cqf-ruler/baseDstu3/Encounter/Encounter-491"
      }
    },
    {
      "resource": {
        "resourceType": "Immunization",
        "id": "Immunization-59476",
        "status": "completed",
        "notGiven": false,
        "vaccineCode": {
          "coding": [
            {
              "system": "http://hl7.org/fhir/sid/cvx",
              "code": "140",
              "display": "Influenza, seasonal, injectable, preservative free"
            }
          ]
        },
        "patient": {
          "reference": "Patient/Patient-6503",
          "display": "Becky Trevino Craig"
        },
        "date": "2020-12-08T09:36:36-05:00",
        "primarySource": true,
        "location": {
          "reference": "Location/Location-1105",
          "display": "Bayside Medical Group"
        },
        "practitioner": [
          {
            "actor": {
              "reference": "Practitioner/Practitioner-2520",
              "display": "Kimberly Christy Ashley MD"
            }
          }
        ]
      },
      "request": {
        "method": "PUT",
        "url": "http://localhost:8080/cqf-ruler/baseDstu3/Immunization/Immunization-59476"
      }
    },
    {
      "resource": {
        "resourceType": "Procedure",
        "id": "Procedure-87384",
        "status": "completed",
        "code": {
          "coding": [
            {
              "system": "http://loinc.org",
              "code": "29771-3",
              "display": "Hemoglobin.gastrointestinal [Presence] in Stool by Immunologic method"
            }
          ]
        },
        "subject": {
          "reference": "Patient/Patient-6503",
          "display": "Becky Trevino Craig"
        },
        "context": {
          "reference": "Encounter/Encounter-491",
          "display": "Bayside Medical Group"
        },
        "performedPeriod": {
          "start": "2020-12-14T09:36:36-05:00",
          "end": "2020-12-14T09:36:36-05:00"
        },
        "performer": [
          {
            "actor": {
              "reference": "Practitioner/Practitioner-2520",
              "display": "Kimberly Christy Ashley MD"
            }
          }
        ],
        "location": {
          "reference": "Location/Location-1105",
          "display": "Bayside Medical Group"
        }
      },
      "request": {
        "method": "PUT",
        "url": "http://localhost:8080/cqf-ruler/baseDstu3/Procedure/Procedure-87384"
      }
    },
    {
      "resource": {
        "resourceType": "Observation",
        "id": "Observation-87385",
        "status": "final",
        "code": {
          "coding": [
            {
              "system": "http://loinc.org",
              "code": "27926-5",
              "display": "Hemoglobin.gastrointestinal [Presence] in Stool --8th specimen"
            }
          ]
        },
        "subject": {
          "reference": "Patient/Patient-6503",
          "display": "Becky Trevino Craig"
        },
        "context": {
          "reference": "Encounter/Encounter-491",
          "display": "Bayside Medical Group"
        },
        "effectiveDateTime": "2020-12-14T09:36:36-05:00",
        "performer": [
          {
            "reference": "Practitioner/Practitioner-2520",
            "display": "Kimberly Christy Ashley MD"
          }
        ],
        "valueString": "NEGATIVE"
      },
      "request": {
        "method": "PUT",
        "url": "http://localhost:8080/cqf-ruler/baseDstu3/Observation/Observation-87385"
      }
    },
    {
      "resource": {
        "resourceType": "Observation",
        "id": "Observation-87386",
        "status": "final",
        "code": {
          "coding": [
            {
              "system": "http://loinc.org",
              "code": "8480-6",
              "display": "Systolic blood pressure"
            }
          ]
        },
        "subject": {
          "reference": "Patient/Patient-6503",
          "display": "Becky Trevino Craig"
        },
        "context": {
          "reference": "Encounter/Encounter-491",
          "display": "Bayside Medical Group"
        },
        "effectiveDateTime": "2020-12-14T09:36:36-05:00",
        "performer": [
          {
            "reference": "Practitioner/Practitioner-2520",
            "display": "Kimberly Christy Ashley MD"
          }
        ],
        "valueQuantity": {
          "value": 123.52961411263122,
          "unit": "mmHg"
        }
      },
      "request": {
        "method": "PUT",
        "url": "http://localhost:8080/cqf-ruler/baseDstu3/Observation/Observation-87386"
      }
    },
    {
      "resource": {
        "resourceType": "Observation",
        "id": "Observation-87387",
        "status": "final",
        "code": {
          "coding": [
            {
              "system": "http://loinc.org",
              "code": "8462-4",
              "display": "Diastolic blood pressure"
            }
          ]
        },
        "subject": {
          "reference": "Patient/Patient-6503",
          "display": "Becky Trevino Craig"
        },
        "context": {
          "reference": "Encounter/Encounter-491",
          "display": "Bayside Medical Group"
        },
        "effectiveDateTime": "2020-12-14T09:36:36-05:00",
        "performer": [
          {
            "reference": "Practitioner/Practitioner-2520",
            "display": "Kimberly Christy Ashley MD"
          }
        ],
        "valueQuantity": {
          "value": 106.51629729720482,
          "unit": "mmHg"
        }
      },
      "request": {
        "method": "PUT",
        "url": "http://localhost:8080/cqf-ruler/baseDstu3/Observation/Observation-87387"
      }
    },
    {
      "resource": {
        "resourceType": "Condition",
        "id": "Condition-87388",
        "clinicalStatus": "active",
        "verificationStatus": "confirmed",
        "code": {
          "coding": [
            {
              "system": "http://snomed.info/sct",
              "code": "1201005",
              "display": "Benign essential hypertension"
            }
          ]
        },
        "subject": {
          "reference": "Patient/Patient-6503",
          "display": "Becky Trevino Craig"
        },
        "context": {
          "reference": "Encounter/Encounter-491",
          "display": "Bayside Medical Group"
        },
        "onsetDateTime": "2020-12-14T09:36:36-05:00",
        "assertedDate": "2020-12-14T09:36:36-05:00",
        "asserter": {
          "reference": "Practitioner/Practitioner-2520",
          "display": "Kimberly Christy Ashley MD"
        }
      },
      "request": {
        "method": "PUT",
        "url": "http://localhost:8080/cqf-ruler/baseDstu3/Condition/Condition-87388"
      }
    },
    {
      "resource": {
        "resourceType": "Observation",
        "id": "Observation-87389",
        "status": "final",
        "category": [
          {
            "coding": [
              {
                "system": "http://hl7.org/fhir/observation-category",
                "code": "vital-signs",
                "display": "vital-signs"
              }
            ]
          }
        ],
        "code": {
          "coding": [
            {
              "system": "http://loinc.org",
              "code": "8716-3",
              "display": "Vital Signs Panel"
            }
          ]
        },
        "subject": {
          "reference": "Patient/Patient-6503",
          "display": "Becky Trevino Craig"
        },
        "context": {
          "reference": "Encounter/Encounter-491",
          "display": "Bayside Medical Group"
        },
        "effectivePeriod": {
          "start": "2020-12-14T09:36:36-05:00",
          "end": "2020-12-14T09:36:36-05:00"
        },
        "valueQuantity": {
          "value": 106.51629729720482,
          "unit": "mmHg"
        },
        "component": [
          {
            "code": {
              "coding": [
                {
                  "system": "http://loinc.org",
                  "code": "8302-2",
                  "display": "Height"
                }
              ]
            }
          },
          {
            "code": {
              "coding": [
                {
                  "system": "http://loinc.org",
                  "code": "29463-7",
                  "display": "Weight"
                }
              ]
            }
          },
          {
            "code": {
              "coding": [
                {
                  "system": "http://loinc.org",
                  "code": "39156-5",
                  "display": "BMI"
                }
              ]
            }
          },
          {
            "code": {
              "coding": [
                {
                  "system": "http://loinc.org",
                  "code": "8310-5",
                  "display": "Temperature"
                }
              ]
            }
          },
          {
            "code": {
              "coding": [
                {
                  "system": "http://loinc.org",
                  "code": "8459-0",
                  "display": "Systolic Blood Pressure"
                }
              ]
            }
          },
          {
            "code": {
              "coding": [
                {
                  "system": "http://loinc.org",
                  "code": "8453-3",
                  "display": "Diastolic Blood Pressure"
                }
              ]
            }
          }
        ]
      },
      "request": {
        "method": "PUT",
        "url": "http://localhost:8080/cqf-ruler/baseDstu3/Observation/Observation-87389"
      }
    }
  ]
}