{
  "resourceType": "Bundle",
  "type": "transaction",
  "entry": [
    {
      "resource": {
        "resourceType": "Encounter",
        "id": "Encounter-320",
        "status": "finished",
        "class": {
          "system": "http://hl7.org/fhir/encounter-class",
          "code": "other",
          "display": "Other"
        },
        "subject": {
          "reference": "Patient/Patient-6553",
          "display": "Gabriel Bill Good"
        },
        "participant": [
          {
            "period": {
              "start": "2019-02-25T09:36:36-05:00",
              "end": "2019-02-25T09:36:36-05:00"
            },
            "individual": {
              "reference": "Practitioner/Practitioner-2530",
              "display": "Terrence Ramirez McCormick MD"
            }
          }
        ],
        "period": {
          "start": "2019-02-25T09:36:36-05:00",
          "end": "2019-02-25T09:36:36-05:00"
        },
        "location": [
          {
            "location": {
              "reference": "Location/Location-1103",
              "display": "Acme Medical Center"
            }
          }
        ],
        "serviceProvider": {
          "reference": "Organization/Organization-1103",
          "display": "Acme Medical Center"
        }
      },
      "request": {
        "method": "PUT",
        "url": "http://localhost:8080/cqf-ruler/baseDstu3/Encounter/Encounter-320"
      }
    },
    {
      "resource": {
        "resourceType": "Immunization",
        "id": "Immunization-13437",
        "status": "completed",
        "notGiven": false,
        "vaccineCode": {
          "coding": [
            {
              "system": "http://hl7.org/fhir/sid/cvx",
              "code": "140",
              "display": "Influenza, seasonal, injectable, preservative free"
            }
          ]
        },
        "patient": {
          "reference": "Patient/Patient-6553",
          "display": "Gabriel Bill Good"
        },
        "date": "2019-02-19T09:36:36-05:00",
        "primarySource": true,
        "location": {
          "reference": "Location/Location-1103",
          "display": "Acme Medical Center"
        },
        "practitioner": [
          {
            "actor": {
              "reference": "Practitioner/Practitioner-2530",
              "display": "Terrence Ramirez McCormick MD"
            }
          }
        ]
      },
      "request": {
        "method": "PUT",
        "url": "http://localhost:8080/cqf-ruler/baseDstu3/Immunization/Immunization-13437"
      }
    },
    {
      "resource": {
        "resourceType": "Immunization",
        "id": "Immunization-13438",
        "status": "completed",
        "notGiven": false,
        "vaccineCode": {
          "coding": [
            {
              "system": "http://hl7.org/fhir/sid/cvx",
              "code": "133",
              "display": "Pneumococcal conjugate PCV 13"
            }
          ]
        },
        "patient": {
          "reference": "Patient/Patient-6553",
          "display": "Gabriel Bill Good"
        },
        "date": "2019-02-19T09:36:36-05:00",
        "primarySource": true,
        "location": {
          "reference": "Location/Location-1103",
          "display": "Acme Medical Center"
        },
        "practitioner": [
          {
            "actor": {
              "reference": "Practitioner/Practitioner-2530",
              "display": "Terrence Ramirez McCormick MD"
            }
          }
        ]
      },
      "request": {
        "method": "PUT",
        "url": "http://localhost:8080/cqf-ruler/baseDstu3/Immunization/Immunization-13438"
      }
    },
    {
      "resource": {
        "resourceType": "Immunization",
        "id": "Immunization-13439",
        "status": "completed",
        "notGiven": false,
        "vaccineCode": {
          "coding": [
            {
              "system": "http://hl7.org/fhir/sid/cvx",
              "code": "33",
              "display": "pneumococcal polysaccharide vaccine, 23 valent"
            }
          ]
        },
        "patient": {
          "reference": "Patient/Patient-6553",
          "display": "Gabriel Bill Good"
        },
        "date": "2019-02-19T09:36:36-05:00",
        "primarySource": true,
        "location": {
          "reference": "Location/Location-1103",
          "display": "Acme Medical Center"
        },
        "practitioner": [
          {
            "actor": {
              "reference": "Practitioner/Practitioner-2530",
              "display": "Terrence Ramirez McCormick MD"
            }
          }
        ]
      },
      "request": {
        "method": "PUT",
        "url": "http://localhost:8080/cqf-ruler/baseDstu3/Immunization/Immunization-13439"
      }
    },
    {
      "resource": {
        "resourceType": "Observation",
        "id": "Observation-39645",
        "status": "final",
        "code": {
          "coding": [
            {
              "system": "http://loinc.org",
              "code": "8480-6",
              "display": "Systolic blood pressure"
            }
          ]
        },
        "subject": {
          "reference": "Patient/Patient-6553",
          "display": "Gabriel Bill Good"
        },
        "context": {
          "reference": "Encounter/Encounter-320",
          "display": "Acme Medical Center"
        },
        "effectiveDateTime": "2019-02-25T09:36:36-05:00",
        "performer": [
          {
            "reference": "Practitioner/Practitioner-2530",
            "display": "Terrence Ramirez McCormick MD"
          }
        ],
        "valueQuantity": {
          "value": 123.89343031784088,
          "unit": "mmHg"
        }
      },
      "request": {
        "method": "PUT",
        "url": "http://localhost:8080/cqf-ruler/baseDstu3/Observation/Observation-39645"
      }
    },
    {
      "resource": {
        "resourceType": "Observation",
        "id": "Observation-39646",
        "status": "final",
        "code": {
          "coding": [
            {
              "system": "http://loinc.org",
              "code": "8462-4",
              "display": "Diastolic blood pressure"
            }
          ]
        },
        "subject": {
          "reference": "Patient/Patient-6553",
          "display": "Gabriel Bill Good"
        },
        "context": {
          "reference": "Encounter/Encounter-320",
          "display": "Acme Medical Center"
        },
        "effectiveDateTime": "2019-02-25T09:36:36-05:00",
        "performer": [
          {
            "reference": "Practitioner/Practitioner-2530",
            "display": "Terrence Ramirez McCormick MD"
          }
        ],
        "valueQuantity": {
          "value": 74.53163923628742,
          "unit": "mmHg"
        }
      },
      "request": {
        "method": "PUT",
        "url": "http://localhost:8080/cqf-ruler/baseDstu3/Observation/Observation-39646"
      }
    },
    {
      "resource": {
        "resourceType": "Observation",
        "id": "Observation-39647",
        "status": "final",
        "category": [
          {
            "coding": [
              {
                "system": "http://hl7.org/fhir/observation-category",
                "code": "vital-signs",
                "display": "vital-signs"
              }
            ]
          }
        ],
        "code": {
          "coding": [
            {
              "system": "http://loinc.org",
              "code": "8716-3",
              "display": "Vital Signs Panel"
            }
          ]
        },
        "subject": {
          "reference": "Patient/Patient-6553",
          "display": "Gabriel Bill Good"
        },
        "context": {
          "reference": "Encounter/Encounter-320",
          "display": "Acme Medical Center"
        },
        "effectivePeriod": {
          "start": "2019-02-25T09:36:36-05:00",
          "end": "2019-02-25T09:36:36-05:00"
        },
        "valueQuantity": {
          "value": 74.53163923628742,
          "unit": "mmHg"
        },
        "component": [
          {
            "code": {
              "coding": [
                {
                  "system": "http://loinc.org",
                  "code": "8302-2",
                  "display": "Height"
                }
              ]
            }
          },
          {
            "code": {
              "coding": [
                {
                  "system": "http://loinc.org",
                  "code": "29463-7",
                  "display": "Weight"
                }
              ]
            }
          },
          {
            "code": {
              "coding": [
                {
                  "system": "http://loinc.org",
                  "code": "39156-5",
                  "display": "BMI"
                }
              ]
            }
          },
          {
            "code": {
              "coding": [
                {
                  "system": "http://loinc.org",
                  "code": "8310-5",
                  "display": "Temperature"
                }
              ]
            }
          },
          {
            "code": {
              "coding": [
                {
                  "system": "http://loinc.org",
                  "code": "8459-0",
                  "display": "Systolic Blood Pressure"
                }
              ]
            }
          },
          {
            "code": {
              "coding": [
                {
                  "system": "http://loinc.org",
                  "code": "8453-3",
                  "display": "Diastolic Blood Pressure"
                }
              ]
            }
          }
        ]
      },
      "request": {
        "method": "PUT",
        "url": "http://localhost:8080/cqf-ruler/baseDstu3/Observation/Observation-39647"
      }
    }
  ]
}