{
  "resourceType": "Bundle",
  "type": "transaction",
  "entry": [
    {
      "resource": {
        "resourceType": "Encounter",
        "id": "Encounter-299",
        "status": "finished",
        "class": {
          "system": "http://hl7.org/fhir/encounter-class",
          "code": "other",
          "display": "Other"
        },
        "subject": {
          "reference": "Patient/Patient-6558",
          "display": "Ellen Sandoval Sanford"
        },
        "participant": [
          {
            "period": {
              "start": "2018-12-24T09:36:36-05:00",
              "end": "2018-12-24T09:36:36-05:00"
            },
            "individual": {
              "reference": "Practitioner/Practitioner-2535",
              "display": "Clifton Terrence Carey MD"
            }
          }
        ],
        "period": {
          "start": "2018-12-24T09:36:36-05:00",
          "end": "2018-12-24T09:36:36-05:00"
        },
        "location": [
          {
            "location": {
              "reference": "Location/Location-1102",
              "display": "Pediatric and Adult Medicine"
            }
          }
        ],
        "serviceProvider": {
          "reference": "Organization/Organization-1102",
          "display": "Pediatric and Adult Medicine"
        }
      },
      "request": {
        "method": "PUT",
        "url": "http://localhost:8080/cqf-ruler/baseDstu3/Encounter/Encounter-299"
      }
    },
    {
      "resource": {
        "resourceType": "Immunization",
        "id": "Immunization-9038",
        "status": "completed",
        "notGiven": false,
        "vaccineCode": {
          "coding": [
            {
              "system": "http://hl7.org/fhir/sid/cvx",
              "code": "140",
              "display": "Influenza, seasonal, injectable, preservative free"
            }
          ]
        },
        "patient": {
          "reference": "Patient/Patient-6558",
          "display": "Ellen Sandoval Sanford"
        },
        "date": "2018-12-18T09:36:36-05:00",
        "primarySource": true,
        "location": {
          "reference": "Location/Location-1102",
          "display": "Pediatric and Adult Medicine"
        },
        "practitioner": [
          {
            "actor": {
              "reference": "Practitioner/Practitioner-2535",
              "display": "Clifton Terrence Carey MD"
            }
          }
        ]
      },
      "request": {
        "method": "PUT",
        "url": "http://localhost:8080/cqf-ruler/baseDstu3/Immunization/Immunization-9038"
      }
    },
    {
      "resource": {
        "resourceType": "Procedure",
        "id": "Procedure-35252",
        "status": "completed",
        "code": {
          "coding": [
            {
              "system": "http://loinc.org",
              "code": "14565-6",
              "display": "Hemoglobin.gastrointestinal [Presence] in Stool --3rd specimen"
            }
          ]
        },
        "subject": {
          "reference": "Patient/Patient-6558",
          "display": "Ellen Sandoval Sanford"
        },
        "context": {
          "reference": "Encounter/Encounter-299",
          "display": "Pediatric and Adult Medicine"
        },
        "performedPeriod": {
          "start": "2018-12-24T09:36:36-05:00",
          "end": "2018-12-24T09:36:36-05:00"
        },
        "performer": [
          {
            "actor": {
              "reference": "Practitioner/Practitioner-2535",
              "display": "Clifton Terrence Carey MD"
            }
          }
        ],
        "location": {
          "reference": "Location/Location-1102",
          "display": "Pediatric and Adult Medicine"
        }
      },
      "request": {
        "method": "PUT",
        "url": "http://localhost:8080/cqf-ruler/baseDstu3/Procedure/Procedure-35252"
      }
    },
    {
      "resource": {
        "resourceType": "Observation",
        "id": "Observation-35253",
        "status": "final",
        "code": {
          "coding": [
            {
              "system": "http://loinc.org",
              "code": "57905-2",
              "display": "Hemoglobin.gastrointestinal [Presence] in Stool by Immunologic method --1st specimen"
            }
          ]
        },
        "subject": {
          "reference": "Patient/Patient-6558",
          "display": "Ellen Sandoval Sanford"
        },
        "context": {
          "reference": "Encounter/Encounter-299",
          "display": "Pediatric and Adult Medicine"
        },
        "effectiveDateTime": "2018-12-24T09:36:36-05:00",
        "performer": [
          {
            "reference": "Practitioner/Practitioner-2535",
            "display": "Clifton Terrence Carey MD"
          }
        ],
        "valueString": "NEGATIVE"
      },
      "request": {
        "method": "PUT",
        "url": "http://localhost:8080/cqf-ruler/baseDstu3/Observation/Observation-35253"
      }
    },
    {
      "resource": {
        "resourceType": "Observation",
        "id": "Observation-35255",
        "status": "final",
        "code": {
          "coding": [
            {
              "system": "http://loinc.org",
              "code": "8480-6",
              "display": "Systolic blood pressure"
            }
          ]
        },
        "subject": {
          "reference": "Patient/Patient-6558",
          "display": "Ellen Sandoval Sanford"
        },
        "context": {
          "reference": "Encounter/Encounter-299",
          "display": "Pediatric and Adult Medicine"
        },
        "effectiveDateTime": "2018-12-24T09:36:36-05:00",
        "performer": [
          {
            "reference": "Practitioner/Practitioner-2535",
            "display": "Clifton Terrence Carey MD"
          }
        ],
        "valueQuantity": {
          "value": 160.55194744554728,
          "unit": "mmHg"
        }
      },
      "request": {
        "method": "PUT",
        "url": "http://localhost:8080/cqf-ruler/baseDstu3/Observation/Observation-35255"
      }
    },
    {
      "resource": {
        "resourceType": "Observation",
        "id": "Observation-35256",
        "status": "final",
        "code": {
          "coding": [
            {
              "system": "http://loinc.org",
              "code": "8462-4",
              "display": "Diastolic blood pressure"
            }
          ]
        },
        "subject": {
          "reference": "Patient/Patient-6558",
          "display": "Ellen Sandoval Sanford"
        },
        "context": {
          "reference": "Encounter/Encounter-299",
          "display": "Pediatric and Adult Medicine"
        },
        "effectiveDateTime": "2018-12-24T09:36:36-05:00",
        "performer": [
          {
            "reference": "Practitioner/Practitioner-2535",
            "display": "Clifton Terrence Carey MD"
          }
        ],
        "valueQuantity": {
          "value": 78.93910268461937,
          "unit": "mmHg"
        }
      },
      "request": {
        "method": "PUT",
        "url": "http://localhost:8080/cqf-ruler/baseDstu3/Observation/Observation-35256"
      }
    },
    {
      "resource": {
        "resourceType": "Condition",
        "id": "Condition-35257",
        "clinicalStatus": "active",
        "verificationStatus": "confirmed",
        "code": {
          "coding": [
            {
              "system": "http://snomed.info/sct",
              "code": "65518004",
              "display": "Labile diastolic hypertension"
            }
          ]
        },
        "subject": {
          "reference": "Patient/Patient-6558",
          "display": "Ellen Sandoval Sanford"
        },
        "context": {
          "reference": "Encounter/Encounter-299",
          "display": "Pediatric and Adult Medicine"
        },
        "onsetDateTime": "2018-12-24T09:36:36-05:00",
        "assertedDate": "2018-12-24T09:36:36-05:00",
        "asserter": {
          "reference": "Practitioner/Practitioner-2535",
          "display": "Clifton Terrence Carey MD"
        }
      },
      "request": {
        "method": "PUT",
        "url": "http://localhost:8080/cqf-ruler/baseDstu3/Condition/Condition-35257"
      }
    },
    {
      "resource": {
        "resourceType": "Procedure",
        "id": "Procedure-35258",
        "status": "completed",
        "code": {
          "coding": [
            {
              "system": "http://snomed.info/sct",
              "code": "43204002",
              "display": "Bilateral mammography (procedure)"
            }
          ]
        },
        "subject": {
          "reference": "Patient/Patient-6558",
          "display": "Ellen Sandoval Sanford"
        },
        "context": {
          "reference": "Encounter/Encounter-299",
          "display": "Pediatric and Adult Medicine"
        },
        "performedPeriod": {
          "start": "2018-12-24T09:36:36-05:00",
          "end": "2018-12-24T09:36:36-05:00"
        },
        "performer": [
          {
            "actor": {
              "reference": "Practitioner/Practitioner-2535",
              "display": "Clifton Terrence Carey MD"
            }
          }
        ],
        "location": {
          "reference": "Location/Location-1102",
          "display": "Pediatric and Adult Medicine"
        }
      },
      "request": {
        "method": "PUT",
        "url": "http://localhost:8080/cqf-ruler/baseDstu3/Procedure/Procedure-35258"
      }
    },
    {
      "resource": {
        "resourceType": "Observation",
        "id": "Observation-35259",
        "status": "final",
        "code": {
          "coding": [
            {
              "system": "http://snomed.info/sct",
              "code": "168749009",
              "display": "Mammography normal (finding)"
            }
          ]
        },
        "subject": {
          "reference": "Patient/Patient-6558",
          "display": "Ellen Sandoval Sanford"
        },
        "context": {
          "reference": "Encounter/Encounter-299",
          "display": "Pediatric and Adult Medicine"
        },
        "effectiveDateTime": "2018-12-24T09:36:36-05:00",
        "performer": [
          {
            "reference": "Practitioner/Practitioner-2535",
            "display": "Clifton Terrence Carey MD"
          }
        ],
        "valueString": "NEGATIVE"
      },
      "request": {
        "method": "PUT",
        "url": "http://localhost:8080/cqf-ruler/baseDstu3/Observation/Observation-35259"
      }
    },
    {
      "resource": {
        "resourceType": "DiagnosticReport",
        "id": "DiagnosticReport-35260",
        "status": "final",
        "code": {
          "coding": [
            {
              "system": "http://loinc.org",
              "code": "42415-0",
              "display": "Breast - bilateral Mammogram Post Wire Placement"
            }
          ]
        },
        "subject": {
          "reference": "Patient/Patient-6558",
          "display": "Ellen Sandoval Sanford"
        },
        "context": {
          "reference": "Encounter/Encounter-299",
          "display": "Pediatric and Adult Medicine"
        },
        "effectivePeriod": {
          "start": "2018-12-24T09:36:36-05:00",
          "end": "2018-12-24T09:36:36-05:00"
        },
        "result": [
          {
            "reference": "Observation/Observation-35259",
            "display": "No_Cancer_Detected"
          }
        ]
      },
      "request": {
        "method": "PUT",
        "url": "http://localhost:8080/cqf-ruler/baseDstu3/DiagnosticReport/DiagnosticReport-35260"
      }
    },
    {
      "resource": {
        "resourceType": "Observation",
        "id": "Observation-35261",
        "status": "final",
        "category": [
          {
            "coding": [
              {
                "system": "http://hl7.org/fhir/observation-category",
                "code": "vital-signs",
                "display": "vital-signs"
              }
            ]
          }
        ],
        "code": {
          "coding": [
            {
              "system": "http://loinc.org",
              "code": "8716-3",
              "display": "Vital Signs Panel"
            }
          ]
        },
        "subject": {
          "reference": "Patient/Patient-6558",
          "display": "Ellen Sandoval Sanford"
        },
        "context": {
          "reference": "Encounter/Encounter-299",
          "display": "Pediatric and Adult Medicine"
        },
        "effectivePeriod": {
          "start": "2018-12-24T09:36:36-05:00",
          "end": "2018-12-24T09:36:36-05:00"
        },
        "valueQuantity": {
          "value": 78.93910268461937,
          "unit": "mmHg"
        },
        "component": [
          {
            "code": {
              "coding": [
                {
                  "system": "http://loinc.org",
                  "code": "8302-2",
                  "display": "Height"
                }
              ]
            }
          },
          {
            "code": {
              "coding": [
                {
                  "system": "http://loinc.org",
                  "code": "29463-7",
                  "display": "Weight"
                }
              ]
            }
          },
          {
            "code": {
              "coding": [
                {
                  "system": "http://loinc.org",
                  "code": "39156-5",
                  "display": "BMI"
                }
              ]
            }
          },
          {
            "code": {
              "coding": [
                {
                  "system": "http://loinc.org",
                  "code": "8310-5",
                  "display": "Temperature"
                }
              ]
            }
          },
          {
            "code": {
              "coding": [
                {
                  "system": "http://loinc.org",
                  "code": "8459-0",
                  "display": "Systolic Blood Pressure"
                }
              ]
            }
          },
          {
            "code": {
              "coding": [
                {
                  "system": "http://loinc.org",
                  "code": "8453-3",
                  "display": "Diastolic Blood Pressure"
                }
              ]
            }
          }
        ]
      },
      "request": {
        "method": "PUT",
        "url": "http://localhost:8080/cqf-ruler/baseDstu3/Observation/Observation-35261"
      }
    }
  ]
}