{
  "resourceType": "Bundle",
  "type": "transaction",
  "entry": [
    {
      "resource": {
        "resourceType": "Encounter",
        "id": "Encounter-424",
        "status": "finished",
        "class": {
          "system": "http://hl7.org/fhir/encounter-class",
          "code": "other",
          "display": "Other"
        },
        "subject": {
          "reference": "Patient/Patient-6523",
          "display": "Wendy Danielle Vaughn"
        },
        "participant": [
          {
            "period": {
              "start": "2020-03-23T09:36:36-04:00",
              "end": "2020-03-23T09:36:36-04:00"
            },
            "individual": {
              "reference": "Practitioner/Practitioner-2520",
              "display": "Kimberly Christy Ashley MD"
            }
          }
        ],
        "period": {
          "start": "2020-03-23T09:36:36-04:00",
          "end": "2020-03-23T09:36:36-04:00"
        },
        "location": [
          {
            "location": {
              "reference": "Location/Location-1105",
              "display": "Bayside Medical Group"
            }
          }
        ],
        "serviceProvider": {
          "reference": "Organization/Organization-1105",
          "display": "Bayside Medical Group"
        }
      },
      "request": {
        "method": "PUT",
        "url": "http://localhost:8080/cqf-ruler/baseDstu3/Encounter/Encounter-424"
      }
    },
    {
      "resource": {
        "resourceType": "Immunization",
        "id": "Immunization-41794",
        "status": "completed",
        "notGiven": false,
        "vaccineCode": {
          "coding": [
            {
              "system": "http://hl7.org/fhir/sid/cvx",
              "code": "140",
              "display": "Influenza, seasonal, injectable, preservative free"
            }
          ]
        },
        "patient": {
          "reference": "Patient/Patient-6523",
          "display": "Wendy Danielle Vaughn"
        },
        "date": "2020-03-17T09:36:36-04:00",
        "primarySource": true,
        "location": {
          "reference": "Location/Location-1105",
          "display": "Bayside Medical Group"
        },
        "practitioner": [
          {
            "actor": {
              "reference": "Practitioner/Practitioner-2520",
              "display": "Kimberly Christy Ashley MD"
            }
          }
        ]
      },
      "request": {
        "method": "PUT",
        "url": "http://localhost:8080/cqf-ruler/baseDstu3/Immunization/Immunization-41794"
      }
    },
    {
      "resource": {
        "resourceType": "Procedure",
        "id": "Procedure-67918",
        "status": "completed",
        "code": {
          "coding": [
            {
              "system": "http://loinc.org",
              "code": "57905-2",
              "display": "Hemoglobin.gastrointestinal [Presence] in Stool by Immunologic method --1st specimen"
            }
          ]
        },
        "subject": {
          "reference": "Patient/Patient-6523",
          "display": "Wendy Danielle Vaughn"
        },
        "context": {
          "reference": "Encounter/Encounter-424",
          "display": "Bayside Medical Group"
        },
        "performedPeriod": {
          "start": "2020-03-23T09:36:36-04:00",
          "end": "2020-03-23T09:36:36-04:00"
        },
        "performer": [
          {
            "actor": {
              "reference": "Practitioner/Practitioner-2520",
              "display": "Kimberly Christy Ashley MD"
            }
          }
        ],
        "location": {
          "reference": "Location/Location-1105",
          "display": "Bayside Medical Group"
        }
      },
      "request": {
        "method": "PUT",
        "url": "http://localhost:8080/cqf-ruler/baseDstu3/Procedure/Procedure-67918"
      }
    },
    {
      "resource": {
        "resourceType": "Observation",
        "id": "Observation-67919",
        "status": "final",
        "code": {
          "coding": [
            {
              "system": "http://loinc.org",
              "code": "12504-7",
              "display": "Hemoglobin.gastrointestinal [Presence] in Stool --5th specimen"
            }
          ]
        },
        "subject": {
          "reference": "Patient/Patient-6523",
          "display": "Wendy Danielle Vaughn"
        },
        "context": {
          "reference": "Encounter/Encounter-424",
          "display": "Bayside Medical Group"
        },
        "effectiveDateTime": "2020-03-23T09:36:36-04:00",
        "performer": [
          {
            "reference": "Practitioner/Practitioner-2520",
            "display": "Kimberly Christy Ashley MD"
          }
        ],
        "valueString": "NEGATIVE"
      },
      "request": {
        "method": "PUT",
        "url": "http://localhost:8080/cqf-ruler/baseDstu3/Observation/Observation-67919"
      }
    },
    {
      "resource": {
        "resourceType": "Observation",
        "id": "Observation-67920",
        "status": "final",
        "code": {
          "coding": [
            {
              "system": "http://loinc.org",
              "code": "8480-6",
              "display": "Systolic blood pressure"
            }
          ]
        },
        "subject": {
          "reference": "Patient/Patient-6523",
          "display": "Wendy Danielle Vaughn"
        },
        "context": {
          "reference": "Encounter/Encounter-424",
          "display": "Bayside Medical Group"
        },
        "effectiveDateTime": "2020-03-23T09:36:36-04:00",
        "performer": [
          {
            "reference": "Practitioner/Practitioner-2520",
            "display": "Kimberly Christy Ashley MD"
          }
        ],
        "valueQuantity": {
          "value": 154.15147154653667,
          "unit": "mmHg"
        }
      },
      "request": {
        "method": "PUT",
        "url": "http://localhost:8080/cqf-ruler/baseDstu3/Observation/Observation-67920"
      }
    },
    {
      "resource": {
        "resourceType": "Observation",
        "id": "Observation-67921",
        "status": "final",
        "code": {
          "coding": [
            {
              "system": "http://loinc.org",
              "code": "8462-4",
              "display": "Diastolic blood pressure"
            }
          ]
        },
        "subject": {
          "reference": "Patient/Patient-6523",
          "display": "Wendy Danielle Vaughn"
        },
        "context": {
          "reference": "Encounter/Encounter-424",
          "display": "Bayside Medical Group"
        },
        "effectiveDateTime": "2020-03-23T09:36:36-04:00",
        "performer": [
          {
            "reference": "Practitioner/Practitioner-2520",
            "display": "Kimberly Christy Ashley MD"
          }
        ],
        "valueQuantity": {
          "value": 76.62726017158913,
          "unit": "mmHg"
        }
      },
      "request": {
        "method": "PUT",
        "url": "http://localhost:8080/cqf-ruler/baseDstu3/Observation/Observation-67921"
      }
    },
    {
      "resource": {
        "resourceType": "Condition",
        "id": "Condition-67922",
        "clinicalStatus": "active",
        "verificationStatus": "confirmed",
        "code": {
          "coding": [
            {
              "system": "http://hl7.org/fhir/sid/icd-9-cm",
              "code": "401.1",
              "display": "Benign essential hypertension"
            }
          ]
        },
        "subject": {
          "reference": "Patient/Patient-6523",
          "display": "Wendy Danielle Vaughn"
        },
        "context": {
          "reference": "Encounter/Encounter-424",
          "display": "Bayside Medical Group"
        },
        "onsetDateTime": "2020-03-23T09:36:36-04:00",
        "assertedDate": "2020-03-23T09:36:36-04:00",
        "asserter": {
          "reference": "Practitioner/Practitioner-2520",
          "display": "Kimberly Christy Ashley MD"
        }
      },
      "request": {
        "method": "PUT",
        "url": "http://localhost:8080/cqf-ruler/baseDstu3/Condition/Condition-67922"
      }
    },
    {
      "resource": {
        "resourceType": "Observation",
        "id": "Observation-67923",
        "status": "final",
        "category": [
          {
            "coding": [
              {
                "system": "http://hl7.org/fhir/observation-category",
                "code": "vital-signs",
                "display": "vital-signs"
              }
            ]
          }
        ],
        "code": {
          "coding": [
            {
              "system": "http://loinc.org",
              "code": "8716-3",
              "display": "Vital Signs Panel"
            }
          ]
        },
        "subject": {
          "reference": "Patient/Patient-6523",
          "display": "Wendy Danielle Vaughn"
        },
        "context": {
          "reference": "Encounter/Encounter-424",
          "display": "Bayside Medical Group"
        },
        "effectivePeriod": {
          "start": "2020-03-23T09:36:36-04:00",
          "end": "2020-03-23T09:36:36-04:00"
        },
        "valueQuantity": {
          "value": 76.62726017158913,
          "unit": "mmHg"
        },
        "component": [
          {
            "code": {
              "coding": [
                {
                  "system": "http://loinc.org",
                  "code": "8302-2",
                  "display": "Height"
                }
              ]
            }
          },
          {
            "code": {
              "coding": [
                {
                  "system": "http://loinc.org",
                  "code": "29463-7",
                  "display": "Weight"
                }
              ]
            }
          },
          {
            "code": {
              "coding": [
                {
                  "system": "http://loinc.org",
                  "code": "39156-5",
                  "display": "BMI"
                }
              ]
            }
          },
          {
            "code": {
              "coding": [
                {
                  "system": "http://loinc.org",
                  "code": "8310-5",
                  "display": "Temperature"
                }
              ]
            }
          },
          {
            "code": {
              "coding": [
                {
                  "system": "http://loinc.org",
                  "code": "8459-0",
                  "display": "Systolic Blood Pressure"
                }
              ]
            }
          },
          {
            "code": {
              "coding": [
                {
                  "system": "http://loinc.org",
                  "code": "8453-3",
                  "display": "Diastolic Blood Pressure"
                }
              ]
            }
          }
        ]
      },
      "request": {
        "method": "PUT",
        "url": "http://localhost:8080/cqf-ruler/baseDstu3/Observation/Observation-67923"
      }
    }
  ]
}