{
  "resourceType": "Bundle",
  "type": "transaction",
  "entry": [
    {
      "resource": {
        "resourceType": "Encounter",
        "id": "Encounter-1103",
        "status": "finished",
        "class": {
          "system": "http://hl7.org/fhir/encounter-class",
          "code": "other",
          "display": "Other"
        },
        "subject": {
          "reference": "Patient/Patient-1129",
          "display": "Viola Jean Campbell"
        },
        "participant": [
          {
            "period": {
              "start": "2027-10-25T09:36:36-04:00",
              "end": "2027-10-25T09:36:36-04:00"
            },
            "individual": {
              "reference": "Practitioner/Practitioner-2524",
              "display": "Willie Vincent Riddle MD"
            }
          }
        ],
        "period": {
          "start": "2027-10-25T09:36:36-04:00",
          "end": "2027-10-25T09:36:36-04:00"
        },
        "location": [
          {
            "location": {
              "reference": "Location/Location-1103",
              "display": "Acme Medical Center"
            }
          }
        ],
        "serviceProvider": {
          "reference": "Organization/Organization-1103",
          "display": "Acme Medical Center"
        }
      },
      "request": {
        "method": "PUT",
        "url": "http://localhost:8080/cqf-ruler/baseDstu3/Encounter/Encounter-1103"
      }
    },
    {
      "resource": {
        "resourceType": "Immunization",
        "id": "Immunization-238217",
        "status": "completed",
        "notGiven": false,
        "vaccineCode": {
          "coding": [
            {
              "system": "http://hl7.org/fhir/sid/cvx",
              "code": "140",
              "display": "Influenza, seasonal, injectable, preservative free"
            }
          ]
        },
        "patient": {
          "reference": "Patient/Patient-1129",
          "display": "Viola Jean Campbell"
        },
        "date": "2027-10-19T09:36:36-04:00",
        "primarySource": true,
        "location": {
          "reference": "Location/Location-1103",
          "display": "Acme Medical Center"
        },
        "practitioner": [
          {
            "actor": {
              "reference": "Practitioner/Practitioner-2524",
              "display": "Willie Vincent Riddle MD"
            }
          }
        ]
      },
      "request": {
        "method": "PUT",
        "url": "http://localhost:8080/cqf-ruler/baseDstu3/Immunization/Immunization-238217"
      }
    },
    {
      "resource": {
        "resourceType": "Immunization",
        "id": "Immunization-238218",
        "status": "completed",
        "notGiven": false,
        "vaccineCode": {
          "coding": [
            {
              "system": "http://hl7.org/fhir/sid/cvx",
              "code": "113",
              "display": "Td (adult) preservative free"
            }
          ]
        },
        "patient": {
          "reference": "Patient/Patient-1129",
          "display": "Viola Jean Campbell"
        },
        "date": "2027-10-19T09:36:36-04:00",
        "primarySource": true,
        "location": {
          "reference": "Location/Location-1103",
          "display": "Acme Medical Center"
        },
        "practitioner": [
          {
            "actor": {
              "reference": "Practitioner/Practitioner-2524",
              "display": "Willie Vincent Riddle MD"
            }
          }
        ]
      },
      "request": {
        "method": "PUT",
        "url": "http://localhost:8080/cqf-ruler/baseDstu3/Immunization/Immunization-238218"
      }
    },
    {
      "resource": {
        "resourceType": "Observation",
        "id": "Observation-263977",
        "status": "final",
        "code": {
          "coding": [
            {
              "system": "http://loinc.org",
              "code": "8480-6",
              "display": "Systolic blood pressure"
            }
          ]
        },
        "subject": {
          "reference": "Patient/Patient-1129",
          "display": "Viola Jean Campbell"
        },
        "context": {
          "reference": "Encounter/Encounter-1103",
          "display": "Acme Medical Center"
        },
        "effectiveDateTime": "2027-10-25T09:36:36-04:00",
        "performer": [
          {
            "reference": "Practitioner/Practitioner-2524",
            "display": "Willie Vincent Riddle MD"
          }
        ],
        "valueQuantity": {
          "value": 166.871348592185,
          "unit": "mmHg"
        }
      },
      "request": {
        "method": "PUT",
        "url": "http://localhost:8080/cqf-ruler/baseDstu3/Observation/Observation-263977"
      }
    },
    {
      "resource": {
        "resourceType": "Observation",
        "id": "Observation-263978",
        "status": "final",
        "code": {
          "coding": [
            {
              "system": "http://loinc.org",
              "code": "8462-4",
              "display": "Diastolic blood pressure"
            }
          ]
        },
        "subject": {
          "reference": "Patient/Patient-1129",
          "display": "Viola Jean Campbell"
        },
        "context": {
          "reference": "Encounter/Encounter-1103",
          "display": "Acme Medical Center"
        },
        "effectiveDateTime": "2027-10-25T09:36:36-04:00",
        "performer": [
          {
            "reference": "Practitioner/Practitioner-2524",
            "display": "Willie Vincent Riddle MD"
          }
        ],
        "valueQuantity": {
          "value": 69.86307888569927,
          "unit": "mmHg"
        }
      },
      "request": {
        "method": "PUT",
        "url": "http://localhost:8080/cqf-ruler/baseDstu3/Observation/Observation-263978"
      }
    },
    {
      "resource": {
        "resourceType": "Condition",
        "id": "Condition-263979",
        "clinicalStatus": "active",
        "verificationStatus": "confirmed",
        "code": {
          "coding": [
            {
              "system": "http://snomed.info/sct",
              "code": "59720008",
              "display": "Sustained diastolic hypertension"
            }
          ]
        },
        "subject": {
          "reference": "Patient/Patient-1129",
          "display": "Viola Jean Campbell"
        },
        "context": {
          "reference": "Encounter/Encounter-1103",
          "display": "Acme Medical Center"
        },
        "onsetDateTime": "2027-10-25T09:36:36-04:00",
        "assertedDate": "2027-10-25T09:36:36-04:00",
        "asserter": {
          "reference": "Practitioner/Practitioner-2524",
          "display": "Willie Vincent Riddle MD"
        }
      },
      "request": {
        "method": "PUT",
        "url": "http://localhost:8080/cqf-ruler/baseDstu3/Condition/Condition-263979"
      }
    },
    {
      "resource": {
        "resourceType": "Observation",
        "id": "Observation-263980",
        "status": "final",
        "category": [
          {
            "coding": [
              {
                "system": "http://hl7.org/fhir/observation-category",
                "code": "vital-signs",
                "display": "vital-signs"
              }
            ]
          }
        ],
        "code": {
          "coding": [
            {
              "system": "http://loinc.org",
              "code": "8716-3",
              "display": "Vital Signs Panel"
            }
          ]
        },
        "subject": {
          "reference": "Patient/Patient-1129",
          "display": "Viola Jean Campbell"
        },
        "context": {
          "reference": "Encounter/Encounter-1103",
          "display": "Acme Medical Center"
        },
        "effectivePeriod": {
          "start": "2027-10-25T09:36:36-04:00",
          "end": "2027-10-25T09:36:36-04:00"
        },
        "valueQuantity": {
          "value": 69.86307888569927,
          "unit": "mmHg"
        },
        "component": [
          {
            "code": {
              "coding": [
                {
                  "system": "http://loinc.org",
                  "code": "8302-2",
                  "display": "Height"
                }
              ]
            }
          },
          {
            "code": {
              "coding": [
                {
                  "system": "http://loinc.org",
                  "code": "29463-7",
                  "display": "Weight"
                }
              ]
            }
          },
          {
            "code": {
              "coding": [
                {
                  "system": "http://loinc.org",
                  "code": "39156-5",
                  "display": "BMI"
                }
              ]
            }
          },
          {
            "code": {
              "coding": [
                {
                  "system": "http://loinc.org",
                  "code": "8310-5",
                  "display": "Temperature"
                }
              ]
            }
          },
          {
            "code": {
              "coding": [
                {
                  "system": "http://loinc.org",
                  "code": "8459-0",
                  "display": "Systolic Blood Pressure"
                }
              ]
            }
          },
          {
            "code": {
              "coding": [
                {
                  "system": "http://loinc.org",
                  "code": "8453-3",
                  "display": "Diastolic Blood Pressure"
                }
              ]
            }
          }
        ]
      },
      "request": {
        "method": "PUT",
        "url": "http://localhost:8080/cqf-ruler/baseDstu3/Observation/Observation-263980"
      }
    }
  ]
}