{
  "resourceType": "Bundle",
  "type": "transaction",
  "entry": [
    {
      "resource": {
        "resourceType": "Encounter",
        "id": "Encounter-460",
        "status": "finished",
        "class": {
          "system": "http://hl7.org/fhir/encounter-class",
          "code": "other",
          "display": "Other"
        },
        "subject": {
          "reference": "Patient/Patient-6528",
          "display": "Phillip Ball Reilly Jr"
        },
        "participant": [
          {
            "period": {
              "start": "2019-07-27T09:36:36-04:00",
              "end": "2019-07-29T09:36:36-04:00"
            },
            "individual": {
              "reference": "Practitioner/Practitioner-2529",
              "display": "Stanley Floyd Nielsen MD"
            }
          }
        ],
        "period": {
          "start": "2019-07-27T09:36:36-04:00",
          "end": "2019-07-29T09:36:36-04:00"
        },
        "location": [
          {
            "location": {
              "reference": "Location/Location-1002",
              "display": "Gift of Mercy Hospital"
            }
          }
        ],
        "serviceProvider": {
          "reference": "Organization/Organization-1002",
          "display": "Gift of Mercy Hospital"
        }
      },
      "request": {
        "method": "PUT",
        "url": "http://localhost:8080/cqf-ruler/baseDstu3/Encounter/Encounter-460"
      }
    },
    {
      "resource": {
        "resourceType": "Procedure",
        "id": "Procedure-50504",
        "status": "completed",
        "code": {
          "coding": [
            {
              "system": "http://www.ama-assn.org/go/cpt",
              "code": "45337",
              "display": "Sigmoidoscopy, flexible; with decompression (for pathologic distention) (eg, volvulus, megacolon), including placement of decompression tube, when performed"
            }
          ]
        },
        "subject": {
          "reference": "Patient/Patient-6528",
          "display": "Phillip Ball Reilly Jr"
        },
        "context": {
          "reference": "Encounter/Encounter-460",
          "display": "Gift of Mercy Hospital"
        },
        "performedPeriod": {
          "start": "2019-07-27T09:36:36-04:00",
          "end": "2019-07-27T09:36:36-04:00"
        },
        "performer": [
          {
            "actor": {
              "reference": "Practitioner/Practitioner-2529",
              "display": "Stanley Floyd Nielsen MD"
            }
          }
        ],
        "location": {
          "reference": "Location/Location-1002",
          "display": "Gift of Mercy Hospital"
        }
      },
      "request": {
        "method": "PUT",
        "url": "http://localhost:8080/cqf-ruler/baseDstu3/Procedure/Procedure-50504"
      }
    },
    {
      "resource": {
        "resourceType": "Observation",
        "id": "Observation-50505",
        "status": "final",
        "code": {
          "coding": [
            {
              "system": "http://www.ama-assn.org/go/cpt",
              "code": "45346",
              "display": "Sigmoidoscopy, flexible; with ablation of tumor(s), polyp(s), or other lesion(s) (includes pre- and post-dilation and guide wire passage, when performed)"
            }
          ]
        },
        "subject": {
          "reference": "Patient/Patient-6528",
          "display": "Phillip Ball Reilly Jr"
        },
        "context": {
          "reference": "Encounter/Encounter-460",
          "display": "Gift of Mercy Hospital"
        },
        "effectiveDateTime": "2019-07-27T09:36:36-04:00",
        "performer": [
          {
            "reference": "Practitioner/Practitioner-2529",
            "display": "Stanley Floyd Nielsen MD"
          }
        ],
        "valueString": "NEGATIVE"
      },
      "request": {
        "method": "PUT",
        "url": "http://localhost:8080/cqf-ruler/baseDstu3/Observation/Observation-50505"
      }
    },
    {
      "resource": {
        "resourceType": "Observation",
        "id": "Observation-50507",
        "status": "final",
        "category": [
          {
            "coding": [
              {
                "system": "http://hl7.org/fhir/observation-category",
                "code": "vital-signs",
                "display": "vital-signs"
              }
            ]
          }
        ],
        "code": {
          "coding": [
            {
              "system": "http://loinc.org",
              "code": "8716-3",
              "display": "Vital Signs Panel"
            }
          ]
        },
        "subject": {
          "reference": "Patient/Patient-6528",
          "display": "Phillip Ball Reilly Jr"
        },
        "context": {
          "reference": "Encounter/Encounter-460",
          "display": "Gift of Mercy Hospital"
        },
        "effectivePeriod": {
          "start": "2019-07-29T09:36:36-04:00",
          "end": "2019-07-29T09:36:36-04:00"
        },
        "valueQuantity": {
          "value": 84.23640683097692,
          "unit": "mmHg"
        },
        "component": [
          {
            "code": {
              "coding": [
                {
                  "system": "http://loinc.org",
                  "code": "8302-2",
                  "display": "Height"
                }
              ]
            }
          },
          {
            "code": {
              "coding": [
                {
                  "system": "http://loinc.org",
                  "code": "29463-7",
                  "display": "Weight"
                }
              ]
            }
          },
          {
            "code": {
              "coding": [
                {
                  "system": "http://loinc.org",
                  "code": "39156-5",
                  "display": "BMI"
                }
              ]
            }
          },
          {
            "code": {
              "coding": [
                {
                  "system": "http://loinc.org",
                  "code": "8310-5",
                  "display": "Temperature"
                }
              ]
            }
          },
          {
            "code": {
              "coding": [
                {
                  "system": "http://loinc.org",
                  "code": "8459-0",
                  "display": "Systolic Blood Pressure"
                }
              ]
            }
          },
          {
            "code": {
              "coding": [
                {
                  "system": "http://loinc.org",
                  "code": "8453-3",
                  "display": "Diastolic Blood Pressure"
                }
              ]
            }
          }
        ]
      },
      "request": {
        "method": "PUT",
        "url": "http://localhost:8080/cqf-ruler/baseDstu3/Observation/Observation-50507"
      }
    }
  ]
}