{
  "resourceType": "Bundle",
  "type": "transaction",
  "entry": [
    {
      "resource": {
        "resourceType": "Encounter",
        "id": "Encounter-508",
        "status": "finished",
        "class": {
          "system": "http://hl7.org/fhir/encounter-class",
          "code": "other",
          "display": "Other"
        },
        "subject": {
          "reference": "Patient/Patient-6504",
          "display": "Herman Galloway Gonzalez"
        },
        "participant": [
          {
            "period": {
              "start": "2022-01-31T09:36:36-05:00",
              "end": "2022-01-31T09:36:36-05:00"
            },
            "individual": {
              "reference": "Practitioner/Practitioner-2521",
              "display": "Heather Fuentes Guerra MD"
            }
          }
        ],
        "period": {
          "start": "2022-01-31T09:36:36-05:00",
          "end": "2022-01-31T09:36:36-05:00"
        },
        "location": [
          {
            "location": {
              "reference": "Location/Location-1106",
              "display": "Cranston Family Medical"
            }
          }
        ],
        "serviceProvider": {
          "reference": "Organization/Organization-1106",
          "display": "Cranston Family Medical"
        }
      },
      "request": {
        "method": "PUT",
        "url": "http://localhost:8080/cqf-ruler/baseDstu3/Encounter/Encounter-508"
      }
    },
    {
      "resource": {
        "resourceType": "Immunization",
        "id": "Immunization-63582",
        "status": "completed",
        "notGiven": false,
        "vaccineCode": {
          "coding": [
            {
              "system": "http://hl7.org/fhir/sid/cvx",
              "code": "140",
              "display": "Influenza, seasonal, injectable, preservative free"
            }
          ]
        },
        "patient": {
          "reference": "Patient/Patient-6504",
          "display": "Herman Galloway Gonzalez"
        },
        "date": "2022-01-26T09:36:36-05:00",
        "primarySource": true,
        "location": {
          "reference": "Location/Location-1106",
          "display": "Cranston Family Medical"
        },
        "practitioner": [
          {
            "actor": {
              "reference": "Practitioner/Practitioner-2521",
              "display": "Heather Fuentes Guerra MD"
            }
          }
        ]
      },
      "request": {
        "method": "PUT",
        "url": "http://localhost:8080/cqf-ruler/baseDstu3/Immunization/Immunization-63582"
      }
    },
    {
      "resource": {
        "resourceType": "Immunization",
        "id": "Immunization-63583",
        "status": "completed",
        "notGiven": false,
        "vaccineCode": {
          "coding": [
            {
              "system": "http://hl7.org/fhir/sid/cvx",
              "code": "113",
              "display": "Td (adult) preservative free"
            }
          ]
        },
        "patient": {
          "reference": "Patient/Patient-6504",
          "display": "Herman Galloway Gonzalez"
        },
        "date": "2022-01-26T09:36:36-05:00",
        "primarySource": true,
        "location": {
          "reference": "Location/Location-1106",
          "display": "Cranston Family Medical"
        },
        "practitioner": [
          {
            "actor": {
              "reference": "Practitioner/Practitioner-2521",
              "display": "Heather Fuentes Guerra MD"
            }
          }
        ]
      },
      "request": {
        "method": "PUT",
        "url": "http://localhost:8080/cqf-ruler/baseDstu3/Immunization/Immunization-63583"
      }
    },
    {
      "resource": {
        "resourceType": "Procedure",
        "id": "Procedure-115647",
        "status": "completed",
        "code": {
          "coding": [
            {
              "system": "http://loinc.org",
              "code": "27926-5",
              "display": "Hemoglobin.gastrointestinal [Presence] in Stool --8th specimen"
            }
          ]
        },
        "subject": {
          "reference": "Patient/Patient-6504",
          "display": "Herman Galloway Gonzalez"
        },
        "context": {
          "reference": "Encounter/Encounter-508",
          "display": "Cranston Family Medical"
        },
        "performedPeriod": {
          "start": "2022-01-31T09:36:36-05:00",
          "end": "2022-01-31T09:36:36-05:00"
        },
        "performer": [
          {
            "actor": {
              "reference": "Practitioner/Practitioner-2521",
              "display": "Heather Fuentes Guerra MD"
            }
          }
        ],
        "location": {
          "reference": "Location/Location-1106",
          "display": "Cranston Family Medical"
        }
      },
      "request": {
        "method": "PUT",
        "url": "http://localhost:8080/cqf-ruler/baseDstu3/Procedure/Procedure-115647"
      }
    },
    {
      "resource": {
        "resourceType": "Observation",
        "id": "Observation-115648",
        "status": "final",
        "code": {
          "coding": [
            {
              "system": "http://loinc.org",
              "code": "12503-9",
              "display": "Hemoglobin.gastrointestinal [Presence] in Stool --4th specimen"
            }
          ]
        },
        "subject": {
          "reference": "Patient/Patient-6504",
          "display": "Herman Galloway Gonzalez"
        },
        "context": {
          "reference": "Encounter/Encounter-508",
          "display": "Cranston Family Medical"
        },
        "effectiveDateTime": "2022-01-31T09:36:36-05:00",
        "performer": [
          {
            "reference": "Practitioner/Practitioner-2521",
            "display": "Heather Fuentes Guerra MD"
          }
        ],
        "valueString": "NEGATIVE"
      },
      "request": {
        "method": "PUT",
        "url": "http://localhost:8080/cqf-ruler/baseDstu3/Observation/Observation-115648"
      }
    },
    {
      "resource": {
        "resourceType": "Observation",
        "id": "Observation-115649",
        "status": "final",
        "code": {
          "coding": [
            {
              "system": "http://loinc.org",
              "code": "8480-6",
              "display": "Systolic blood pressure"
            }
          ]
        },
        "subject": {
          "reference": "Patient/Patient-6504",
          "display": "Herman Galloway Gonzalez"
        },
        "context": {
          "reference": "Encounter/Encounter-508",
          "display": "Cranston Family Medical"
        },
        "effectiveDateTime": "2022-01-31T09:36:36-05:00",
        "performer": [
          {
            "reference": "Practitioner/Practitioner-2521",
            "display": "Heather Fuentes Guerra MD"
          }
        ],
        "valueQuantity": {
          "value": 133.71202653354115,
          "unit": "mmHg"
        }
      },
      "request": {
        "method": "PUT",
        "url": "http://localhost:8080/cqf-ruler/baseDstu3/Observation/Observation-115649"
      }
    },
    {
      "resource": {
        "resourceType": "Observation",
        "id": "Observation-115650",
        "status": "final",
        "code": {
          "coding": [
            {
              "system": "http://loinc.org",
              "code": "8462-4",
              "display": "Diastolic blood pressure"
            }
          ]
        },
        "subject": {
          "reference": "Patient/Patient-6504",
          "display": "Herman Galloway Gonzalez"
        },
        "context": {
          "reference": "Encounter/Encounter-508",
          "display": "Cranston Family Medical"
        },
        "effectiveDateTime": "2022-01-31T09:36:36-05:00",
        "performer": [
          {
            "reference": "Practitioner/Practitioner-2521",
            "display": "Heather Fuentes Guerra MD"
          }
        ],
        "valueQuantity": {
          "value": 68.4774668498803,
          "unit": "mmHg"
        }
      },
      "request": {
        "method": "PUT",
        "url": "http://localhost:8080/cqf-ruler/baseDstu3/Observation/Observation-115650"
      }
    },
    {
      "resource": {
        "resourceType": "Observation",
        "id": "Observation-115651",
        "status": "final",
        "category": [
          {
            "coding": [
              {
                "system": "http://hl7.org/fhir/observation-category",
                "code": "vital-signs",
                "display": "vital-signs"
              }
            ]
          }
        ],
        "code": {
          "coding": [
            {
              "system": "http://loinc.org",
              "code": "8716-3",
              "display": "Vital Signs Panel"
            }
          ]
        },
        "subject": {
          "reference": "Patient/Patient-6504",
          "display": "Herman Galloway Gonzalez"
        },
        "context": {
          "reference": "Encounter/Encounter-508",
          "display": "Cranston Family Medical"
        },
        "effectivePeriod": {
          "start": "2022-01-31T09:36:36-05:00",
          "end": "2022-01-31T09:36:36-05:00"
        },
        "valueQuantity": {
          "value": 68.4774668498803,
          "unit": "mmHg"
        },
        "component": [
          {
            "code": {
              "coding": [
                {
                  "system": "http://loinc.org",
                  "code": "8302-2",
                  "display": "Height"
                }
              ]
            }
          },
          {
            "code": {
              "coding": [
                {
                  "system": "http://loinc.org",
                  "code": "29463-7",
                  "display": "Weight"
                }
              ]
            }
          },
          {
            "code": {
              "coding": [
                {
                  "system": "http://loinc.org",
                  "code": "39156-5",
                  "display": "BMI"
                }
              ]
            }
          },
          {
            "code": {
              "coding": [
                {
                  "system": "http://loinc.org",
                  "code": "8310-5",
                  "display": "Temperature"
                }
              ]
            }
          },
          {
            "code": {
              "coding": [
                {
                  "system": "http://loinc.org",
                  "code": "8459-0",
                  "display": "Systolic Blood Pressure"
                }
              ]
            }
          },
          {
            "code": {
              "coding": [
                {
                  "system": "http://loinc.org",
                  "code": "8453-3",
                  "display": "Diastolic Blood Pressure"
                }
              ]
            }
          }
        ]
      },
      "request": {
        "method": "PUT",
        "url": "http://localhost:8080/cqf-ruler/baseDstu3/Observation/Observation-115651"
      }
    }
  ]
}