{
  "resourceType": "Bundle",
  "type": "transaction",
  "entry": [
    {
      "resource": {
        "resourceType": "Encounter",
        "id": "Encounter-524",
        "status": "finished",
        "class": {
          "system": "http://hl7.org/fhir/encounter-class",
          "code": "other",
          "display": "Other"
        },
        "subject": {
          "reference": "Patient/Patient-6538",
          "display": "Denise Kristin Miles"
        },
        "participant": [
          {
            "period": {
              "start": "2021-04-05T09:36:36-04:00",
              "end": "2021-04-05T09:36:36-04:00"
            },
            "individual": {
              "reference": "Practitioner/Practitioner-2535",
              "display": "Clifton Terrence Carey MD"
            }
          }
        ],
        "period": {
          "start": "2021-04-05T09:36:36-04:00",
          "end": "2021-04-05T09:36:36-04:00"
        },
        "location": [
          {
            "location": {
              "reference": "Location/Location-1102",
              "display": "Pediatric and Adult Medicine"
            }
          }
        ],
        "serviceProvider": {
          "reference": "Organization/Organization-1102",
          "display": "Pediatric and Adult Medicine"
        }
      },
      "request": {
        "method": "PUT",
        "url": "http://localhost:8080/cqf-ruler/baseDstu3/Encounter/Encounter-524"
      }
    },
    {
      "resource": {
        "resourceType": "Immunization",
        "id": "Immunization-67932",
        "status": "completed",
        "notGiven": false,
        "vaccineCode": {
          "coding": [
            {
              "system": "http://hl7.org/fhir/sid/cvx",
              "code": "140",
              "display": "Influenza, seasonal, injectable, preservative free"
            }
          ]
        },
        "patient": {
          "reference": "Patient/Patient-6538",
          "display": "Denise Kristin Miles"
        },
        "date": "2021-03-30T09:36:36-04:00",
        "primarySource": true,
        "location": {
          "reference": "Location/Location-1102",
          "display": "Pediatric and Adult Medicine"
        },
        "practitioner": [
          {
            "actor": {
              "reference": "Practitioner/Practitioner-2535",
              "display": "Clifton Terrence Carey MD"
            }
          }
        ]
      },
      "request": {
        "method": "PUT",
        "url": "http://localhost:8080/cqf-ruler/baseDstu3/Immunization/Immunization-67932"
      }
    },
    {
      "resource": {
        "resourceType": "Procedure",
        "id": "Procedure-94420",
        "status": "completed",
        "code": {
          "coding": [
            {
              "system": "http://loinc.org",
              "code": "29771-3",
              "display": "Hemoglobin.gastrointestinal [Presence] in Stool by Immunologic method"
            }
          ]
        },
        "subject": {
          "reference": "Patient/Patient-6538",
          "display": "Denise Kristin Miles"
        },
        "context": {
          "reference": "Encounter/Encounter-524",
          "display": "Pediatric and Adult Medicine"
        },
        "performedPeriod": {
          "start": "2021-04-05T09:36:36-04:00",
          "end": "2021-04-05T09:36:36-04:00"
        },
        "performer": [
          {
            "actor": {
              "reference": "Practitioner/Practitioner-2535",
              "display": "Clifton Terrence Carey MD"
            }
          }
        ],
        "location": {
          "reference": "Location/Location-1102",
          "display": "Pediatric and Adult Medicine"
        }
      },
      "request": {
        "method": "PUT",
        "url": "http://localhost:8080/cqf-ruler/baseDstu3/Procedure/Procedure-94420"
      }
    },
    {
      "resource": {
        "resourceType": "Observation",
        "id": "Observation-94421",
        "status": "final",
        "code": {
          "coding": [
            {
              "system": "http://loinc.org",
              "code": "14563-1",
              "display": "Hemoglobin.gastrointestinal [Presence] in Stool --1st specimen"
            }
          ]
        },
        "subject": {
          "reference": "Patient/Patient-6538",
          "display": "Denise Kristin Miles"
        },
        "context": {
          "reference": "Encounter/Encounter-524",
          "display": "Pediatric and Adult Medicine"
        },
        "effectiveDateTime": "2021-04-05T09:36:36-04:00",
        "performer": [
          {
            "reference": "Practitioner/Practitioner-2535",
            "display": "Clifton Terrence Carey MD"
          }
        ],
        "valueString": "NEGATIVE"
      },
      "request": {
        "method": "PUT",
        "url": "http://localhost:8080/cqf-ruler/baseDstu3/Observation/Observation-94421"
      }
    },
    {
      "resource": {
        "resourceType": "Observation",
        "id": "Observation-94422",
        "status": "final",
        "code": {
          "coding": [
            {
              "system": "http://loinc.org",
              "code": "8480-6",
              "display": "Systolic blood pressure"
            }
          ]
        },
        "subject": {
          "reference": "Patient/Patient-6538",
          "display": "Denise Kristin Miles"
        },
        "context": {
          "reference": "Encounter/Encounter-524",
          "display": "Pediatric and Adult Medicine"
        },
        "effectiveDateTime": "2021-04-05T09:36:36-04:00",
        "performer": [
          {
            "reference": "Practitioner/Practitioner-2535",
            "display": "Clifton Terrence Carey MD"
          }
        ],
        "valueQuantity": {
          "value": 162.56447151228616,
          "unit": "mmHg"
        }
      },
      "request": {
        "method": "PUT",
        "url": "http://localhost:8080/cqf-ruler/baseDstu3/Observation/Observation-94422"
      }
    },
    {
      "resource": {
        "resourceType": "Observation",
        "id": "Observation-94423",
        "status": "final",
        "code": {
          "coding": [
            {
              "system": "http://loinc.org",
              "code": "8462-4",
              "display": "Diastolic blood pressure"
            }
          ]
        },
        "subject": {
          "reference": "Patient/Patient-6538",
          "display": "Denise Kristin Miles"
        },
        "context": {
          "reference": "Encounter/Encounter-524",
          "display": "Pediatric and Adult Medicine"
        },
        "effectiveDateTime": "2021-04-05T09:36:36-04:00",
        "performer": [
          {
            "reference": "Practitioner/Practitioner-2535",
            "display": "Clifton Terrence Carey MD"
          }
        ],
        "valueQuantity": {
          "value": 67.29437223790845,
          "unit": "mmHg"
        }
      },
      "request": {
        "method": "PUT",
        "url": "http://localhost:8080/cqf-ruler/baseDstu3/Observation/Observation-94423"
      }
    },
    {
      "resource": {
        "resourceType": "Condition",
        "id": "Condition-94424",
        "clinicalStatus": "active",
        "verificationStatus": "confirmed",
        "code": {
          "coding": [
            {
              "system": "http://hl7.org/fhir/sid/icd-9-cm",
              "code": "401.9",
              "display": "Unspecified essential hypertension"
            }
          ]
        },
        "subject": {
          "reference": "Patient/Patient-6538",
          "display": "Denise Kristin Miles"
        },
        "context": {
          "reference": "Encounter/Encounter-524",
          "display": "Pediatric and Adult Medicine"
        },
        "onsetDateTime": "2021-04-05T09:36:36-04:00",
        "assertedDate": "2021-04-05T09:36:36-04:00",
        "asserter": {
          "reference": "Practitioner/Practitioner-2535",
          "display": "Clifton Terrence Carey MD"
        }
      },
      "request": {
        "method": "PUT",
        "url": "http://localhost:8080/cqf-ruler/baseDstu3/Condition/Condition-94424"
      }
    },
    {
      "resource": {
        "resourceType": "Observation",
        "id": "Observation-94425",
        "status": "final",
        "category": [
          {
            "coding": [
              {
                "system": "http://hl7.org/fhir/observation-category",
                "code": "vital-signs",
                "display": "vital-signs"
              }
            ]
          }
        ],
        "code": {
          "coding": [
            {
              "system": "http://loinc.org",
              "code": "8716-3",
              "display": "Vital Signs Panel"
            }
          ]
        },
        "subject": {
          "reference": "Patient/Patient-6538",
          "display": "Denise Kristin Miles"
        },
        "context": {
          "reference": "Encounter/Encounter-524",
          "display": "Pediatric and Adult Medicine"
        },
        "effectivePeriod": {
          "start": "2021-04-05T09:36:36-04:00",
          "end": "2021-04-05T09:36:36-04:00"
        },
        "valueQuantity": {
          "value": 67.29437223790845,
          "unit": "mmHg"
        },
        "component": [
          {
            "code": {
              "coding": [
                {
                  "system": "http://loinc.org",
                  "code": "8302-2",
                  "display": "Height"
                }
              ]
            }
          },
          {
            "code": {
              "coding": [
                {
                  "system": "http://loinc.org",
                  "code": "29463-7",
                  "display": "Weight"
                }
              ]
            }
          },
          {
            "code": {
              "coding": [
                {
                  "system": "http://loinc.org",
                  "code": "39156-5",
                  "display": "BMI"
                }
              ]
            }
          },
          {
            "code": {
              "coding": [
                {
                  "system": "http://loinc.org",
                  "code": "8310-5",
                  "display": "Temperature"
                }
              ]
            }
          },
          {
            "code": {
              "coding": [
                {
                  "system": "http://loinc.org",
                  "code": "8459-0",
                  "display": "Systolic Blood Pressure"
                }
              ]
            }
          },
          {
            "code": {
              "coding": [
                {
                  "system": "http://loinc.org",
                  "code": "8453-3",
                  "display": "Diastolic Blood Pressure"
                }
              ]
            }
          }
        ]
      },
      "request": {
        "method": "PUT",
        "url": "http://localhost:8080/cqf-ruler/baseDstu3/Observation/Observation-94425"
      }
    }
  ]
}