{
  "resourceType": "Bundle",
  "type": "transaction",
  "entry": [
    {
      "resource": {
        "resourceType": "Encounter",
        "id": "Encounter-227",
        "status": "finished",
        "class": {
          "system": "http://hl7.org/fhir/encounter-class",
          "code": "other",
          "display": "Other"
        },
        "subject": {
          "reference": "Patient/Patient-6534",
          "display": "Jeanette Ramona Pugh"
        },
        "participant": [
          {
            "period": {
              "start": "2018-04-30T09:36:36-04:00",
              "end": "2018-04-30T09:36:36-04:00"
            },
            "individual": {
              "reference": "Practitioner/Practitioner-2531",
              "display": "Tracy Hampton Boone MD"
            }
          }
        ],
        "period": {
          "start": "2018-04-30T09:36:36-04:00",
          "end": "2018-04-30T09:36:36-04:00"
        },
        "location": [
          {
            "location": {
              "reference": "Location/Location-1104",
              "display": "Bay Area Family Practice"
            }
          }
        ],
        "serviceProvider": {
          "reference": "Organization/Organization-1104",
          "display": "Bay Area Family Practice"
        }
      },
      "request": {
        "method": "PUT",
        "url": "http://localhost:8080/cqf-ruler/baseDstu3/Encounter/Encounter-227"
      }
    },
    {
      "resource": {
        "resourceType": "Immunization",
        "id": "Immunization-1205",
        "status": "completed",
        "notGiven": false,
        "vaccineCode": {
          "coding": [
            {
              "system": "http://hl7.org/fhir/sid/cvx",
              "code": "140",
              "display": "Influenza, seasonal, injectable, preservative free"
            }
          ]
        },
        "patient": {
          "reference": "Patient/Patient-6534",
          "display": "Jeanette Ramona Pugh"
        },
        "date": "2018-04-24T09:36:36-04:00",
        "primarySource": true,
        "location": {
          "reference": "Location/Location-1104",
          "display": "Bay Area Family Practice"
        },
        "practitioner": [
          {
            "actor": {
              "reference": "Practitioner/Practitioner-2531",
              "display": "Tracy Hampton Boone MD"
            }
          }
        ]
      },
      "request": {
        "method": "PUT",
        "url": "http://localhost:8080/cqf-ruler/baseDstu3/Immunization/Immunization-1205"
      }
    },
    {
      "resource": {
        "resourceType": "Immunization",
        "id": "Immunization-1206",
        "status": "completed",
        "notGiven": false,
        "vaccineCode": {
          "coding": [
            {
              "system": "http://hl7.org/fhir/sid/cvx",
              "code": "62",
              "display": "HPV, quadrivalent"
            }
          ]
        },
        "patient": {
          "reference": "Patient/Patient-6534",
          "display": "Jeanette Ramona Pugh"
        },
        "date": "2018-04-24T09:36:36-04:00",
        "primarySource": true,
        "location": {
          "reference": "Location/Location-1104",
          "display": "Bay Area Family Practice"
        },
        "practitioner": [
          {
            "actor": {
              "reference": "Practitioner/Practitioner-2531",
              "display": "Tracy Hampton Boone MD"
            }
          }
        ]
      },
      "request": {
        "method": "PUT",
        "url": "http://localhost:8080/cqf-ruler/baseDstu3/Immunization/Immunization-1206"
      }
    },
    {
      "resource": {
        "resourceType": "Immunization",
        "id": "Immunization-1207",
        "status": "completed",
        "notGiven": false,
        "vaccineCode": {
          "coding": [
            {
              "system": "http://hl7.org/fhir/sid/cvx",
              "code": "114",
              "display": "meningococcal MCV4P"
            }
          ]
        },
        "patient": {
          "reference": "Patient/Patient-6534",
          "display": "Jeanette Ramona Pugh"
        },
        "date": "2018-04-24T09:36:36-04:00",
        "primarySource": true,
        "location": {
          "reference": "Location/Location-1104",
          "display": "Bay Area Family Practice"
        },
        "practitioner": [
          {
            "actor": {
              "reference": "Practitioner/Practitioner-2531",
              "display": "Tracy Hampton Boone MD"
            }
          }
        ]
      },
      "request": {
        "method": "PUT",
        "url": "http://localhost:8080/cqf-ruler/baseDstu3/Immunization/Immunization-1207"
      }
    },
    {
      "resource": {
        "resourceType": "Immunization",
        "id": "Immunization-1208",
        "status": "completed",
        "notGiven": false,
        "vaccineCode": {
          "coding": [
            {
              "system": "http://hl7.org/fhir/sid/cvx",
              "code": "115",
              "display": "Tdap"
            }
          ]
        },
        "patient": {
          "reference": "Patient/Patient-6534",
          "display": "Jeanette Ramona Pugh"
        },
        "date": "2018-04-24T09:36:36-04:00",
        "primarySource": true,
        "location": {
          "reference": "Location/Location-1104",
          "display": "Bay Area Family Practice"
        },
        "practitioner": [
          {
            "actor": {
              "reference": "Practitioner/Practitioner-2531",
              "display": "Tracy Hampton Boone MD"
            }
          }
        ]
      },
      "request": {
        "method": "PUT",
        "url": "http://localhost:8080/cqf-ruler/baseDstu3/Immunization/Immunization-1208"
      }
    },
    {
      "resource": {
        "resourceType": "Observation",
        "id": "Observation-17822",
        "status": "final",
        "code": {
          "coding": [
            {
              "system": "http://loinc.org",
              "code": "8480-6",
              "display": "Systolic blood pressure"
            }
          ]
        },
        "subject": {
          "reference": "Patient/Patient-6534",
          "display": "Jeanette Ramona Pugh"
        },
        "context": {
          "reference": "Encounter/Encounter-227",
          "display": "Bay Area Family Practice"
        },
        "effectiveDateTime": "2018-04-30T09:36:36-04:00",
        "performer": [
          {
            "reference": "Practitioner/Practitioner-2531",
            "display": "Tracy Hampton Boone MD"
          }
        ],
        "valueQuantity": {
          "value": 171.72619486644209,
          "unit": "mmHg"
        }
      },
      "request": {
        "method": "PUT",
        "url": "http://localhost:8080/cqf-ruler/baseDstu3/Observation/Observation-17822"
      }
    },
    {
      "resource": {
        "resourceType": "Observation",
        "id": "Observation-17823",
        "status": "final",
        "code": {
          "coding": [
            {
              "system": "http://loinc.org",
              "code": "8462-4",
              "display": "Diastolic blood pressure"
            }
          ]
        },
        "subject": {
          "reference": "Patient/Patient-6534",
          "display": "Jeanette Ramona Pugh"
        },
        "context": {
          "reference": "Encounter/Encounter-227",
          "display": "Bay Area Family Practice"
        },
        "effectiveDateTime": "2018-04-30T09:36:36-04:00",
        "performer": [
          {
            "reference": "Practitioner/Practitioner-2531",
            "display": "Tracy Hampton Boone MD"
          }
        ],
        "valueQuantity": {
          "value": 77.05196962772771,
          "unit": "mmHg"
        }
      },
      "request": {
        "method": "PUT",
        "url": "http://localhost:8080/cqf-ruler/baseDstu3/Observation/Observation-17823"
      }
    },
    {
      "resource": {
        "resourceType": "Condition",
        "id": "Condition-17824",
        "clinicalStatus": "active",
        "verificationStatus": "confirmed",
        "code": {
          "coding": [
            {
              "system": "http://snomed.info/sct",
              "code": "59621000",
              "display": "Essential hypertension"
            }
          ]
        },
        "subject": {
          "reference": "Patient/Patient-6534",
          "display": "Jeanette Ramona Pugh"
        },
        "context": {
          "reference": "Encounter/Encounter-227",
          "display": "Bay Area Family Practice"
        },
        "onsetDateTime": "2018-04-30T09:36:36-04:00",
        "assertedDate": "2018-04-30T09:36:36-04:00",
        "asserter": {
          "reference": "Practitioner/Practitioner-2531",
          "display": "Tracy Hampton Boone MD"
        }
      },
      "request": {
        "method": "PUT",
        "url": "http://localhost:8080/cqf-ruler/baseDstu3/Condition/Condition-17824"
      }
    },
    {
      "resource": {
        "resourceType": "Observation",
        "id": "Observation-17825",
        "status": "final",
        "category": [
          {
            "coding": [
              {
                "system": "http://hl7.org/fhir/observation-category",
                "code": "vital-signs",
                "display": "vital-signs"
              }
            ]
          }
        ],
        "code": {
          "coding": [
            {
              "system": "http://loinc.org",
              "code": "8716-3",
              "display": "Vital Signs Panel"
            }
          ]
        },
        "subject": {
          "reference": "Patient/Patient-6534",
          "display": "Jeanette Ramona Pugh"
        },
        "context": {
          "reference": "Encounter/Encounter-227",
          "display": "Bay Area Family Practice"
        },
        "effectivePeriod": {
          "start": "2018-04-30T09:36:36-04:00",
          "end": "2018-04-30T09:36:36-04:00"
        },
        "valueQuantity": {
          "value": 77.05196962772771,
          "unit": "mmHg"
        },
        "component": [
          {
            "code": {
              "coding": [
                {
                  "system": "http://loinc.org",
                  "code": "8302-2",
                  "display": "Height"
                }
              ]
            }
          },
          {
            "code": {
              "coding": [
                {
                  "system": "http://loinc.org",
                  "code": "29463-7",
                  "display": "Weight"
                }
              ]
            }
          },
          {
            "code": {
              "coding": [
                {
                  "system": "http://loinc.org",
                  "code": "39156-5",
                  "display": "BMI"
                }
              ]
            }
          },
          {
            "code": {
              "coding": [
                {
                  "system": "http://loinc.org",
                  "code": "8310-5",
                  "display": "Temperature"
                }
              ]
            }
          },
          {
            "code": {
              "coding": [
                {
                  "system": "http://loinc.org",
                  "code": "8459-0",
                  "display": "Systolic Blood Pressure"
                }
              ]
            }
          },
          {
            "code": {
              "coding": [
                {
                  "system": "http://loinc.org",
                  "code": "8453-3",
                  "display": "Diastolic Blood Pressure"
                }
              ]
            }
          }
        ]
      },
      "request": {
        "method": "PUT",
        "url": "http://localhost:8080/cqf-ruler/baseDstu3/Observation/Observation-17825"
      }
    }
  ]
}