{
  "resourceType": "Bundle",
  "type": "transaction",
  "entry": [
    {
      "resource": {
        "resourceType": "Encounter",
        "id": "Encounter-343",
        "status": "finished",
        "class": {
          "system": "http://hl7.org/fhir/encounter-class",
          "code": "other",
          "display": "Other"
        },
        "subject": {
          "reference": "Patient/Patient-1132",
          "display": "Alex Ramirez Gonzales"
        },
        "participant": [
          {
            "period": {
              "start": "2019-05-27T09:36:36-04:00",
              "end": "2019-05-27T09:36:36-04:00"
            },
            "individual": {
              "reference": "Practitioner/Practitioner-2528",
              "display": "Tanya Sally Wheeler MD"
            }
          }
        ],
        "period": {
          "start": "2019-05-27T09:36:36-04:00",
          "end": "2019-05-27T09:36:36-04:00"
        },
        "location": [
          {
            "location": {
              "reference": "Location/Location-1101",
              "display": "McKinley Health Center"
            }
          }
        ],
        "serviceProvider": {
          "reference": "Organization/Organization-1101",
          "display": "McKinley Health Center"
        }
      },
      "request": {
        "method": "PUT",
        "url": "http://localhost:8080/cqf-ruler/baseDstu3/Encounter/Encounter-343"
      }
    },
    {
      "resource": {
        "resourceType": "Immunization",
        "id": "Immunization-19966",
        "status": "completed",
        "notGiven": false,
        "vaccineCode": {
          "coding": [
            {
              "system": "http://hl7.org/fhir/sid/cvx",
              "code": "140",
              "display": "Influenza, seasonal, injectable, preservative free"
            }
          ]
        },
        "patient": {
          "reference": "Patient/Patient-1132",
          "display": "Alex Ramirez Gonzales"
        },
        "date": "2019-05-21T09:36:36-04:00",
        "primarySource": true,
        "location": {
          "reference": "Location/Location-1101",
          "display": "McKinley Health Center"
        },
        "practitioner": [
          {
            "actor": {
              "reference": "Practitioner/Practitioner-2528",
              "display": "Tanya Sally Wheeler MD"
            }
          }
        ]
      },
      "request": {
        "method": "PUT",
        "url": "http://localhost:8080/cqf-ruler/baseDstu3/Immunization/Immunization-19966"
      }
    },
    {
      "resource": {
        "resourceType": "Procedure",
        "id": "Procedure-46126",
        "status": "completed",
        "code": {
          "coding": [
            {
              "system": "http://loinc.org",
              "code": "14564-9",
              "display": "Hemoglobin.gastrointestinal [Presence] in Stool --2nd specimen"
            }
          ]
        },
        "subject": {
          "reference": "Patient/Patient-1132",
          "display": "Alex Ramirez Gonzales"
        },
        "context": {
          "reference": "Encounter/Encounter-343",
          "display": "McKinley Health Center"
        },
        "performedPeriod": {
          "start": "2019-05-27T09:36:36-04:00",
          "end": "2019-05-27T09:36:36-04:00"
        },
        "performer": [
          {
            "actor": {
              "reference": "Practitioner/Practitioner-2528",
              "display": "Tanya Sally Wheeler MD"
            }
          }
        ],
        "location": {
          "reference": "Location/Location-1101",
          "display": "McKinley Health Center"
        }
      },
      "request": {
        "method": "PUT",
        "url": "http://localhost:8080/cqf-ruler/baseDstu3/Procedure/Procedure-46126"
      }
    },
    {
      "resource": {
        "resourceType": "Observation",
        "id": "Observation-46127",
        "status": "final",
        "code": {
          "coding": [
            {
              "system": "http://loinc.org",
              "code": "14564-9",
              "display": "Hemoglobin.gastrointestinal [Presence] in Stool --2nd specimen"
            }
          ]
        },
        "subject": {
          "reference": "Patient/Patient-1132",
          "display": "Alex Ramirez Gonzales"
        },
        "context": {
          "reference": "Encounter/Encounter-343",
          "display": "McKinley Health Center"
        },
        "effectiveDateTime": "2019-05-27T09:36:36-04:00",
        "performer": [
          {
            "reference": "Practitioner/Practitioner-2528",
            "display": "Tanya Sally Wheeler MD"
          }
        ],
        "valueString": "NEGATIVE"
      },
      "request": {
        "method": "PUT",
        "url": "http://localhost:8080/cqf-ruler/baseDstu3/Observation/Observation-46127"
      }
    },
    {
      "resource": {
        "resourceType": "Observation",
        "id": "Observation-46128",
        "status": "final",
        "code": {
          "coding": [
            {
              "system": "http://loinc.org",
              "code": "8480-6",
              "display": "Systolic blood pressure"
            }
          ]
        },
        "subject": {
          "reference": "Patient/Patient-1132",
          "display": "Alex Ramirez Gonzales"
        },
        "context": {
          "reference": "Encounter/Encounter-343",
          "display": "McKinley Health Center"
        },
        "effectiveDateTime": "2019-05-27T09:36:36-04:00",
        "performer": [
          {
            "reference": "Practitioner/Practitioner-2528",
            "display": "Tanya Sally Wheeler MD"
          }
        ],
        "valueQuantity": {
          "value": 152.95692122262255,
          "unit": "mmHg"
        }
      },
      "request": {
        "method": "PUT",
        "url": "http://localhost:8080/cqf-ruler/baseDstu3/Observation/Observation-46128"
      }
    },
    {
      "resource": {
        "resourceType": "Observation",
        "id": "Observation-46129",
        "status": "final",
        "code": {
          "coding": [
            {
              "system": "http://loinc.org",
              "code": "8462-4",
              "display": "Diastolic blood pressure"
            }
          ]
        },
        "subject": {
          "reference": "Patient/Patient-1132",
          "display": "Alex Ramirez Gonzales"
        },
        "context": {
          "reference": "Encounter/Encounter-343",
          "display": "McKinley Health Center"
        },
        "effectiveDateTime": "2019-05-27T09:36:36-04:00",
        "performer": [
          {
            "reference": "Practitioner/Practitioner-2528",
            "display": "Tanya Sally Wheeler MD"
          }
        ],
        "valueQuantity": {
          "value": 66.50717912817761,
          "unit": "mmHg"
        }
      },
      "request": {
        "method": "PUT",
        "url": "http://localhost:8080/cqf-ruler/baseDstu3/Observation/Observation-46129"
      }
    },
    {
      "resource": {
        "resourceType": "Condition",
        "id": "Condition-46130",
        "clinicalStatus": "active",
        "verificationStatus": "confirmed",
        "code": {
          "coding": [
            {
              "system": "http://snomed.info/sct",
              "code": "48146000",
              "display": "Diastolic hypertension"
            }
          ]
        },
        "subject": {
          "reference": "Patient/Patient-1132",
          "display": "Alex Ramirez Gonzales"
        },
        "context": {
          "reference": "Encounter/Encounter-343",
          "display": "McKinley Health Center"
        },
        "onsetDateTime": "2019-05-27T09:36:36-04:00",
        "assertedDate": "2019-05-27T09:36:36-04:00",
        "asserter": {
          "reference": "Practitioner/Practitioner-2528",
          "display": "Tanya Sally Wheeler MD"
        }
      },
      "request": {
        "method": "PUT",
        "url": "http://localhost:8080/cqf-ruler/baseDstu3/Condition/Condition-46130"
      }
    },
    {
      "resource": {
        "resourceType": "Observation",
        "id": "Observation-46131",
        "status": "final",
        "category": [
          {
            "coding": [
              {
                "system": "http://hl7.org/fhir/observation-category",
                "code": "vital-signs",
                "display": "vital-signs"
              }
            ]
          }
        ],
        "code": {
          "coding": [
            {
              "system": "http://loinc.org",
              "code": "8716-3",
              "display": "Vital Signs Panel"
            }
          ]
        },
        "subject": {
          "reference": "Patient/Patient-1132",
          "display": "Alex Ramirez Gonzales"
        },
        "context": {
          "reference": "Encounter/Encounter-343",
          "display": "McKinley Health Center"
        },
        "effectivePeriod": {
          "start": "2019-05-27T09:36:36-04:00",
          "end": "2019-05-27T09:36:36-04:00"
        },
        "valueQuantity": {
          "value": 66.50717912817761,
          "unit": "mmHg"
        },
        "component": [
          {
            "code": {
              "coding": [
                {
                  "system": "http://loinc.org",
                  "code": "8302-2",
                  "display": "Height"
                }
              ]
            }
          },
          {
            "code": {
              "coding": [
                {
                  "system": "http://loinc.org",
                  "code": "29463-7",
                  "display": "Weight"
                }
              ]
            }
          },
          {
            "code": {
              "coding": [
                {
                  "system": "http://loinc.org",
                  "code": "39156-5",
                  "display": "BMI"
                }
              ]
            }
          },
          {
            "code": {
              "coding": [
                {
                  "system": "http://loinc.org",
                  "code": "8310-5",
                  "display": "Temperature"
                }
              ]
            }
          },
          {
            "code": {
              "coding": [
                {
                  "system": "http://loinc.org",
                  "code": "8459-0",
                  "display": "Systolic Blood Pressure"
                }
              ]
            }
          },
          {
            "code": {
              "coding": [
                {
                  "system": "http://loinc.org",
                  "code": "8453-3",
                  "display": "Diastolic Blood Pressure"
                }
              ]
            }
          }
        ]
      },
      "request": {
        "method": "PUT",
        "url": "http://localhost:8080/cqf-ruler/baseDstu3/Observation/Observation-46131"
      }
    }
  ]
}