{
  "resourceType": "Bundle",
  "type": "transaction",
  "entry": [
    {
      "resource": {
        "resourceType": "Encounter",
        "id": "Encounter-1062",
        "status": "finished",
        "class": {
          "system": "http://hl7.org/fhir/encounter-class",
          "code": "other",
          "display": "Other"
        },
        "subject": {
          "reference": "Patient/Patient-6557",
          "display": "Mabel Haynes James"
        },
        "participant": [
          {
            "period": {
              "start": "2027-06-07T09:36:36-04:00",
              "end": "2027-06-07T09:36:36-04:00"
            },
            "individual": {
              "reference": "Practitioner/Practitioner-2534",
              "display": "Pearl Rita Dawson MD"
            }
          }
        ],
        "period": {
          "start": "2027-06-07T09:36:36-04:00",
          "end": "2027-06-07T09:36:36-04:00"
        },
        "location": [
          {
            "location": {
              "reference": "Location/Location-1101",
              "display": "McKinley Health Center"
            }
          }
        ],
        "serviceProvider": {
          "reference": "Organization/Organization-1101",
          "display": "McKinley Health Center"
        }
      },
      "request": {
        "method": "PUT",
        "url": "http://localhost:8080/cqf-ruler/baseDstu3/Encounter/Encounter-1062"
      }
    },
    {
      "resource": {
        "resourceType": "Immunization",
        "id": "Immunization-227422",
        "status": "completed",
        "notGiven": false,
        "vaccineCode": {
          "coding": [
            {
              "system": "http://hl7.org/fhir/sid/cvx",
              "code": "140",
              "display": "Influenza, seasonal, injectable, preservative free"
            }
          ]
        },
        "patient": {
          "reference": "Patient/Patient-6557",
          "display": "Mabel Haynes James"
        },
        "date": "2027-06-01T09:36:36-04:00",
        "primarySource": true,
        "location": {
          "reference": "Location/Location-1101",
          "display": "McKinley Health Center"
        },
        "practitioner": [
          {
            "actor": {
              "reference": "Practitioner/Practitioner-2534",
              "display": "Pearl Rita Dawson MD"
            }
          }
        ]
      },
      "request": {
        "method": "PUT",
        "url": "http://localhost:8080/cqf-ruler/baseDstu3/Immunization/Immunization-227422"
      }
    },
    {
      "resource": {
        "resourceType": "Procedure",
        "id": "Procedure-254525",
        "status": "completed",
        "code": {
          "coding": [
            {
              "system": "http://loinc.org",
              "code": "27926-5",
              "display": "Hemoglobin.gastrointestinal [Presence] in Stool --8th specimen"
            }
          ]
        },
        "subject": {
          "reference": "Patient/Patient-6557",
          "display": "Mabel Haynes James"
        },
        "context": {
          "reference": "Encounter/Encounter-1062",
          "display": "McKinley Health Center"
        },
        "performedPeriod": {
          "start": "2027-06-07T09:36:36-04:00",
          "end": "2027-06-07T09:36:36-04:00"
        },
        "performer": [
          {
            "actor": {
              "reference": "Practitioner/Practitioner-2534",
              "display": "Pearl Rita Dawson MD"
            }
          }
        ],
        "location": {
          "reference": "Location/Location-1101",
          "display": "McKinley Health Center"
        }
      },
      "request": {
        "method": "PUT",
        "url": "http://localhost:8080/cqf-ruler/baseDstu3/Procedure/Procedure-254525"
      }
    },
    {
      "resource": {
        "resourceType": "Observation",
        "id": "Observation-254526",
        "status": "final",
        "code": {
          "coding": [
            {
              "system": "http://loinc.org",
              "code": "27401-9",
              "display": "Hemoglobin.gastrointestinal [Presence] in Stool --6th specimen"
            }
          ]
        },
        "subject": {
          "reference": "Patient/Patient-6557",
          "display": "Mabel Haynes James"
        },
        "context": {
          "reference": "Encounter/Encounter-1062",
          "display": "McKinley Health Center"
        },
        "effectiveDateTime": "2027-06-07T09:36:36-04:00",
        "performer": [
          {
            "reference": "Practitioner/Practitioner-2534",
            "display": "Pearl Rita Dawson MD"
          }
        ],
        "valueString": "NEGATIVE"
      },
      "request": {
        "method": "PUT",
        "url": "http://localhost:8080/cqf-ruler/baseDstu3/Observation/Observation-254526"
      }
    },
    {
      "resource": {
        "resourceType": "Observation",
        "id": "Observation-254527",
        "status": "final",
        "code": {
          "coding": [
            {
              "system": "http://loinc.org",
              "code": "8480-6",
              "display": "Systolic blood pressure"
            }
          ]
        },
        "subject": {
          "reference": "Patient/Patient-6557",
          "display": "Mabel Haynes James"
        },
        "context": {
          "reference": "Encounter/Encounter-1062",
          "display": "McKinley Health Center"
        },
        "effectiveDateTime": "2027-06-07T09:36:36-04:00",
        "performer": [
          {
            "reference": "Practitioner/Practitioner-2534",
            "display": "Pearl Rita Dawson MD"
          }
        ],
        "valueQuantity": {
          "value": 166.65957189972173,
          "unit": "mmHg"
        }
      },
      "request": {
        "method": "PUT",
        "url": "http://localhost:8080/cqf-ruler/baseDstu3/Observation/Observation-254527"
      }
    },
    {
      "resource": {
        "resourceType": "Observation",
        "id": "Observation-254528",
        "status": "final",
        "code": {
          "coding": [
            {
              "system": "http://loinc.org",
              "code": "8462-4",
              "display": "Diastolic blood pressure"
            }
          ]
        },
        "subject": {
          "reference": "Patient/Patient-6557",
          "display": "Mabel Haynes James"
        },
        "context": {
          "reference": "Encounter/Encounter-1062",
          "display": "McKinley Health Center"
        },
        "effectiveDateTime": "2027-06-07T09:36:36-04:00",
        "performer": [
          {
            "reference": "Practitioner/Practitioner-2534",
            "display": "Pearl Rita Dawson MD"
          }
        ],
        "valueQuantity": {
          "value": 80.02800171709205,
          "unit": "mmHg"
        }
      },
      "request": {
        "method": "PUT",
        "url": "http://localhost:8080/cqf-ruler/baseDstu3/Observation/Observation-254528"
      }
    },
    {
      "resource": {
        "resourceType": "Condition",
        "id": "Condition-254529",
        "clinicalStatus": "active",
        "verificationStatus": "confirmed",
        "code": {
          "coding": [
            {
              "system": "http://hl7.org/fhir/sid/icd-10-us",
              "code": "I10",
              "display": "Essential (primary) hypertension"
            }
          ]
        },
        "subject": {
          "reference": "Patient/Patient-6557",
          "display": "Mabel Haynes James"
        },
        "context": {
          "reference": "Encounter/Encounter-1062",
          "display": "McKinley Health Center"
        },
        "onsetDateTime": "2027-06-07T09:36:36-04:00",
        "assertedDate": "2027-06-07T09:36:36-04:00",
        "asserter": {
          "reference": "Practitioner/Practitioner-2534",
          "display": "Pearl Rita Dawson MD"
        }
      },
      "request": {
        "method": "PUT",
        "url": "http://localhost:8080/cqf-ruler/baseDstu3/Condition/Condition-254529"
      }
    },
    {
      "resource": {
        "resourceType": "Procedure",
        "id": "Procedure-254530",
        "status": "completed",
        "code": {
          "coding": [
            {
              "system": "http://loinc.org",
              "code": "19774-9",
              "display": "Cytology study comment Cervical or vaginal smear or scraping Cyto stain"
            }
          ]
        },
        "subject": {
          "reference": "Patient/Patient-6557",
          "display": "Mabel Haynes James"
        },
        "context": {
          "reference": "Encounter/Encounter-1062",
          "display": "McKinley Health Center"
        },
        "performedPeriod": {
          "start": "2027-06-07T09:36:36-04:00",
          "end": "2027-06-07T09:36:36-04:00"
        },
        "performer": [
          {
            "actor": {
              "reference": "Practitioner/Practitioner-2534",
              "display": "Pearl Rita Dawson MD"
            }
          }
        ],
        "location": {
          "reference": "Location/Location-1101",
          "display": "McKinley Health Center"
        }
      },
      "request": {
        "method": "PUT",
        "url": "http://localhost:8080/cqf-ruler/baseDstu3/Procedure/Procedure-254530"
      }
    },
    {
      "resource": {
        "resourceType": "Observation",
        "id": "Observation-254532",
        "status": "final",
        "code": {
          "coding": [
            {
              "system": "http://snomed.info/sct",
              "code": "439888000",
              "display": "Abnormal cervical Papanicolaou smear (finding)"
            }
          ]
        },
        "subject": {
          "reference": "Patient/Patient-6557",
          "display": "Mabel Haynes James"
        },
        "context": {
          "reference": "Encounter/Encounter-1062",
          "display": "McKinley Health Center"
        },
        "effectiveDateTime": "2027-06-07T09:36:36-04:00",
        "performer": [
          {
            "reference": "Practitioner/Practitioner-2534",
            "display": "Pearl Rita Dawson MD"
          }
        ],
        "valueString": "POSITIVE"
      },
      "request": {
        "method": "PUT",
        "url": "http://localhost:8080/cqf-ruler/baseDstu3/Observation/Observation-254532"
      }
    },
    {
      "resource": {
        "resourceType": "DiagnosticReport",
        "id": "DiagnosticReport-254533",
        "status": "final",
        "code": {
          "coding": [
            {
              "system": "http://loinc.org",
              "code": "37552-7",
              "display": "Breast - bilateral Mammogram spot"
            }
          ]
        },
        "subject": {
          "reference": "Patient/Patient-6557",
          "display": "Mabel Haynes James"
        },
        "context": {
          "reference": "Encounter/Encounter-1062",
          "display": "McKinley Health Center"
        },
        "effectivePeriod": {
          "start": "2027-06-07T09:36:36-04:00",
          "end": "2027-06-07T09:36:36-04:00"
        },
        "result": [
          {
            "reference": "Observation/Observation-254532",
            "display": "Cervical_Cancer_Observation"
          }
        ]
      },
      "request": {
        "method": "PUT",
        "url": "http://localhost:8080/cqf-ruler/baseDstu3/DiagnosticReport/DiagnosticReport-254533"
      }
    },
    {
      "resource": {
        "resourceType": "Observation",
        "id": "Observation-254534",
        "status": "final",
        "category": [
          {
            "coding": [
              {
                "system": "http://hl7.org/fhir/observation-category",
                "code": "vital-signs",
                "display": "vital-signs"
              }
            ]
          }
        ],
        "code": {
          "coding": [
            {
              "system": "http://loinc.org",
              "code": "8716-3",
              "display": "Vital Signs Panel"
            }
          ]
        },
        "subject": {
          "reference": "Patient/Patient-6557",
          "display": "Mabel Haynes James"
        },
        "context": {
          "reference": "Encounter/Encounter-1062",
          "display": "McKinley Health Center"
        },
        "effectivePeriod": {
          "start": "2027-06-07T09:36:36-04:00",
          "end": "2027-06-07T09:36:36-04:00"
        },
        "valueQuantity": {
          "value": 80.02800171709205,
          "unit": "mmHg"
        },
        "component": [
          {
            "code": {
              "coding": [
                {
                  "system": "http://loinc.org",
                  "code": "8302-2",
                  "display": "Height"
                }
              ]
            }
          },
          {
            "code": {
              "coding": [
                {
                  "system": "http://loinc.org",
                  "code": "29463-7",
                  "display": "Weight"
                }
              ]
            }
          },
          {
            "code": {
              "coding": [
                {
                  "system": "http://loinc.org",
                  "code": "39156-5",
                  "display": "BMI"
                }
              ]
            }
          },
          {
            "code": {
              "coding": [
                {
                  "system": "http://loinc.org",
                  "code": "8310-5",
                  "display": "Temperature"
                }
              ]
            }
          },
          {
            "code": {
              "coding": [
                {
                  "system": "http://loinc.org",
                  "code": "8459-0",
                  "display": "Systolic Blood Pressure"
                }
              ]
            }
          },
          {
            "code": {
              "coding": [
                {
                  "system": "http://loinc.org",
                  "code": "8453-3",
                  "display": "Diastolic Blood Pressure"
                }
              ]
            }
          }
        ]
      },
      "request": {
        "method": "PUT",
        "url": "http://localhost:8080/cqf-ruler/baseDstu3/Observation/Observation-254534"
      }
    }
  ]
}