{
  "resourceType": "Bundle",
  "type": "transaction",
  "entry": [
    {
      "resource": {
        "resourceType": "Encounter",
        "id": "Encounter-1084",
        "status": "finished",
        "class": {
          "system": "http://hl7.org/fhir/encounter-class",
          "code": "other",
          "display": "Other"
        },
        "subject": {
          "reference": "Patient/Patient-6522",
          "display": "Jamie Cain Melendez"
        },
        "participant": [
          {
            "period": {
              "start": "2027-08-16T09:36:36-04:00",
              "end": "2027-08-16T09:36:36-04:00"
            },
            "individual": {
              "reference": "Practitioner/Practitioner-2519",
              "display": "Stanley Jason Garrett MD"
            }
          }
        ],
        "period": {
          "start": "2027-08-16T09:36:36-04:00",
          "end": "2027-08-16T09:36:36-04:00"
        },
        "location": [
          {
            "location": {
              "reference": "Location/Location-1104",
              "display": "Bay Area Family Practice"
            }
          }
        ],
        "serviceProvider": {
          "reference": "Organization/Organization-1104",
          "display": "Bay Area Family Practice"
        }
      },
      "request": {
        "method": "PUT",
        "url": "http://localhost:8080/cqf-ruler/baseDstu3/Encounter/Encounter-1084"
      }
    },
    {
      "resource": {
        "resourceType": "Immunization",
        "id": "Immunization-233853",
        "status": "completed",
        "notGiven": false,
        "vaccineCode": {
          "coding": [
            {
              "system": "http://hl7.org/fhir/sid/cvx",
              "code": "140",
              "display": "Influenza, seasonal, injectable, preservative free"
            }
          ]
        },
        "patient": {
          "reference": "Patient/Patient-6522",
          "display": "Jamie Cain Melendez"
        },
        "date": "2027-08-10T09:36:36-04:00",
        "primarySource": true,
        "location": {
          "reference": "Location/Location-1104",
          "display": "Bay Area Family Practice"
        },
        "practitioner": [
          {
            "actor": {
              "reference": "Practitioner/Practitioner-2519",
              "display": "Stanley Jason Garrett MD"
            }
          }
        ]
      },
      "request": {
        "method": "PUT",
        "url": "http://localhost:8080/cqf-ruler/baseDstu3/Immunization/Immunization-233853"
      }
    },
    {
      "resource": {
        "resourceType": "Procedure",
        "id": "Procedure-259625",
        "status": "completed",
        "code": {
          "coding": [
            {
              "system": "http://loinc.org",
              "code": "2335-8",
              "display": "Hemoglobin.gastrointestinal [Presence] in Stool"
            }
          ]
        },
        "subject": {
          "reference": "Patient/Patient-6522",
          "display": "Jamie Cain Melendez"
        },
        "context": {
          "reference": "Encounter/Encounter-1084",
          "display": "Bay Area Family Practice"
        },
        "performedPeriod": {
          "start": "2027-08-16T09:36:36-04:00",
          "end": "2027-08-16T09:36:36-04:00"
        },
        "performer": [
          {
            "actor": {
              "reference": "Practitioner/Practitioner-2519",
              "display": "Stanley Jason Garrett MD"
            }
          }
        ],
        "location": {
          "reference": "Location/Location-1104",
          "display": "Bay Area Family Practice"
        }
      },
      "request": {
        "method": "PUT",
        "url": "http://localhost:8080/cqf-ruler/baseDstu3/Procedure/Procedure-259625"
      }
    },
    {
      "resource": {
        "resourceType": "Observation",
        "id": "Observation-259626",
        "status": "final",
        "code": {
          "coding": [
            {
              "system": "http://loinc.org",
              "code": "14565-6",
              "display": "Hemoglobin.gastrointestinal [Presence] in Stool --3rd specimen"
            }
          ]
        },
        "subject": {
          "reference": "Patient/Patient-6522",
          "display": "Jamie Cain Melendez"
        },
        "context": {
          "reference": "Encounter/Encounter-1084",
          "display": "Bay Area Family Practice"
        },
        "effectiveDateTime": "2027-08-16T09:36:36-04:00",
        "performer": [
          {
            "reference": "Practitioner/Practitioner-2519",
            "display": "Stanley Jason Garrett MD"
          }
        ],
        "valueString": "NEGATIVE"
      },
      "request": {
        "method": "PUT",
        "url": "http://localhost:8080/cqf-ruler/baseDstu3/Observation/Observation-259626"
      }
    },
    {
      "resource": {
        "resourceType": "Observation",
        "id": "Observation-259627",
        "status": "final",
        "code": {
          "coding": [
            {
              "system": "http://loinc.org",
              "code": "8480-6",
              "display": "Systolic blood pressure"
            }
          ]
        },
        "subject": {
          "reference": "Patient/Patient-6522",
          "display": "Jamie Cain Melendez"
        },
        "context": {
          "reference": "Encounter/Encounter-1084",
          "display": "Bay Area Family Practice"
        },
        "effectiveDateTime": "2027-08-16T09:36:36-04:00",
        "performer": [
          {
            "reference": "Practitioner/Practitioner-2519",
            "display": "Stanley Jason Garrett MD"
          }
        ],
        "valueQuantity": {
          "value": 174.52717011301158,
          "unit": "mmHg"
        }
      },
      "request": {
        "method": "PUT",
        "url": "http://localhost:8080/cqf-ruler/baseDstu3/Observation/Observation-259627"
      }
    },
    {
      "resource": {
        "resourceType": "Observation",
        "id": "Observation-259628",
        "status": "final",
        "code": {
          "coding": [
            {
              "system": "http://loinc.org",
              "code": "8462-4",
              "display": "Diastolic blood pressure"
            }
          ]
        },
        "subject": {
          "reference": "Patient/Patient-6522",
          "display": "Jamie Cain Melendez"
        },
        "context": {
          "reference": "Encounter/Encounter-1084",
          "display": "Bay Area Family Practice"
        },
        "effectiveDateTime": "2027-08-16T09:36:36-04:00",
        "performer": [
          {
            "reference": "Practitioner/Practitioner-2519",
            "display": "Stanley Jason Garrett MD"
          }
        ],
        "valueQuantity": {
          "value": 71.78093718727538,
          "unit": "mmHg"
        }
      },
      "request": {
        "method": "PUT",
        "url": "http://localhost:8080/cqf-ruler/baseDstu3/Observation/Observation-259628"
      }
    },
    {
      "resource": {
        "resourceType": "Condition",
        "id": "Condition-259629",
        "clinicalStatus": "active",
        "verificationStatus": "confirmed",
        "code": {
          "coding": [
            {
              "system": "http://hl7.org/fhir/sid/icd-9-cm",
              "code": "401.9",
              "display": "Unspecified essential hypertension"
            }
          ]
        },
        "subject": {
          "reference": "Patient/Patient-6522",
          "display": "Jamie Cain Melendez"
        },
        "context": {
          "reference": "Encounter/Encounter-1084",
          "display": "Bay Area Family Practice"
        },
        "onsetDateTime": "2027-08-16T09:36:36-04:00",
        "assertedDate": "2027-08-16T09:36:36-04:00",
        "asserter": {
          "reference": "Practitioner/Practitioner-2519",
          "display": "Stanley Jason Garrett MD"
        }
      },
      "request": {
        "method": "PUT",
        "url": "http://localhost:8080/cqf-ruler/baseDstu3/Condition/Condition-259629"
      }
    },
    {
      "resource": {
        "resourceType": "Observation",
        "id": "Observation-259630",
        "status": "final",
        "category": [
          {
            "coding": [
              {
                "system": "http://hl7.org/fhir/observation-category",
                "code": "vital-signs",
                "display": "vital-signs"
              }
            ]
          }
        ],
        "code": {
          "coding": [
            {
              "system": "http://loinc.org",
              "code": "8716-3",
              "display": "Vital Signs Panel"
            }
          ]
        },
        "subject": {
          "reference": "Patient/Patient-6522",
          "display": "Jamie Cain Melendez"
        },
        "context": {
          "reference": "Encounter/Encounter-1084",
          "display": "Bay Area Family Practice"
        },
        "effectivePeriod": {
          "start": "2027-08-16T09:36:36-04:00",
          "end": "2027-08-16T09:36:36-04:00"
        },
        "valueQuantity": {
          "value": 71.78093718727538,
          "unit": "mmHg"
        },
        "component": [
          {
            "code": {
              "coding": [
                {
                  "system": "http://loinc.org",
                  "code": "8302-2",
                  "display": "Height"
                }
              ]
            }
          },
          {
            "code": {
              "coding": [
                {
                  "system": "http://loinc.org",
                  "code": "29463-7",
                  "display": "Weight"
                }
              ]
            }
          },
          {
            "code": {
              "coding": [
                {
                  "system": "http://loinc.org",
                  "code": "39156-5",
                  "display": "BMI"
                }
              ]
            }
          },
          {
            "code": {
              "coding": [
                {
                  "system": "http://loinc.org",
                  "code": "8310-5",
                  "display": "Temperature"
                }
              ]
            }
          },
          {
            "code": {
              "coding": [
                {
                  "system": "http://loinc.org",
                  "code": "8459-0",
                  "display": "Systolic Blood Pressure"
                }
              ]
            }
          },
          {
            "code": {
              "coding": [
                {
                  "system": "http://loinc.org",
                  "code": "8453-3",
                  "display": "Diastolic Blood Pressure"
                }
              ]
            }
          }
        ]
      },
      "request": {
        "method": "PUT",
        "url": "http://localhost:8080/cqf-ruler/baseDstu3/Observation/Observation-259630"
      }
    }
  ]
}