{
  "resourceType": "Bundle",
  "type": "transaction",
  "entry": [
    {
      "resource": {
        "resourceType": "Encounter",
        "id": "Encounter-466",
        "status": "finished",
        "class": {
          "system": "http://hl7.org/fhir/encounter-class",
          "code": "other",
          "display": "Other"
        },
        "subject": {
          "reference": "Patient/Patient-6516",
          "display": "April Rhodes Nielsen"
        },
        "participant": [
          {
            "period": {
              "start": "2020-08-24T09:36:36-04:00",
              "end": "2020-08-24T09:36:36-04:00"
            },
            "individual": {
              "reference": "Practitioner/Practitioner-2533",
              "display": "Lena Dickerson Ballard MD"
            }
          }
        ],
        "period": {
          "start": "2020-08-24T09:36:36-04:00",
          "end": "2020-08-24T09:36:36-04:00"
        },
        "location": [
          {
            "location": {
              "reference": "Location/Location-1106",
              "display": "Cranston Family Medical"
            }
          }
        ],
        "serviceProvider": {
          "reference": "Organization/Organization-1106",
          "display": "Cranston Family Medical"
        }
      },
      "request": {
        "method": "PUT",
        "url": "http://localhost:8080/cqf-ruler/baseDstu3/Encounter/Encounter-466"
      }
    },
    {
      "resource": {
        "resourceType": "Immunization",
        "id": "Immunization-52659",
        "status": "completed",
        "notGiven": false,
        "vaccineCode": {
          "coding": [
            {
              "system": "http://hl7.org/fhir/sid/cvx",
              "code": "140",
              "display": "Influenza, seasonal, injectable, preservative free"
            }
          ]
        },
        "patient": {
          "reference": "Patient/Patient-6516",
          "display": "April Rhodes Nielsen"
        },
        "date": "2020-08-18T09:36:36-04:00",
        "primarySource": true,
        "location": {
          "reference": "Location/Location-1106",
          "display": "Cranston Family Medical"
        },
        "practitioner": [
          {
            "actor": {
              "reference": "Practitioner/Practitioner-2533",
              "display": "Lena Dickerson Ballard MD"
            }
          }
        ]
      },
      "request": {
        "method": "PUT",
        "url": "http://localhost:8080/cqf-ruler/baseDstu3/Immunization/Immunization-52659"
      }
    },
    {
      "resource": {
        "resourceType": "Procedure",
        "id": "Procedure-78780",
        "status": "completed",
        "code": {
          "coding": [
            {
              "system": "http://loinc.org",
              "code": "57905-2",
              "display": "Hemoglobin.gastrointestinal [Presence] in Stool by Immunologic method --1st specimen"
            }
          ]
        },
        "subject": {
          "reference": "Patient/Patient-6516",
          "display": "April Rhodes Nielsen"
        },
        "context": {
          "reference": "Encounter/Encounter-466",
          "display": "Cranston Family Medical"
        },
        "performedPeriod": {
          "start": "2020-08-24T09:36:36-04:00",
          "end": "2020-08-24T09:36:36-04:00"
        },
        "performer": [
          {
            "actor": {
              "reference": "Practitioner/Practitioner-2533",
              "display": "Lena Dickerson Ballard MD"
            }
          }
        ],
        "location": {
          "reference": "Location/Location-1106",
          "display": "Cranston Family Medical"
        }
      },
      "request": {
        "method": "PUT",
        "url": "http://localhost:8080/cqf-ruler/baseDstu3/Procedure/Procedure-78780"
      }
    },
    {
      "resource": {
        "resourceType": "Observation",
        "id": "Observation-78781",
        "status": "final",
        "code": {
          "coding": [
            {
              "system": "http://loinc.org",
              "code": "29771-3",
              "display": "Hemoglobin.gastrointestinal [Presence] in Stool by Immunologic method"
            }
          ]
        },
        "subject": {
          "reference": "Patient/Patient-6516",
          "display": "April Rhodes Nielsen"
        },
        "context": {
          "reference": "Encounter/Encounter-466",
          "display": "Cranston Family Medical"
        },
        "effectiveDateTime": "2020-08-24T09:36:36-04:00",
        "performer": [
          {
            "reference": "Practitioner/Practitioner-2533",
            "display": "Lena Dickerson Ballard MD"
          }
        ],
        "valueString": "NEGATIVE"
      },
      "request": {
        "method": "PUT",
        "url": "http://localhost:8080/cqf-ruler/baseDstu3/Observation/Observation-78781"
      }
    },
    {
      "resource": {
        "resourceType": "Observation",
        "id": "Observation-78782",
        "status": "final",
        "code": {
          "coding": [
            {
              "system": "http://loinc.org",
              "code": "8480-6",
              "display": "Systolic blood pressure"
            }
          ]
        },
        "subject": {
          "reference": "Patient/Patient-6516",
          "display": "April Rhodes Nielsen"
        },
        "context": {
          "reference": "Encounter/Encounter-466",
          "display": "Cranston Family Medical"
        },
        "effectiveDateTime": "2020-08-24T09:36:36-04:00",
        "performer": [
          {
            "reference": "Practitioner/Practitioner-2533",
            "display": "Lena Dickerson Ballard MD"
          }
        ],
        "valueQuantity": {
          "value": 118.83091076063492,
          "unit": "mmHg"
        }
      },
      "request": {
        "method": "PUT",
        "url": "http://localhost:8080/cqf-ruler/baseDstu3/Observation/Observation-78782"
      }
    },
    {
      "resource": {
        "resourceType": "Observation",
        "id": "Observation-78783",
        "status": "final",
        "code": {
          "coding": [
            {
              "system": "http://loinc.org",
              "code": "8462-4",
              "display": "Diastolic blood pressure"
            }
          ]
        },
        "subject": {
          "reference": "Patient/Patient-6516",
          "display": "April Rhodes Nielsen"
        },
        "context": {
          "reference": "Encounter/Encounter-466",
          "display": "Cranston Family Medical"
        },
        "effectiveDateTime": "2020-08-24T09:36:36-04:00",
        "performer": [
          {
            "reference": "Practitioner/Practitioner-2533",
            "display": "Lena Dickerson Ballard MD"
          }
        ],
        "valueQuantity": {
          "value": 70.20811144386646,
          "unit": "mmHg"
        }
      },
      "request": {
        "method": "PUT",
        "url": "http://localhost:8080/cqf-ruler/baseDstu3/Observation/Observation-78783"
      }
    },
    {
      "resource": {
        "resourceType": "Procedure",
        "id": "Procedure-78784",
        "status": "completed",
        "code": {
          "coding": [
            {
              "system": "http://snomed.info/sct",
              "code": "43204002",
              "display": "Bilateral mammography (procedure)"
            }
          ]
        },
        "subject": {
          "reference": "Patient/Patient-6516",
          "display": "April Rhodes Nielsen"
        },
        "context": {
          "reference": "Encounter/Encounter-466",
          "display": "Cranston Family Medical"
        },
        "performedPeriod": {
          "start": "2020-08-24T09:36:36-04:00",
          "end": "2020-08-24T09:36:36-04:00"
        },
        "performer": [
          {
            "actor": {
              "reference": "Practitioner/Practitioner-2533",
              "display": "Lena Dickerson Ballard MD"
            }
          }
        ],
        "location": {
          "reference": "Location/Location-1106",
          "display": "Cranston Family Medical"
        }
      },
      "request": {
        "method": "PUT",
        "url": "http://localhost:8080/cqf-ruler/baseDstu3/Procedure/Procedure-78784"
      }
    },
    {
      "resource": {
        "resourceType": "Observation",
        "id": "Observation-78785",
        "status": "final",
        "code": {
          "coding": [
            {
              "system": "http://snomed.info/sct",
              "code": "168749009",
              "display": "Mammography normal (finding)"
            }
          ]
        },
        "subject": {
          "reference": "Patient/Patient-6516",
          "display": "April Rhodes Nielsen"
        },
        "context": {
          "reference": "Encounter/Encounter-466",
          "display": "Cranston Family Medical"
        },
        "effectiveDateTime": "2020-08-24T09:36:36-04:00",
        "performer": [
          {
            "reference": "Practitioner/Practitioner-2533",
            "display": "Lena Dickerson Ballard MD"
          }
        ],
        "valueString": "NEGATIVE"
      },
      "request": {
        "method": "PUT",
        "url": "http://localhost:8080/cqf-ruler/baseDstu3/Observation/Observation-78785"
      }
    },
    {
      "resource": {
        "resourceType": "DiagnosticReport",
        "id": "DiagnosticReport-78786",
        "status": "final",
        "code": {
          "coding": [
            {
              "system": "http://loinc.org",
              "code": "24606-6",
              "display": "Breast Mammogram screening"
            }
          ]
        },
        "subject": {
          "reference": "Patient/Patient-6516",
          "display": "April Rhodes Nielsen"
        },
        "context": {
          "reference": "Encounter/Encounter-466",
          "display": "Cranston Family Medical"
        },
        "effectivePeriod": {
          "start": "2020-08-24T09:36:36-04:00",
          "end": "2020-08-24T09:36:36-04:00"
        },
        "result": [
          {
            "reference": "Observation/Observation-78785",
            "display": "No_Cancer_Detected"
          }
        ]
      },
      "request": {
        "method": "PUT",
        "url": "http://localhost:8080/cqf-ruler/baseDstu3/DiagnosticReport/DiagnosticReport-78786"
      }
    },
    {
      "resource": {
        "resourceType": "Procedure",
        "id": "Procedure-78787",
        "status": "completed",
        "code": {
          "coding": [
            {
              "system": "http://loinc.org",
              "code": "19774-9",
              "display": "Cytology study comment Cervical or vaginal smear or scraping Cyto stain"
            }
          ]
        },
        "subject": {
          "reference": "Patient/Patient-6516",
          "display": "April Rhodes Nielsen"
        },
        "context": {
          "reference": "Encounter/Encounter-466",
          "display": "Cranston Family Medical"
        },
        "performedPeriod": {
          "start": "2020-08-24T09:36:36-04:00",
          "end": "2020-08-24T09:36:36-04:00"
        },
        "performer": [
          {
            "actor": {
              "reference": "Practitioner/Practitioner-2533",
              "display": "Lena Dickerson Ballard MD"
            }
          }
        ],
        "location": {
          "reference": "Location/Location-1106",
          "display": "Cranston Family Medical"
        }
      },
      "request": {
        "method": "PUT",
        "url": "http://localhost:8080/cqf-ruler/baseDstu3/Procedure/Procedure-78787"
      }
    },
    {
      "resource": {
        "resourceType": "Observation",
        "id": "Observation-78788",
        "status": "final",
        "code": {
          "coding": [
            {
              "system": "http://snomed.info/sct",
              "code": "289829007",
              "display": "Normal uterine cervix (finding)"
            }
          ]
        },
        "subject": {
          "reference": "Patient/Patient-6516",
          "display": "April Rhodes Nielsen"
        },
        "context": {
          "reference": "Encounter/Encounter-466",
          "display": "Cranston Family Medical"
        },
        "effectiveDateTime": "2020-08-24T09:36:36-04:00",
        "performer": [
          {
            "reference": "Practitioner/Practitioner-2533",
            "display": "Lena Dickerson Ballard MD"
          }
        ],
        "valueString": "NEGATIVE"
      },
      "request": {
        "method": "PUT",
        "url": "http://localhost:8080/cqf-ruler/baseDstu3/Observation/Observation-78788"
      }
    },
    {
      "resource": {
        "resourceType": "DiagnosticReport",
        "id": "DiagnosticReport-78789",
        "status": "final",
        "code": {
          "coding": [
            {
              "system": "http://loinc.org",
              "code": "37028-8",
              "display": "Breast Mammogram tangential"
            }
          ]
        },
        "subject": {
          "reference": "Patient/Patient-6516",
          "display": "April Rhodes Nielsen"
        },
        "context": {
          "reference": "Encounter/Encounter-466",
          "display": "Cranston Family Medical"
        },
        "effectivePeriod": {
          "start": "2020-08-24T09:36:36-04:00",
          "end": "2020-08-24T09:36:36-04:00"
        },
        "result": [
          {
            "reference": "Observation/Observation-78788",
            "display": "No_Cancer_Detected"
          }
        ]
      },
      "request": {
        "method": "PUT",
        "url": "http://localhost:8080/cqf-ruler/baseDstu3/DiagnosticReport/DiagnosticReport-78789"
      }
    },
    {
      "resource": {
        "resourceType": "Observation",
        "id": "Observation-78790",
        "status": "final",
        "category": [
          {
            "coding": [
              {
                "system": "http://hl7.org/fhir/observation-category",
                "code": "vital-signs",
                "display": "vital-signs"
              }
            ]
          }
        ],
        "code": {
          "coding": [
            {
              "system": "http://loinc.org",
              "code": "8716-3",
              "display": "Vital Signs Panel"
            }
          ]
        },
        "subject": {
          "reference": "Patient/Patient-6516",
          "display": "April Rhodes Nielsen"
        },
        "context": {
          "reference": "Encounter/Encounter-466",
          "display": "Cranston Family Medical"
        },
        "effectivePeriod": {
          "start": "2020-08-24T09:36:36-04:00",
          "end": "2020-08-24T09:36:36-04:00"
        },
        "valueQuantity": {
          "value": 70.20811144386646,
          "unit": "mmHg"
        },
        "component": [
          {
            "code": {
              "coding": [
                {
                  "system": "http://loinc.org",
                  "code": "8302-2",
                  "display": "Height"
                }
              ]
            }
          },
          {
            "code": {
              "coding": [
                {
                  "system": "http://loinc.org",
                  "code": "29463-7",
                  "display": "Weight"
                }
              ]
            }
          },
          {
            "code": {
              "coding": [
                {
                  "system": "http://loinc.org",
                  "code": "39156-5",
                  "display": "BMI"
                }
              ]
            }
          },
          {
            "code": {
              "coding": [
                {
                  "system": "http://loinc.org",
                  "code": "8310-5",
                  "display": "Temperature"
                }
              ]
            }
          },
          {
            "code": {
              "coding": [
                {
                  "system": "http://loinc.org",
                  "code": "8459-0",
                  "display": "Systolic Blood Pressure"
                }
              ]
            }
          },
          {
            "code": {
              "coding": [
                {
                  "system": "http://loinc.org",
                  "code": "8453-3",
                  "display": "Diastolic Blood Pressure"
                }
              ]
            }
          }
        ]
      },
      "request": {
        "method": "PUT",
        "url": "http://localhost:8080/cqf-ruler/baseDstu3/Observation/Observation-78790"
      }
    }
  ]
}