{
  "resourceType": "Bundle",
  "type": "transaction",
  "entry": [
    {
      "resource": {
        "resourceType": "Encounter",
        "id": "Encounter-272",
        "status": "finished",
        "class": {
          "system": "http://hl7.org/fhir/encounter-class",
          "code": "other",
          "display": "Other"
        },
        "subject": {
          "reference": "Patient/Patient-6520",
          "display": "Terry Harvey Waller"
        },
        "participant": [
          {
            "period": {
              "start": "2018-07-23T09:36:36-04:00",
              "end": "2018-07-23T09:36:36-04:00"
            },
            "individual": {
              "reference": "Practitioner/Practitioner-2517",
              "display": "Cathy Shannon Warner MD"
            }
          }
        ],
        "period": {
          "start": "2018-07-23T09:36:36-04:00",
          "end": "2018-07-23T09:36:36-04:00"
        },
        "location": [
          {
            "location": {
              "reference": "Location/Location-1102",
              "display": "Pediatric and Adult Medicine"
            }
          }
        ],
        "serviceProvider": {
          "reference": "Organization/Organization-1102",
          "display": "Pediatric and Adult Medicine"
        }
      },
      "request": {
        "method": "PUT",
        "url": "http://localhost:8080/cqf-ruler/baseDstu3/Encounter/Encounter-272"
      }
    },
    {
      "resource": {
        "resourceType": "Immunization",
        "id": "Immunization-2353",
        "status": "completed",
        "notGiven": false,
        "vaccineCode": {
          "coding": [
            {
              "system": "http://hl7.org/fhir/sid/cvx",
              "code": "140",
              "display": "Influenza, seasonal, injectable, preservative free"
            }
          ]
        },
        "patient": {
          "reference": "Patient/Patient-6520",
          "display": "Terry Harvey Waller"
        },
        "date": "2018-07-17T09:36:36-04:00",
        "primarySource": true,
        "location": {
          "reference": "Location/Location-1102",
          "display": "Pediatric and Adult Medicine"
        },
        "practitioner": [
          {
            "actor": {
              "reference": "Practitioner/Practitioner-2517",
              "display": "Cathy Shannon Warner MD"
            }
          }
        ]
      },
      "request": {
        "method": "PUT",
        "url": "http://localhost:8080/cqf-ruler/baseDstu3/Immunization/Immunization-2353"
      }
    },
    {
      "resource": {
        "resourceType": "Immunization",
        "id": "Immunization-2354",
        "status": "completed",
        "notGiven": false,
        "vaccineCode": {
          "coding": [
            {
              "system": "http://hl7.org/fhir/sid/cvx",
              "code": "113",
              "display": "Td (adult) preservative free"
            }
          ]
        },
        "patient": {
          "reference": "Patient/Patient-6520",
          "display": "Terry Harvey Waller"
        },
        "date": "2018-07-17T09:36:36-04:00",
        "primarySource": true,
        "location": {
          "reference": "Location/Location-1102",
          "display": "Pediatric and Adult Medicine"
        },
        "practitioner": [
          {
            "actor": {
              "reference": "Practitioner/Practitioner-2517",
              "display": "Cathy Shannon Warner MD"
            }
          }
        ]
      },
      "request": {
        "method": "PUT",
        "url": "http://localhost:8080/cqf-ruler/baseDstu3/Immunization/Immunization-2354"
      }
    },
    {
      "resource": {
        "resourceType": "Procedure",
        "id": "Procedure-24377",
        "status": "completed",
        "code": {
          "coding": [
            {
              "system": "http://loinc.org",
              "code": "29771-3",
              "display": "Hemoglobin.gastrointestinal [Presence] in Stool by Immunologic method"
            }
          ]
        },
        "subject": {
          "reference": "Patient/Patient-6520",
          "display": "Terry Harvey Waller"
        },
        "context": {
          "reference": "Encounter/Encounter-272",
          "display": "Pediatric and Adult Medicine"
        },
        "performedPeriod": {
          "start": "2018-07-23T09:36:36-04:00",
          "end": "2018-07-23T09:36:36-04:00"
        },
        "performer": [
          {
            "actor": {
              "reference": "Practitioner/Practitioner-2517",
              "display": "Cathy Shannon Warner MD"
            }
          }
        ],
        "location": {
          "reference": "Location/Location-1102",
          "display": "Pediatric and Adult Medicine"
        }
      },
      "request": {
        "method": "PUT",
        "url": "http://localhost:8080/cqf-ruler/baseDstu3/Procedure/Procedure-24377"
      }
    },
    {
      "resource": {
        "resourceType": "Observation",
        "id": "Observation-24378",
        "status": "final",
        "code": {
          "coding": [
            {
              "system": "http://loinc.org",
              "code": "29771-3",
              "display": "Hemoglobin.gastrointestinal [Presence] in Stool by Immunologic method"
            }
          ]
        },
        "subject": {
          "reference": "Patient/Patient-6520",
          "display": "Terry Harvey Waller"
        },
        "context": {
          "reference": "Encounter/Encounter-272",
          "display": "Pediatric and Adult Medicine"
        },
        "effectiveDateTime": "2018-07-23T09:36:36-04:00",
        "performer": [
          {
            "reference": "Practitioner/Practitioner-2517",
            "display": "Cathy Shannon Warner MD"
          }
        ],
        "valueString": "NEGATIVE"
      },
      "request": {
        "method": "PUT",
        "url": "http://localhost:8080/cqf-ruler/baseDstu3/Observation/Observation-24378"
      }
    },
    {
      "resource": {
        "resourceType": "Observation",
        "id": "Observation-24379",
        "status": "final",
        "code": {
          "coding": [
            {
              "system": "http://loinc.org",
              "code": "8480-6",
              "display": "Systolic blood pressure"
            }
          ]
        },
        "subject": {
          "reference": "Patient/Patient-6520",
          "display": "Terry Harvey Waller"
        },
        "context": {
          "reference": "Encounter/Encounter-272",
          "display": "Pediatric and Adult Medicine"
        },
        "effectiveDateTime": "2018-07-23T09:36:36-04:00",
        "performer": [
          {
            "reference": "Practitioner/Practitioner-2517",
            "display": "Cathy Shannon Warner MD"
          }
        ],
        "valueQuantity": {
          "value": 125.11555473706693,
          "unit": "mmHg"
        }
      },
      "request": {
        "method": "PUT",
        "url": "http://localhost:8080/cqf-ruler/baseDstu3/Observation/Observation-24379"
      }
    },
    {
      "resource": {
        "resourceType": "Observation",
        "id": "Observation-24380",
        "status": "final",
        "code": {
          "coding": [
            {
              "system": "http://loinc.org",
              "code": "8462-4",
              "display": "Diastolic blood pressure"
            }
          ]
        },
        "subject": {
          "reference": "Patient/Patient-6520",
          "display": "Terry Harvey Waller"
        },
        "context": {
          "reference": "Encounter/Encounter-272",
          "display": "Pediatric and Adult Medicine"
        },
        "effectiveDateTime": "2018-07-23T09:36:36-04:00",
        "performer": [
          {
            "reference": "Practitioner/Practitioner-2517",
            "display": "Cathy Shannon Warner MD"
          }
        ],
        "valueQuantity": {
          "value": 107.28852713743605,
          "unit": "mmHg"
        }
      },
      "request": {
        "method": "PUT",
        "url": "http://localhost:8080/cqf-ruler/baseDstu3/Observation/Observation-24380"
      }
    },
    {
      "resource": {
        "resourceType": "Condition",
        "id": "Condition-24381",
        "clinicalStatus": "active",
        "verificationStatus": "confirmed",
        "code": {
          "coding": [
            {
              "system": "http://snomed.info/sct",
              "code": "429457004",
              "display": "Systolic essential hypertension"
            }
          ]
        },
        "subject": {
          "reference": "Patient/Patient-6520",
          "display": "Terry Harvey Waller"
        },
        "context": {
          "reference": "Encounter/Encounter-272",
          "display": "Pediatric and Adult Medicine"
        },
        "onsetDateTime": "2018-07-23T09:36:36-04:00",
        "assertedDate": "2018-07-23T09:36:36-04:00",
        "asserter": {
          "reference": "Practitioner/Practitioner-2517",
          "display": "Cathy Shannon Warner MD"
        }
      },
      "request": {
        "method": "PUT",
        "url": "http://localhost:8080/cqf-ruler/baseDstu3/Condition/Condition-24381"
      }
    },
    {
      "resource": {
        "resourceType": "Observation",
        "id": "Observation-24382",
        "status": "final",
        "category": [
          {
            "coding": [
              {
                "system": "http://hl7.org/fhir/observation-category",
                "code": "vital-signs",
                "display": "vital-signs"
              }
            ]
          }
        ],
        "code": {
          "coding": [
            {
              "system": "http://loinc.org",
              "code": "8716-3",
              "display": "Vital Signs Panel"
            }
          ]
        },
        "subject": {
          "reference": "Patient/Patient-6520",
          "display": "Terry Harvey Waller"
        },
        "context": {
          "reference": "Encounter/Encounter-272",
          "display": "Pediatric and Adult Medicine"
        },
        "effectivePeriod": {
          "start": "2018-07-23T09:36:36-04:00",
          "end": "2018-07-23T09:36:36-04:00"
        },
        "valueQuantity": {
          "value": 107.28852713743605,
          "unit": "mmHg"
        },
        "component": [
          {
            "code": {
              "coding": [
                {
                  "system": "http://loinc.org",
                  "code": "8302-2",
                  "display": "Height"
                }
              ]
            }
          },
          {
            "code": {
              "coding": [
                {
                  "system": "http://loinc.org",
                  "code": "29463-7",
                  "display": "Weight"
                }
              ]
            }
          },
          {
            "code": {
              "coding": [
                {
                  "system": "http://loinc.org",
                  "code": "39156-5",
                  "display": "BMI"
                }
              ]
            }
          },
          {
            "code": {
              "coding": [
                {
                  "system": "http://loinc.org",
                  "code": "8310-5",
                  "display": "Temperature"
                }
              ]
            }
          },
          {
            "code": {
              "coding": [
                {
                  "system": "http://loinc.org",
                  "code": "8459-0",
                  "display": "Systolic Blood Pressure"
                }
              ]
            }
          },
          {
            "code": {
              "coding": [
                {
                  "system": "http://loinc.org",
                  "code": "8453-3",
                  "display": "Diastolic Blood Pressure"
                }
              ]
            }
          }
        ]
      },
      "request": {
        "method": "PUT",
        "url": "http://localhost:8080/cqf-ruler/baseDstu3/Observation/Observation-24382"
      }
    }
  ]
}