{
  "resourceType": "Bundle",
  "type": "transaction",
  "entry": [
    {
      "resource": {
        "resourceType": "Encounter",
        "id": "Encounter-195",
        "status": "finished",
        "class": {
          "system": "http://hl7.org/fhir/encounter-class",
          "code": "other",
          "display": "Other"
        },
        "subject": {
          "reference": "Patient/Patient-6512",
          "display": "Carolyn Gillespie Gallegos"
        },
        "participant": [
          {
            "period": {
              "start": "2018-08-20T09:36:36-04:00",
              "end": "2018-08-20T09:36:36-04:00"
            },
            "individual": {
              "reference": "Practitioner/Practitioner-2529",
              "display": "Stanley Floyd Nielsen MD"
            }
          }
        ],
        "period": {
          "start": "2018-08-20T09:36:36-04:00",
          "end": "2018-08-20T09:36:36-04:00"
        },
        "location": [
          {
            "location": {
              "reference": "Location/Location-1102",
              "display": "Pediatric and Adult Medicine"
            }
          }
        ],
        "serviceProvider": {
          "reference": "Organization/Organization-1102",
          "display": "Pediatric and Adult Medicine"
        }
      },
      "request": {
        "method": "PUT",
        "url": "http://localhost:8080/cqf-ruler/baseDstu3/Encounter/Encounter-195"
      }
    },
    {
      "resource": {
        "resourceType": "Immunization",
        "id": "Immunization-387",
        "status": "completed",
        "notGiven": false,
        "vaccineCode": {
          "coding": [
            {
              "system": "http://hl7.org/fhir/sid/cvx",
              "code": "140",
              "display": "Influenza, seasonal, injectable, preservative free"
            }
          ]
        },
        "patient": {
          "reference": "Patient/Patient-6512",
          "display": "Carolyn Gillespie Gallegos"
        },
        "date": "2018-08-14T09:36:36-04:00",
        "primarySource": true,
        "location": {
          "reference": "Location/Location-1102",
          "display": "Pediatric and Adult Medicine"
        },
        "practitioner": [
          {
            "actor": {
              "reference": "Practitioner/Practitioner-2529",
              "display": "Stanley Floyd Nielsen MD"
            }
          }
        ]
      },
      "request": {
        "method": "PUT",
        "url": "http://localhost:8080/cqf-ruler/baseDstu3/Immunization/Immunization-387"
      }
    },
    {
      "resource": {
        "resourceType": "Procedure",
        "id": "Procedure-26522",
        "status": "completed",
        "code": {
          "coding": [
            {
              "system": "http://loinc.org",
              "code": "27926-5",
              "display": "Hemoglobin.gastrointestinal [Presence] in Stool --8th specimen"
            }
          ]
        },
        "subject": {
          "reference": "Patient/Patient-6512",
          "display": "Carolyn Gillespie Gallegos"
        },
        "context": {
          "reference": "Encounter/Encounter-195",
          "display": "Pediatric and Adult Medicine"
        },
        "performedPeriod": {
          "start": "2018-08-20T09:36:36-04:00",
          "end": "2018-08-20T09:36:36-04:00"
        },
        "performer": [
          {
            "actor": {
              "reference": "Practitioner/Practitioner-2529",
              "display": "Stanley Floyd Nielsen MD"
            }
          }
        ],
        "location": {
          "reference": "Location/Location-1102",
          "display": "Pediatric and Adult Medicine"
        }
      },
      "request": {
        "method": "PUT",
        "url": "http://localhost:8080/cqf-ruler/baseDstu3/Procedure/Procedure-26522"
      }
    },
    {
      "resource": {
        "resourceType": "Observation",
        "id": "Observation-26523",
        "status": "final",
        "code": {
          "coding": [
            {
              "system": "http://loinc.org",
              "code": "27925-7",
              "display": "Hemoglobin.gastrointestinal [Presence] in Stool --7th specimen"
            }
          ]
        },
        "subject": {
          "reference": "Patient/Patient-6512",
          "display": "Carolyn Gillespie Gallegos"
        },
        "context": {
          "reference": "Encounter/Encounter-195",
          "display": "Pediatric and Adult Medicine"
        },
        "effectiveDateTime": "2018-08-20T09:36:36-04:00",
        "performer": [
          {
            "reference": "Practitioner/Practitioner-2529",
            "display": "Stanley Floyd Nielsen MD"
          }
        ],
        "valueString": "NEGATIVE"
      },
      "request": {
        "method": "PUT",
        "url": "http://localhost:8080/cqf-ruler/baseDstu3/Observation/Observation-26523"
      }
    },
    {
      "resource": {
        "resourceType": "Observation",
        "id": "Observation-26524",
        "status": "final",
        "code": {
          "coding": [
            {
              "system": "http://loinc.org",
              "code": "8480-6",
              "display": "Systolic blood pressure"
            }
          ]
        },
        "subject": {
          "reference": "Patient/Patient-6512",
          "display": "Carolyn Gillespie Gallegos"
        },
        "context": {
          "reference": "Encounter/Encounter-195",
          "display": "Pediatric and Adult Medicine"
        },
        "effectiveDateTime": "2018-08-20T09:36:36-04:00",
        "performer": [
          {
            "reference": "Practitioner/Practitioner-2529",
            "display": "Stanley Floyd Nielsen MD"
          }
        ],
        "valueQuantity": {
          "value": 126.59358210904837,
          "unit": "mmHg"
        }
      },
      "request": {
        "method": "PUT",
        "url": "http://localhost:8080/cqf-ruler/baseDstu3/Observation/Observation-26524"
      }
    },
    {
      "resource": {
        "resourceType": "Observation",
        "id": "Observation-26525",
        "status": "final",
        "code": {
          "coding": [
            {
              "system": "http://loinc.org",
              "code": "8462-4",
              "display": "Diastolic blood pressure"
            }
          ]
        },
        "subject": {
          "reference": "Patient/Patient-6512",
          "display": "Carolyn Gillespie Gallegos"
        },
        "context": {
          "reference": "Encounter/Encounter-195",
          "display": "Pediatric and Adult Medicine"
        },
        "effectiveDateTime": "2018-08-20T09:36:36-04:00",
        "performer": [
          {
            "reference": "Practitioner/Practitioner-2529",
            "display": "Stanley Floyd Nielsen MD"
          }
        ],
        "valueQuantity": {
          "value": 67.02447548886106,
          "unit": "mmHg"
        }
      },
      "request": {
        "method": "PUT",
        "url": "http://localhost:8080/cqf-ruler/baseDstu3/Observation/Observation-26525"
      }
    },
    {
      "resource": {
        "resourceType": "Procedure",
        "id": "Procedure-26526",
        "status": "completed",
        "code": {
          "coding": [
            {
              "system": "http://snomed.info/sct",
              "code": "43204002",
              "display": "Bilateral mammography (procedure)"
            }
          ]
        },
        "subject": {
          "reference": "Patient/Patient-6512",
          "display": "Carolyn Gillespie Gallegos"
        },
        "context": {
          "reference": "Encounter/Encounter-195",
          "display": "Pediatric and Adult Medicine"
        },
        "performedPeriod": {
          "start": "2018-08-20T09:36:36-04:00",
          "end": "2018-08-20T09:36:36-04:00"
        },
        "performer": [
          {
            "actor": {
              "reference": "Practitioner/Practitioner-2529",
              "display": "Stanley Floyd Nielsen MD"
            }
          }
        ],
        "location": {
          "reference": "Location/Location-1102",
          "display": "Pediatric and Adult Medicine"
        }
      },
      "request": {
        "method": "PUT",
        "url": "http://localhost:8080/cqf-ruler/baseDstu3/Procedure/Procedure-26526"
      }
    },
    {
      "resource": {
        "resourceType": "Observation",
        "id": "Observation-26527",
        "status": "final",
        "code": {
          "coding": [
            {
              "system": "http://snomed.info/sct",
              "code": "168749009",
              "display": "Mammography normal (finding)"
            }
          ]
        },
        "subject": {
          "reference": "Patient/Patient-6512",
          "display": "Carolyn Gillespie Gallegos"
        },
        "context": {
          "reference": "Encounter/Encounter-195",
          "display": "Pediatric and Adult Medicine"
        },
        "effectiveDateTime": "2018-08-20T09:36:36-04:00",
        "performer": [
          {
            "reference": "Practitioner/Practitioner-2529",
            "display": "Stanley Floyd Nielsen MD"
          }
        ],
        "valueString": "NEGATIVE"
      },
      "request": {
        "method": "PUT",
        "url": "http://localhost:8080/cqf-ruler/baseDstu3/Observation/Observation-26527"
      }
    },
    {
      "resource": {
        "resourceType": "DiagnosticReport",
        "id": "DiagnosticReport-26528",
        "status": "final",
        "code": {
          "coding": [
            {
              "system": "http://loinc.org",
              "code": "37028-8",
              "display": "Breast Mammogram tangential"
            }
          ]
        },
        "subject": {
          "reference": "Patient/Patient-6512",
          "display": "Carolyn Gillespie Gallegos"
        },
        "context": {
          "reference": "Encounter/Encounter-195",
          "display": "Pediatric and Adult Medicine"
        },
        "effectivePeriod": {
          "start": "2018-08-20T09:36:36-04:00",
          "end": "2018-08-20T09:36:36-04:00"
        },
        "result": [
          {
            "reference": "Observation/Observation-26527",
            "display": "No_Cancer_Detected"
          }
        ]
      },
      "request": {
        "method": "PUT",
        "url": "http://localhost:8080/cqf-ruler/baseDstu3/DiagnosticReport/DiagnosticReport-26528"
      }
    },
    {
      "resource": {
        "resourceType": "Procedure",
        "id": "Procedure-26529",
        "status": "completed",
        "code": {
          "coding": [
            {
              "system": "http://loinc.org",
              "code": "33717-0",
              "display": "Cytology Cervical or vaginal smear or scraping study"
            }
          ]
        },
        "subject": {
          "reference": "Patient/Patient-6512",
          "display": "Carolyn Gillespie Gallegos"
        },
        "context": {
          "reference": "Encounter/Encounter-195",
          "display": "Pediatric and Adult Medicine"
        },
        "performedPeriod": {
          "start": "2018-08-20T09:36:36-04:00",
          "end": "2018-08-20T09:36:36-04:00"
        },
        "performer": [
          {
            "actor": {
              "reference": "Practitioner/Practitioner-2529",
              "display": "Stanley Floyd Nielsen MD"
            }
          }
        ],
        "location": {
          "reference": "Location/Location-1102",
          "display": "Pediatric and Adult Medicine"
        }
      },
      "request": {
        "method": "PUT",
        "url": "http://localhost:8080/cqf-ruler/baseDstu3/Procedure/Procedure-26529"
      }
    },
    {
      "resource": {
        "resourceType": "Observation",
        "id": "Observation-26530",
        "status": "final",
        "code": {
          "coding": [
            {
              "system": "http://snomed.info/sct",
              "code": "289829007",
              "display": "Normal uterine cervix (finding)"
            }
          ]
        },
        "subject": {
          "reference": "Patient/Patient-6512",
          "display": "Carolyn Gillespie Gallegos"
        },
        "context": {
          "reference": "Encounter/Encounter-195",
          "display": "Pediatric and Adult Medicine"
        },
        "effectiveDateTime": "2018-08-20T09:36:36-04:00",
        "performer": [
          {
            "reference": "Practitioner/Practitioner-2529",
            "display": "Stanley Floyd Nielsen MD"
          }
        ],
        "valueString": "NEGATIVE"
      },
      "request": {
        "method": "PUT",
        "url": "http://localhost:8080/cqf-ruler/baseDstu3/Observation/Observation-26530"
      }
    },
    {
      "resource": {
        "resourceType": "DiagnosticReport",
        "id": "DiagnosticReport-26531",
        "status": "final",
        "code": {
          "coding": [
            {
              "system": "http://loinc.org",
              "code": "69259-0",
              "display": "Breast implant - right Mammogram diagnostic"
            }
          ]
        },
        "subject": {
          "reference": "Patient/Patient-6512",
          "display": "Carolyn Gillespie Gallegos"
        },
        "context": {
          "reference": "Encounter/Encounter-195",
          "display": "Pediatric and Adult Medicine"
        },
        "effectivePeriod": {
          "start": "2018-08-20T09:36:36-04:00",
          "end": "2018-08-20T09:36:36-04:00"
        },
        "result": [
          {
            "reference": "Observation/Observation-26530",
            "display": "No_Cancer_Detected"
          }
        ]
      },
      "request": {
        "method": "PUT",
        "url": "http://localhost:8080/cqf-ruler/baseDstu3/DiagnosticReport/DiagnosticReport-26531"
      }
    },
    {
      "resource": {
        "resourceType": "Observation",
        "id": "Observation-26532",
        "status": "final",
        "category": [
          {
            "coding": [
              {
                "system": "http://hl7.org/fhir/observation-category",
                "code": "vital-signs",
                "display": "vital-signs"
              }
            ]
          }
        ],
        "code": {
          "coding": [
            {
              "system": "http://loinc.org",
              "code": "8716-3",
              "display": "Vital Signs Panel"
            }
          ]
        },
        "subject": {
          "reference": "Patient/Patient-6512",
          "display": "Carolyn Gillespie Gallegos"
        },
        "context": {
          "reference": "Encounter/Encounter-195",
          "display": "Pediatric and Adult Medicine"
        },
        "effectivePeriod": {
          "start": "2018-08-20T09:36:36-04:00",
          "end": "2018-08-20T09:36:36-04:00"
        },
        "valueQuantity": {
          "value": 67.02447548886106,
          "unit": "mmHg"
        },
        "component": [
          {
            "code": {
              "coding": [
                {
                  "system": "http://loinc.org",
                  "code": "8302-2",
                  "display": "Height"
                }
              ]
            }
          },
          {
            "code": {
              "coding": [
                {
                  "system": "http://loinc.org",
                  "code": "29463-7",
                  "display": "Weight"
                }
              ]
            }
          },
          {
            "code": {
              "coding": [
                {
                  "system": "http://loinc.org",
                  "code": "39156-5",
                  "display": "BMI"
                }
              ]
            }
          },
          {
            "code": {
              "coding": [
                {
                  "system": "http://loinc.org",
                  "code": "8310-5",
                  "display": "Temperature"
                }
              ]
            }
          },
          {
            "code": {
              "coding": [
                {
                  "system": "http://loinc.org",
                  "code": "8459-0",
                  "display": "Systolic Blood Pressure"
                }
              ]
            }
          },
          {
            "code": {
              "coding": [
                {
                  "system": "http://loinc.org",
                  "code": "8453-3",
                  "display": "Diastolic Blood Pressure"
                }
              ]
            }
          }
        ]
      },
      "request": {
        "method": "PUT",
        "url": "http://localhost:8080/cqf-ruler/baseDstu3/Observation/Observation-26532"
      }
    }
  ]
}