{
  "resourceType": "Bundle",
  "type": "transaction",
  "entry": [
    {
      "resource": {
        "resourceType": "Encounter",
        "id": "Encounter-1195",
        "status": "finished",
        "class": {
          "system": "http://hl7.org/fhir/encounter-class",
          "code": "other",
          "display": "Other"
        },
        "subject": {
          "reference": "Patient/Patient-6540",
          "display": "Helen Marjorie Medina"
        },
        "participant": [
          {
            "period": {
              "start": "2027-11-15T09:36:36-05:00",
              "end": "2027-11-15T09:36:36-05:00"
            },
            "individual": {
              "reference": "Practitioner/Practitioner-2517",
              "display": "Cathy Shannon Warner MD"
            }
          }
        ],
        "period": {
          "start": "2027-11-15T09:36:36-05:00",
          "end": "2027-11-15T09:36:36-05:00"
        },
        "location": [
          {
            "location": {
              "reference": "Location/Location-1001",
              "display": "Windward General Hospital"
            }
          }
        ],
        "serviceProvider": {
          "reference": "Organization/Organization-1001",
          "display": "Windward General Hospital"
        }
      },
      "request": {
        "method": "PUT",
        "url": "http://localhost:8080/cqf-ruler/baseDstu3/Encounter/Encounter-1195"
      }
    },
    {
      "resource": {
        "resourceType": "Procedure",
        "id": "Procedure-266088",
        "status": "completed",
        "code": {
          "coding": [
            {
              "system": "http://snomed.info/sct",
              "code": "446521004",
              "display": "Colonoscopy and excision of mucosa of colon"
            }
          ]
        },
        "subject": {
          "reference": "Patient/Patient-6540",
          "display": "Helen Marjorie Medina"
        },
        "context": {
          "reference": "Encounter/Encounter-1195",
          "display": "Windward General Hospital"
        },
        "performedPeriod": {
          "start": "2027-11-15T09:36:36-05:00",
          "end": "2027-11-15T09:36:36-05:00"
        },
        "performer": [
          {
            "actor": {
              "reference": "Practitioner/Practitioner-2517",
              "display": "Cathy Shannon Warner MD"
            }
          }
        ],
        "location": {
          "reference": "Location/Location-1001",
          "display": "Windward General Hospital"
        }
      },
      "request": {
        "method": "PUT",
        "url": "http://localhost:8080/cqf-ruler/baseDstu3/Procedure/Procedure-266088"
      }
    },
    {
      "resource": {
        "resourceType": "Observation",
        "id": "Observation-266090",
        "status": "final",
        "code": {
          "coding": [
            {
              "system": "http://snomed.info/sct",
              "code": "427459009",
              "display": "Diagnostic endoscopic examination of colonic pouch and biopsy of colonic pouch using colonoscope"
            }
          ]
        },
        "subject": {
          "reference": "Patient/Patient-6540",
          "display": "Helen Marjorie Medina"
        },
        "context": {
          "reference": "Encounter/Encounter-1195",
          "display": "Windward General Hospital"
        },
        "effectiveDateTime": "2027-11-15T09:36:36-05:00",
        "performer": [
          {
            "reference": "Practitioner/Practitioner-2517",
            "display": "Cathy Shannon Warner MD"
          }
        ],
        "valueString": "POSITIVE"
      },
      "request": {
        "method": "PUT",
        "url": "http://localhost:8080/cqf-ruler/baseDstu3/Observation/Observation-266090"
      }
    },
    {
      "resource": {
        "resourceType": "Observation",
        "id": "Observation-266092",
        "status": "final",
        "category": [
          {
            "coding": [
              {
                "system": "http://hl7.org/fhir/observation-category",
                "code": "vital-signs",
                "display": "vital-signs"
              }
            ]
          }
        ],
        "code": {
          "coding": [
            {
              "system": "http://loinc.org",
              "code": "8716-3",
              "display": "Vital Signs Panel"
            }
          ]
        },
        "subject": {
          "reference": "Patient/Patient-6540",
          "display": "Helen Marjorie Medina"
        },
        "context": {
          "reference": "Encounter/Encounter-1195",
          "display": "Windward General Hospital"
        },
        "effectivePeriod": {
          "start": "2027-11-15T09:36:36-05:00",
          "end": "2027-11-15T09:36:36-05:00"
        },
        "valueQuantity": {
          "value": 114.09794546345887,
          "unit": "mmHg"
        },
        "component": [
          {
            "code": {
              "coding": [
                {
                  "system": "http://loinc.org",
                  "code": "8302-2",
                  "display": "Height"
                }
              ]
            }
          },
          {
            "code": {
              "coding": [
                {
                  "system": "http://loinc.org",
                  "code": "29463-7",
                  "display": "Weight"
                }
              ]
            }
          },
          {
            "code": {
              "coding": [
                {
                  "system": "http://loinc.org",
                  "code": "39156-5",
                  "display": "BMI"
                }
              ]
            }
          },
          {
            "code": {
              "coding": [
                {
                  "system": "http://loinc.org",
                  "code": "8310-5",
                  "display": "Temperature"
                }
              ]
            }
          },
          {
            "code": {
              "coding": [
                {
                  "system": "http://loinc.org",
                  "code": "8459-0",
                  "display": "Systolic Blood Pressure"
                }
              ]
            }
          },
          {
            "code": {
              "coding": [
                {
                  "system": "http://loinc.org",
                  "code": "8453-3",
                  "display": "Diastolic Blood Pressure"
                }
              ]
            }
          }
        ]
      },
      "request": {
        "method": "PUT",
        "url": "http://localhost:8080/cqf-ruler/baseDstu3/Observation/Observation-266092"
      }
    }
  ]
}