{
  "resourceType": "Bundle",
  "type": "transaction",
  "entry": [
    {
      "resource": {
        "resourceType": "Encounter",
        "id": "Encounter-476",
        "status": "finished",
        "class": {
          "system": "http://hl7.org/fhir/encounter-class",
          "code": "other",
          "display": "Other"
        },
        "subject": {
          "reference": "Patient/Patient-6535",
          "display": "Barbara April Howe"
        },
        "participant": [
          {
            "period": {
              "start": "2020-09-21T09:36:36-04:00",
              "end": "2020-09-21T09:36:36-04:00"
            },
            "individual": {
              "reference": "Practitioner/Practitioner-2532",
              "display": "Chad Espinoza Potter MD"
            }
          }
        ],
        "period": {
          "start": "2020-09-21T09:36:36-04:00",
          "end": "2020-09-21T09:36:36-04:00"
        },
        "location": [
          {
            "location": {
              "reference": "Location/Location-1105",
              "display": "Bayside Medical Group"
            }
          }
        ],
        "serviceProvider": {
          "reference": "Organization/Organization-1105",
          "display": "Bayside Medical Group"
        }
      },
      "request": {
        "method": "PUT",
        "url": "http://localhost:8080/cqf-ruler/baseDstu3/Encounter/Encounter-476"
      }
    },
    {
      "resource": {
        "resourceType": "Immunization",
        "id": "Immunization-54866",
        "status": "completed",
        "notGiven": false,
        "vaccineCode": {
          "coding": [
            {
              "system": "http://hl7.org/fhir/sid/cvx",
              "code": "140",
              "display": "Influenza, seasonal, injectable, preservative free"
            }
          ]
        },
        "patient": {
          "reference": "Patient/Patient-6535",
          "display": "Barbara April Howe"
        },
        "date": "2020-09-15T09:36:36-04:00",
        "primarySource": true,
        "location": {
          "reference": "Location/Location-1105",
          "display": "Bayside Medical Group"
        },
        "practitioner": [
          {
            "actor": {
              "reference": "Practitioner/Practitioner-2532",
              "display": "Chad Espinoza Potter MD"
            }
          }
        ]
      },
      "request": {
        "method": "PUT",
        "url": "http://localhost:8080/cqf-ruler/baseDstu3/Immunization/Immunization-54866"
      }
    },
    {
      "resource": {
        "resourceType": "Procedure",
        "id": "Procedure-80992",
        "status": "completed",
        "code": {
          "coding": [
            {
              "system": "http://loinc.org",
              "code": "56491-4",
              "display": "Hemoglobin.gastrointestinal [Presence] in Stool by Immunologic method --3rd specimen"
            }
          ]
        },
        "subject": {
          "reference": "Patient/Patient-6535",
          "display": "Barbara April Howe"
        },
        "context": {
          "reference": "Encounter/Encounter-476",
          "display": "Bayside Medical Group"
        },
        "performedPeriod": {
          "start": "2020-09-21T09:36:36-04:00",
          "end": "2020-09-21T09:36:36-04:00"
        },
        "performer": [
          {
            "actor": {
              "reference": "Practitioner/Practitioner-2532",
              "display": "Chad Espinoza Potter MD"
            }
          }
        ],
        "location": {
          "reference": "Location/Location-1105",
          "display": "Bayside Medical Group"
        }
      },
      "request": {
        "method": "PUT",
        "url": "http://localhost:8080/cqf-ruler/baseDstu3/Procedure/Procedure-80992"
      }
    },
    {
      "resource": {
        "resourceType": "Observation",
        "id": "Observation-80993",
        "status": "final",
        "code": {
          "coding": [
            {
              "system": "http://loinc.org",
              "code": "14565-6",
              "display": "Hemoglobin.gastrointestinal [Presence] in Stool --3rd specimen"
            }
          ]
        },
        "subject": {
          "reference": "Patient/Patient-6535",
          "display": "Barbara April Howe"
        },
        "context": {
          "reference": "Encounter/Encounter-476",
          "display": "Bayside Medical Group"
        },
        "effectiveDateTime": "2020-09-21T09:36:36-04:00",
        "performer": [
          {
            "reference": "Practitioner/Practitioner-2532",
            "display": "Chad Espinoza Potter MD"
          }
        ],
        "valueString": "NEGATIVE"
      },
      "request": {
        "method": "PUT",
        "url": "http://localhost:8080/cqf-ruler/baseDstu3/Observation/Observation-80993"
      }
    },
    {
      "resource": {
        "resourceType": "Observation",
        "id": "Observation-80994",
        "status": "final",
        "code": {
          "coding": [
            {
              "system": "http://loinc.org",
              "code": "8480-6",
              "display": "Systolic blood pressure"
            }
          ]
        },
        "subject": {
          "reference": "Patient/Patient-6535",
          "display": "Barbara April Howe"
        },
        "context": {
          "reference": "Encounter/Encounter-476",
          "display": "Bayside Medical Group"
        },
        "effectiveDateTime": "2020-09-21T09:36:36-04:00",
        "performer": [
          {
            "reference": "Practitioner/Practitioner-2532",
            "display": "Chad Espinoza Potter MD"
          }
        ],
        "valueQuantity": {
          "value": 149.90538887504994,
          "unit": "mmHg"
        }
      },
      "request": {
        "method": "PUT",
        "url": "http://localhost:8080/cqf-ruler/baseDstu3/Observation/Observation-80994"
      }
    },
    {
      "resource": {
        "resourceType": "Observation",
        "id": "Observation-80995",
        "status": "final",
        "code": {
          "coding": [
            {
              "system": "http://loinc.org",
              "code": "8462-4",
              "display": "Diastolic blood pressure"
            }
          ]
        },
        "subject": {
          "reference": "Patient/Patient-6535",
          "display": "Barbara April Howe"
        },
        "context": {
          "reference": "Encounter/Encounter-476",
          "display": "Bayside Medical Group"
        },
        "effectiveDateTime": "2020-09-21T09:36:36-04:00",
        "performer": [
          {
            "reference": "Practitioner/Practitioner-2532",
            "display": "Chad Espinoza Potter MD"
          }
        ],
        "valueQuantity": {
          "value": 114.37457203679939,
          "unit": "mmHg"
        }
      },
      "request": {
        "method": "PUT",
        "url": "http://localhost:8080/cqf-ruler/baseDstu3/Observation/Observation-80995"
      }
    },
    {
      "resource": {
        "resourceType": "Condition",
        "id": "Condition-80996",
        "clinicalStatus": "active",
        "verificationStatus": "confirmed",
        "code": {
          "coding": [
            {
              "system": "http://snomed.info/sct",
              "code": "10725009",
              "display": "Benign hypertension"
            }
          ]
        },
        "subject": {
          "reference": "Patient/Patient-6535",
          "display": "Barbara April Howe"
        },
        "context": {
          "reference": "Encounter/Encounter-476",
          "display": "Bayside Medical Group"
        },
        "onsetDateTime": "2020-09-21T09:36:36-04:00",
        "assertedDate": "2020-09-21T09:36:36-04:00",
        "asserter": {
          "reference": "Practitioner/Practitioner-2532",
          "display": "Chad Espinoza Potter MD"
        }
      },
      "request": {
        "method": "PUT",
        "url": "http://localhost:8080/cqf-ruler/baseDstu3/Condition/Condition-80996"
      }
    },
    {
      "resource": {
        "resourceType": "Procedure",
        "id": "Procedure-80997",
        "status": "completed",
        "code": {
          "coding": [
            {
              "system": "http://snomed.info/sct",
              "code": "43204002",
              "display": "Bilateral mammography (procedure)"
            }
          ]
        },
        "subject": {
          "reference": "Patient/Patient-6535",
          "display": "Barbara April Howe"
        },
        "context": {
          "reference": "Encounter/Encounter-476",
          "display": "Bayside Medical Group"
        },
        "performedPeriod": {
          "start": "2020-09-21T09:36:36-04:00",
          "end": "2020-09-21T09:36:36-04:00"
        },
        "performer": [
          {
            "actor": {
              "reference": "Practitioner/Practitioner-2532",
              "display": "Chad Espinoza Potter MD"
            }
          }
        ],
        "location": {
          "reference": "Location/Location-1105",
          "display": "Bayside Medical Group"
        }
      },
      "request": {
        "method": "PUT",
        "url": "http://localhost:8080/cqf-ruler/baseDstu3/Procedure/Procedure-80997"
      }
    },
    {
      "resource": {
        "resourceType": "Observation",
        "id": "Observation-80998",
        "status": "final",
        "code": {
          "coding": [
            {
              "system": "http://snomed.info/sct",
              "code": "168749009",
              "display": "Mammography normal (finding)"
            }
          ]
        },
        "subject": {
          "reference": "Patient/Patient-6535",
          "display": "Barbara April Howe"
        },
        "context": {
          "reference": "Encounter/Encounter-476",
          "display": "Bayside Medical Group"
        },
        "effectiveDateTime": "2020-09-21T09:36:36-04:00",
        "performer": [
          {
            "reference": "Practitioner/Practitioner-2532",
            "display": "Chad Espinoza Potter MD"
          }
        ],
        "valueString": "NEGATIVE"
      },
      "request": {
        "method": "PUT",
        "url": "http://localhost:8080/cqf-ruler/baseDstu3/Observation/Observation-80998"
      }
    },
    {
      "resource": {
        "resourceType": "DiagnosticReport",
        "id": "DiagnosticReport-80999",
        "status": "final",
        "code": {
          "coding": [
            {
              "system": "http://loinc.org",
              "code": "36625-2",
              "display": "Breast Mammogram"
            }
          ]
        },
        "subject": {
          "reference": "Patient/Patient-6535",
          "display": "Barbara April Howe"
        },
        "context": {
          "reference": "Encounter/Encounter-476",
          "display": "Bayside Medical Group"
        },
        "effectivePeriod": {
          "start": "2020-09-21T09:36:36-04:00",
          "end": "2020-09-21T09:36:36-04:00"
        },
        "result": [
          {
            "reference": "Observation/Observation-80998",
            "display": "No_Cancer_Detected"
          }
        ]
      },
      "request": {
        "method": "PUT",
        "url": "http://localhost:8080/cqf-ruler/baseDstu3/DiagnosticReport/DiagnosticReport-80999"
      }
    },
    {
      "resource": {
        "resourceType": "Observation",
        "id": "Observation-81000",
        "status": "final",
        "category": [
          {
            "coding": [
              {
                "system": "http://hl7.org/fhir/observation-category",
                "code": "vital-signs",
                "display": "vital-signs"
              }
            ]
          }
        ],
        "code": {
          "coding": [
            {
              "system": "http://loinc.org",
              "code": "8716-3",
              "display": "Vital Signs Panel"
            }
          ]
        },
        "subject": {
          "reference": "Patient/Patient-6535",
          "display": "Barbara April Howe"
        },
        "context": {
          "reference": "Encounter/Encounter-476",
          "display": "Bayside Medical Group"
        },
        "effectivePeriod": {
          "start": "2020-09-21T09:36:36-04:00",
          "end": "2020-09-21T09:36:36-04:00"
        },
        "valueQuantity": {
          "value": 114.37457203679939,
          "unit": "mmHg"
        },
        "component": [
          {
            "code": {
              "coding": [
                {
                  "system": "http://loinc.org",
                  "code": "8302-2",
                  "display": "Height"
                }
              ]
            }
          },
          {
            "code": {
              "coding": [
                {
                  "system": "http://loinc.org",
                  "code": "29463-7",
                  "display": "Weight"
                }
              ]
            }
          },
          {
            "code": {
              "coding": [
                {
                  "system": "http://loinc.org",
                  "code": "39156-5",
                  "display": "BMI"
                }
              ]
            }
          },
          {
            "code": {
              "coding": [
                {
                  "system": "http://loinc.org",
                  "code": "8310-5",
                  "display": "Temperature"
                }
              ]
            }
          },
          {
            "code": {
              "coding": [
                {
                  "system": "http://loinc.org",
                  "code": "8459-0",
                  "display": "Systolic Blood Pressure"
                }
              ]
            }
          },
          {
            "code": {
              "coding": [
                {
                  "system": "http://loinc.org",
                  "code": "8453-3",
                  "display": "Diastolic Blood Pressure"
                }
              ]
            }
          }
        ]
      },
      "request": {
        "method": "PUT",
        "url": "http://localhost:8080/cqf-ruler/baseDstu3/Observation/Observation-81000"
      }
    }
  ]
}