{
  "resourceType": "Bundle",
  "type": "transaction",
  "entry": [
    {
      "resource": {
        "resourceType": "Encounter",
        "id": "Encounter-213",
        "status": "finished",
        "class": {
          "system": "http://hl7.org/fhir/encounter-class",
          "code": "other",
          "display": "Other"
        },
        "subject": {
          "reference": "Patient/Patient-6486",
          "display": "Erika Amy Moore"
        },
        "participant": [
          {
            "period": {
              "start": "2018-01-01T09:36:36-05:00",
              "end": "2018-01-01T09:36:36-05:00"
            },
            "individual": {
              "reference": "Practitioner/Practitioner-2523",
              "display": "Dean Andrew Davis MD"
            }
          }
        ],
        "period": {
          "start": "2018-01-01T09:36:36-05:00",
          "end": "2018-01-01T09:36:36-05:00"
        },
        "location": [
          {
            "location": {
              "reference": "Location/Location-1102",
              "display": "Pediatric and Adult Medicine"
            }
          }
        ],
        "serviceProvider": {
          "reference": "Organization/Organization-1102",
          "display": "Pediatric and Adult Medicine"
        }
      },
      "request": {
        "method": "PUT",
        "url": "http://localhost:8080/cqf-ruler/baseDstu3/Encounter/Encounter-213"
      }
    },
    {
      "resource": {
        "resourceType": "Immunization",
        "id": "Immunization-845",
        "status": "completed",
        "notGiven": false,
        "vaccineCode": {
          "coding": [
            {
              "system": "http://hl7.org/fhir/sid/cvx",
              "code": "140",
              "display": "Influenza, seasonal, injectable, preservative free"
            }
          ]
        },
        "patient": {
          "reference": "Patient/Patient-6486",
          "display": "Erika Amy Moore"
        },
        "date": "2017-12-26T08:36:36-05:00",
        "primarySource": true,
        "location": {
          "reference": "Location/Location-1102",
          "display": "Pediatric and Adult Medicine"
        },
        "practitioner": [
          {
            "actor": {
              "reference": "Practitioner/Practitioner-2523",
              "display": "Dean Andrew Davis MD"
            }
          }
        ]
      },
      "request": {
        "method": "PUT",
        "url": "http://localhost:8080/cqf-ruler/baseDstu3/Immunization/Immunization-845"
      }
    },
    {
      "resource": {
        "resourceType": "Immunization",
        "id": "Immunization-846",
        "status": "completed",
        "notGiven": false,
        "vaccineCode": {
          "coding": [
            {
              "system": "http://hl7.org/fhir/sid/cvx",
              "code": "133",
              "display": "Pneumococcal conjugate PCV 13"
            }
          ]
        },
        "patient": {
          "reference": "Patient/Patient-6486",
          "display": "Erika Amy Moore"
        },
        "date": "2017-12-26T08:36:36-05:00",
        "primarySource": true,
        "location": {
          "reference": "Location/Location-1102",
          "display": "Pediatric and Adult Medicine"
        },
        "practitioner": [
          {
            "actor": {
              "reference": "Practitioner/Practitioner-2523",
              "display": "Dean Andrew Davis MD"
            }
          }
        ]
      },
      "request": {
        "method": "PUT",
        "url": "http://localhost:8080/cqf-ruler/baseDstu3/Immunization/Immunization-846"
      }
    },
    {
      "resource": {
        "resourceType": "Immunization",
        "id": "Immunization-847",
        "status": "completed",
        "notGiven": false,
        "vaccineCode": {
          "coding": [
            {
              "system": "http://hl7.org/fhir/sid/cvx",
              "code": "33",
              "display": "pneumococcal polysaccharide vaccine, 23 valent"
            }
          ]
        },
        "patient": {
          "reference": "Patient/Patient-6486",
          "display": "Erika Amy Moore"
        },
        "date": "2017-12-26T08:36:36-05:00",
        "primarySource": true,
        "location": {
          "reference": "Location/Location-1102",
          "display": "Pediatric and Adult Medicine"
        },
        "practitioner": [
          {
            "actor": {
              "reference": "Practitioner/Practitioner-2523",
              "display": "Dean Andrew Davis MD"
            }
          }
        ]
      },
      "request": {
        "method": "PUT",
        "url": "http://localhost:8080/cqf-ruler/baseDstu3/Immunization/Immunization-847"
      }
    },
    {
      "resource": {
        "resourceType": "Procedure",
        "id": "Procedure-9078",
        "status": "completed",
        "code": {
          "coding": [
            {
              "system": "http://loinc.org",
              "code": "58453-2",
              "display": "Hemoglobin.gastrointestinal [Mass/volume] in Stool by Immunologic method"
            }
          ]
        },
        "subject": {
          "reference": "Patient/Patient-6486",
          "display": "Erika Amy Moore"
        },
        "context": {
          "reference": "Encounter/Encounter-213",
          "display": "Pediatric and Adult Medicine"
        },
        "performedPeriod": {
          "start": "2018-01-01T09:36:36-05:00",
          "end": "2018-01-01T09:36:36-05:00"
        },
        "performer": [
          {
            "actor": {
              "reference": "Practitioner/Practitioner-2523",
              "display": "Dean Andrew Davis MD"
            }
          }
        ],
        "location": {
          "reference": "Location/Location-1102",
          "display": "Pediatric and Adult Medicine"
        }
      },
      "request": {
        "method": "PUT",
        "url": "http://localhost:8080/cqf-ruler/baseDstu3/Procedure/Procedure-9078"
      }
    },
    {
      "resource": {
        "resourceType": "Observation",
        "id": "Observation-9079",
        "status": "final",
        "code": {
          "coding": [
            {
              "system": "http://loinc.org",
              "code": "56490-6",
              "display": "Hemoglobin.gastrointestinal [Presence] in Stool by Immunologic method --2nd specimen"
            }
          ]
        },
        "subject": {
          "reference": "Patient/Patient-6486",
          "display": "Erika Amy Moore"
        },
        "context": {
          "reference": "Encounter/Encounter-213",
          "display": "Pediatric and Adult Medicine"
        },
        "effectiveDateTime": "2018-01-01T09:36:36-05:00",
        "performer": [
          {
            "reference": "Practitioner/Practitioner-2523",
            "display": "Dean Andrew Davis MD"
          }
        ],
        "valueString": "NEGATIVE"
      },
      "request": {
        "method": "PUT",
        "url": "http://localhost:8080/cqf-ruler/baseDstu3/Observation/Observation-9079"
      }
    },
    {
      "resource": {
        "resourceType": "Observation",
        "id": "Observation-9080",
        "status": "final",
        "code": {
          "coding": [
            {
              "system": "http://loinc.org",
              "code": "8480-6",
              "display": "Systolic blood pressure"
            }
          ]
        },
        "subject": {
          "reference": "Patient/Patient-6486",
          "display": "Erika Amy Moore"
        },
        "context": {
          "reference": "Encounter/Encounter-213",
          "display": "Pediatric and Adult Medicine"
        },
        "effectiveDateTime": "2018-01-01T09:36:36-05:00",
        "performer": [
          {
            "reference": "Practitioner/Practitioner-2523",
            "display": "Dean Andrew Davis MD"
          }
        ],
        "valueQuantity": {
          "value": 145.83367789955477,
          "unit": "mmHg"
        }
      },
      "request": {
        "method": "PUT",
        "url": "http://localhost:8080/cqf-ruler/baseDstu3/Observation/Observation-9080"
      }
    },
    {
      "resource": {
        "resourceType": "Observation",
        "id": "Observation-9081",
        "status": "final",
        "code": {
          "coding": [
            {
              "system": "http://loinc.org",
              "code": "8462-4",
              "display": "Diastolic blood pressure"
            }
          ]
        },
        "subject": {
          "reference": "Patient/Patient-6486",
          "display": "Erika Amy Moore"
        },
        "context": {
          "reference": "Encounter/Encounter-213",
          "display": "Pediatric and Adult Medicine"
        },
        "effectiveDateTime": "2018-01-01T09:36:36-05:00",
        "performer": [
          {
            "reference": "Practitioner/Practitioner-2523",
            "display": "Dean Andrew Davis MD"
          }
        ],
        "valueQuantity": {
          "value": 74.37708991857049,
          "unit": "mmHg"
        }
      },
      "request": {
        "method": "PUT",
        "url": "http://localhost:8080/cqf-ruler/baseDstu3/Observation/Observation-9081"
      }
    },
    {
      "resource": {
        "resourceType": "Condition",
        "id": "Condition-9082",
        "clinicalStatus": "active",
        "verificationStatus": "confirmed",
        "code": {
          "coding": [
            {
              "system": "http://hl7.org/fhir/sid/icd-9-cm",
              "code": "401.0",
              "display": "Malignant essential hypertension"
            }
          ]
        },
        "subject": {
          "reference": "Patient/Patient-6486",
          "display": "Erika Amy Moore"
        },
        "context": {
          "reference": "Encounter/Encounter-213",
          "display": "Pediatric and Adult Medicine"
        },
        "onsetDateTime": "2018-01-01T09:36:36-05:00",
        "assertedDate": "2018-01-01T09:36:36-05:00",
        "asserter": {
          "reference": "Practitioner/Practitioner-2523",
          "display": "Dean Andrew Davis MD"
        }
      },
      "request": {
        "method": "PUT",
        "url": "http://localhost:8080/cqf-ruler/baseDstu3/Condition/Condition-9082"
      }
    },
    {
      "resource": {
        "resourceType": "Procedure",
        "id": "Procedure-9083",
        "status": "completed",
        "code": {
          "coding": [
            {
              "system": "http://snomed.info/sct",
              "code": "43204002",
              "display": "Bilateral mammography (procedure)"
            }
          ]
        },
        "subject": {
          "reference": "Patient/Patient-6486",
          "display": "Erika Amy Moore"
        },
        "context": {
          "reference": "Encounter/Encounter-213",
          "display": "Pediatric and Adult Medicine"
        },
        "performedPeriod": {
          "start": "2018-01-01T09:36:36-05:00",
          "end": "2018-01-01T09:36:36-05:00"
        },
        "performer": [
          {
            "actor": {
              "reference": "Practitioner/Practitioner-2523",
              "display": "Dean Andrew Davis MD"
            }
          }
        ],
        "location": {
          "reference": "Location/Location-1102",
          "display": "Pediatric and Adult Medicine"
        }
      },
      "request": {
        "method": "PUT",
        "url": "http://localhost:8080/cqf-ruler/baseDstu3/Procedure/Procedure-9083"
      }
    },
    {
      "resource": {
        "resourceType": "Observation",
        "id": "Observation-9084",
        "status": "final",
        "code": {
          "coding": [
            {
              "system": "http://snomed.info/sct",
              "code": "168749009",
              "display": "Mammography normal (finding)"
            }
          ]
        },
        "subject": {
          "reference": "Patient/Patient-6486",
          "display": "Erika Amy Moore"
        },
        "context": {
          "reference": "Encounter/Encounter-213",
          "display": "Pediatric and Adult Medicine"
        },
        "effectiveDateTime": "2018-01-01T09:36:36-05:00",
        "performer": [
          {
            "reference": "Practitioner/Practitioner-2523",
            "display": "Dean Andrew Davis MD"
          }
        ],
        "valueString": "NEGATIVE"
      },
      "request": {
        "method": "PUT",
        "url": "http://localhost:8080/cqf-ruler/baseDstu3/Observation/Observation-9084"
      }
    },
    {
      "resource": {
        "resourceType": "DiagnosticReport",
        "id": "DiagnosticReport-9085",
        "status": "final",
        "code": {
          "coding": [
            {
              "system": "http://loinc.org",
              "code": "37769-7",
              "display": "Breast - right Mammogram magnification and spot"
            }
          ]
        },
        "subject": {
          "reference": "Patient/Patient-6486",
          "display": "Erika Amy Moore"
        },
        "context": {
          "reference": "Encounter/Encounter-213",
          "display": "Pediatric and Adult Medicine"
        },
        "effectivePeriod": {
          "start": "2018-01-01T09:36:36-05:00",
          "end": "2018-01-01T09:36:36-05:00"
        },
        "result": [
          {
            "reference": "Observation/Observation-9084",
            "display": "No_Cancer_Detected"
          }
        ]
      },
      "request": {
        "method": "PUT",
        "url": "http://localhost:8080/cqf-ruler/baseDstu3/DiagnosticReport/DiagnosticReport-9085"
      }
    },
    {
      "resource": {
        "resourceType": "Observation",
        "id": "Observation-9086",
        "status": "final",
        "category": [
          {
            "coding": [
              {
                "system": "http://hl7.org/fhir/observation-category",
                "code": "vital-signs",
                "display": "vital-signs"
              }
            ]
          }
        ],
        "code": {
          "coding": [
            {
              "system": "http://loinc.org",
              "code": "8716-3",
              "display": "Vital Signs Panel"
            }
          ]
        },
        "subject": {
          "reference": "Patient/Patient-6486",
          "display": "Erika Amy Moore"
        },
        "context": {
          "reference": "Encounter/Encounter-213",
          "display": "Pediatric and Adult Medicine"
        },
        "effectivePeriod": {
          "start": "2018-01-01T09:36:36-05:00",
          "end": "2018-01-01T09:36:36-05:00"
        },
        "valueQuantity": {
          "value": 74.37708991857049,
          "unit": "mmHg"
        },
        "component": [
          {
            "code": {
              "coding": [
                {
                  "system": "http://loinc.org",
                  "code": "8302-2",
                  "display": "Height"
                }
              ]
            }
          },
          {
            "code": {
              "coding": [
                {
                  "system": "http://loinc.org",
                  "code": "29463-7",
                  "display": "Weight"
                }
              ]
            }
          },
          {
            "code": {
              "coding": [
                {
                  "system": "http://loinc.org",
                  "code": "39156-5",
                  "display": "BMI"
                }
              ]
            }
          },
          {
            "code": {
              "coding": [
                {
                  "system": "http://loinc.org",
                  "code": "8310-5",
                  "display": "Temperature"
                }
              ]
            }
          },
          {
            "code": {
              "coding": [
                {
                  "system": "http://loinc.org",
                  "code": "8459-0",
                  "display": "Systolic Blood Pressure"
                }
              ]
            }
          },
          {
            "code": {
              "coding": [
                {
                  "system": "http://loinc.org",
                  "code": "8453-3",
                  "display": "Diastolic Blood Pressure"
                }
              ]
            }
          }
        ]
      },
      "request": {
        "method": "PUT",
        "url": "http://localhost:8080/cqf-ruler/baseDstu3/Observation/Observation-9086"
      }
    }
  ]
}