{
  "resourceType": "Bundle",
  "type": "transaction",
  "entry": [
    {
      "resource": {
        "resourceType": "Encounter",
        "id": "Encounter-289",
        "status": "finished",
        "class": {
          "system": "http://hl7.org/fhir/encounter-class",
          "code": "other",
          "display": "Other"
        },
        "subject": {
          "reference": "Patient/Patient-6533",
          "display": "Tammy Toni Robbins"
        },
        "participant": [
          {
            "period": {
              "start": "2018-11-12T09:36:36-05:00",
              "end": "2018-11-12T09:36:36-05:00"
            },
            "individual": {
              "reference": "Practitioner/Practitioner-2530",
              "display": "Terrence Ramirez McCormick MD"
            }
          }
        ],
        "period": {
          "start": "2018-11-12T09:36:36-05:00",
          "end": "2018-11-12T09:36:36-05:00"
        },
        "location": [
          {
            "location": {
              "reference": "Location/Location-1103",
              "display": "Acme Medical Center"
            }
          }
        ],
        "serviceProvider": {
          "reference": "Organization/Organization-1103",
          "display": "Acme Medical Center"
        }
      },
      "request": {
        "method": "PUT",
        "url": "http://localhost:8080/cqf-ruler/baseDstu3/Encounter/Encounter-289"
      }
    },
    {
      "resource": {
        "resourceType": "Immunization",
        "id": "Immunization-6596",
        "status": "completed",
        "notGiven": false,
        "vaccineCode": {
          "coding": [
            {
              "system": "http://hl7.org/fhir/sid/cvx",
              "code": "140",
              "display": "Influenza, seasonal, injectable, preservative free"
            }
          ]
        },
        "patient": {
          "reference": "Patient/Patient-6533",
          "display": "Tammy Toni Robbins"
        },
        "date": "2018-11-06T09:36:36-05:00",
        "primarySource": true,
        "location": {
          "reference": "Location/Location-1103",
          "display": "Acme Medical Center"
        },
        "practitioner": [
          {
            "actor": {
              "reference": "Practitioner/Practitioner-2530",
              "display": "Terrence Ramirez McCormick MD"
            }
          }
        ]
      },
      "request": {
        "method": "PUT",
        "url": "http://localhost:8080/cqf-ruler/baseDstu3/Immunization/Immunization-6596"
      }
    },
    {
      "resource": {
        "resourceType": "Procedure",
        "id": "Procedure-33060",
        "status": "completed",
        "code": {
          "coding": [
            {
              "system": "http://loinc.org",
              "code": "12503-9",
              "display": "Hemoglobin.gastrointestinal [Presence] in Stool --4th specimen"
            }
          ]
        },
        "subject": {
          "reference": "Patient/Patient-6533",
          "display": "Tammy Toni Robbins"
        },
        "context": {
          "reference": "Encounter/Encounter-289",
          "display": "Acme Medical Center"
        },
        "performedPeriod": {
          "start": "2018-11-12T09:36:36-05:00",
          "end": "2018-11-12T09:36:36-05:00"
        },
        "performer": [
          {
            "actor": {
              "reference": "Practitioner/Practitioner-2530",
              "display": "Terrence Ramirez McCormick MD"
            }
          }
        ],
        "location": {
          "reference": "Location/Location-1103",
          "display": "Acme Medical Center"
        }
      },
      "request": {
        "method": "PUT",
        "url": "http://localhost:8080/cqf-ruler/baseDstu3/Procedure/Procedure-33060"
      }
    },
    {
      "resource": {
        "resourceType": "Observation",
        "id": "Observation-33061",
        "status": "final",
        "code": {
          "coding": [
            {
              "system": "http://loinc.org",
              "code": "27925-7",
              "display": "Hemoglobin.gastrointestinal [Presence] in Stool --7th specimen"
            }
          ]
        },
        "subject": {
          "reference": "Patient/Patient-6533",
          "display": "Tammy Toni Robbins"
        },
        "context": {
          "reference": "Encounter/Encounter-289",
          "display": "Acme Medical Center"
        },
        "effectiveDateTime": "2018-11-12T09:36:36-05:00",
        "performer": [
          {
            "reference": "Practitioner/Practitioner-2530",
            "display": "Terrence Ramirez McCormick MD"
          }
        ],
        "valueString": "NEGATIVE"
      },
      "request": {
        "method": "PUT",
        "url": "http://localhost:8080/cqf-ruler/baseDstu3/Observation/Observation-33061"
      }
    },
    {
      "resource": {
        "resourceType": "Observation",
        "id": "Observation-33063",
        "status": "final",
        "code": {
          "coding": [
            {
              "system": "http://loinc.org",
              "code": "8480-6",
              "display": "Systolic blood pressure"
            }
          ]
        },
        "subject": {
          "reference": "Patient/Patient-6533",
          "display": "Tammy Toni Robbins"
        },
        "context": {
          "reference": "Encounter/Encounter-289",
          "display": "Acme Medical Center"
        },
        "effectiveDateTime": "2018-11-12T09:36:36-05:00",
        "performer": [
          {
            "reference": "Practitioner/Practitioner-2530",
            "display": "Terrence Ramirez McCormick MD"
          }
        ],
        "valueQuantity": {
          "value": 117.403476465135,
          "unit": "mmHg"
        }
      },
      "request": {
        "method": "PUT",
        "url": "http://localhost:8080/cqf-ruler/baseDstu3/Observation/Observation-33063"
      }
    },
    {
      "resource": {
        "resourceType": "Observation",
        "id": "Observation-33064",
        "status": "final",
        "code": {
          "coding": [
            {
              "system": "http://loinc.org",
              "code": "8462-4",
              "display": "Diastolic blood pressure"
            }
          ]
        },
        "subject": {
          "reference": "Patient/Patient-6533",
          "display": "Tammy Toni Robbins"
        },
        "context": {
          "reference": "Encounter/Encounter-289",
          "display": "Acme Medical Center"
        },
        "effectiveDateTime": "2018-11-12T09:36:36-05:00",
        "performer": [
          {
            "reference": "Practitioner/Practitioner-2530",
            "display": "Terrence Ramirez McCormick MD"
          }
        ],
        "valueQuantity": {
          "value": 111.99817139351137,
          "unit": "mmHg"
        }
      },
      "request": {
        "method": "PUT",
        "url": "http://localhost:8080/cqf-ruler/baseDstu3/Observation/Observation-33064"
      }
    },
    {
      "resource": {
        "resourceType": "Condition",
        "id": "Condition-33065",
        "clinicalStatus": "active",
        "verificationStatus": "confirmed",
        "code": {
          "coding": [
            {
              "system": "http://hl7.org/fhir/sid/icd-9-cm",
              "code": "401.1",
              "display": "Benign essential hypertension"
            }
          ]
        },
        "subject": {
          "reference": "Patient/Patient-6533",
          "display": "Tammy Toni Robbins"
        },
        "context": {
          "reference": "Encounter/Encounter-289",
          "display": "Acme Medical Center"
        },
        "onsetDateTime": "2018-11-12T09:36:36-05:00",
        "assertedDate": "2018-11-12T09:36:36-05:00",
        "asserter": {
          "reference": "Practitioner/Practitioner-2530",
          "display": "Terrence Ramirez McCormick MD"
        }
      },
      "request": {
        "method": "PUT",
        "url": "http://localhost:8080/cqf-ruler/baseDstu3/Condition/Condition-33065"
      }
    },
    {
      "resource": {
        "resourceType": "Procedure",
        "id": "Procedure-33067",
        "status": "completed",
        "code": {
          "coding": [
            {
              "system": "http://snomed.info/sct",
              "code": "43204002",
              "display": "Bilateral mammography (procedure)"
            }
          ]
        },
        "subject": {
          "reference": "Patient/Patient-6533",
          "display": "Tammy Toni Robbins"
        },
        "context": {
          "reference": "Encounter/Encounter-289",
          "display": "Acme Medical Center"
        },
        "performedPeriod": {
          "start": "2018-11-12T09:36:36-05:00",
          "end": "2018-11-12T09:36:36-05:00"
        },
        "performer": [
          {
            "actor": {
              "reference": "Practitioner/Practitioner-2530",
              "display": "Terrence Ramirez McCormick MD"
            }
          }
        ],
        "location": {
          "reference": "Location/Location-1103",
          "display": "Acme Medical Center"
        }
      },
      "request": {
        "method": "PUT",
        "url": "http://localhost:8080/cqf-ruler/baseDstu3/Procedure/Procedure-33067"
      }
    },
    {
      "resource": {
        "resourceType": "Observation",
        "id": "Observation-33068",
        "status": "final",
        "code": {
          "coding": [
            {
              "system": "http://snomed.info/sct",
              "code": "168749009",
              "display": "Mammography normal (finding)"
            }
          ]
        },
        "subject": {
          "reference": "Patient/Patient-6533",
          "display": "Tammy Toni Robbins"
        },
        "context": {
          "reference": "Encounter/Encounter-289",
          "display": "Acme Medical Center"
        },
        "effectiveDateTime": "2018-11-12T09:36:36-05:00",
        "performer": [
          {
            "reference": "Practitioner/Practitioner-2530",
            "display": "Terrence Ramirez McCormick MD"
          }
        ],
        "valueString": "NEGATIVE"
      },
      "request": {
        "method": "PUT",
        "url": "http://localhost:8080/cqf-ruler/baseDstu3/Observation/Observation-33068"
      }
    },
    {
      "resource": {
        "resourceType": "DiagnosticReport",
        "id": "DiagnosticReport-33069",
        "status": "final",
        "code": {
          "coding": [
            {
              "system": "http://loinc.org",
              "code": "46339-8",
              "display": "Breast - unilateral Mammogram"
            }
          ]
        },
        "subject": {
          "reference": "Patient/Patient-6533",
          "display": "Tammy Toni Robbins"
        },
        "context": {
          "reference": "Encounter/Encounter-289",
          "display": "Acme Medical Center"
        },
        "effectivePeriod": {
          "start": "2018-11-12T09:36:36-05:00",
          "end": "2018-11-12T09:36:36-05:00"
        },
        "result": [
          {
            "reference": "Observation/Observation-33068",
            "display": "No_Cancer_Detected"
          }
        ]
      },
      "request": {
        "method": "PUT",
        "url": "http://localhost:8080/cqf-ruler/baseDstu3/DiagnosticReport/DiagnosticReport-33069"
      }
    },
    {
      "resource": {
        "resourceType": "Procedure",
        "id": "Procedure-33071",
        "status": "completed",
        "code": {
          "coding": [
            {
              "system": "http://loinc.org",
              "code": "33717-0",
              "display": "Cytology Cervical or vaginal smear or scraping study"
            }
          ]
        },
        "subject": {
          "reference": "Patient/Patient-6533",
          "display": "Tammy Toni Robbins"
        },
        "context": {
          "reference": "Encounter/Encounter-289",
          "display": "Acme Medical Center"
        },
        "performedPeriod": {
          "start": "2018-11-12T09:36:36-05:00",
          "end": "2018-11-12T09:36:36-05:00"
        },
        "performer": [
          {
            "actor": {
              "reference": "Practitioner/Practitioner-2530",
              "display": "Terrence Ramirez McCormick MD"
            }
          }
        ],
        "location": {
          "reference": "Location/Location-1103",
          "display": "Acme Medical Center"
        }
      },
      "request": {
        "method": "PUT",
        "url": "http://localhost:8080/cqf-ruler/baseDstu3/Procedure/Procedure-33071"
      }
    },
    {
      "resource": {
        "resourceType": "Observation",
        "id": "Observation-33072",
        "status": "final",
        "code": {
          "coding": [
            {
              "system": "http://snomed.info/sct",
              "code": "289829007",
              "display": "Normal uterine cervix (finding)"
            }
          ]
        },
        "subject": {
          "reference": "Patient/Patient-6533",
          "display": "Tammy Toni Robbins"
        },
        "context": {
          "reference": "Encounter/Encounter-289",
          "display": "Acme Medical Center"
        },
        "effectiveDateTime": "2018-11-12T09:36:36-05:00",
        "performer": [
          {
            "reference": "Practitioner/Practitioner-2530",
            "display": "Terrence Ramirez McCormick MD"
          }
        ],
        "valueString": "NEGATIVE"
      },
      "request": {
        "method": "PUT",
        "url": "http://localhost:8080/cqf-ruler/baseDstu3/Observation/Observation-33072"
      }
    },
    {
      "resource": {
        "resourceType": "DiagnosticReport",
        "id": "DiagnosticReport-33073",
        "status": "final",
        "code": {
          "coding": [
            {
              "system": "http://loinc.org",
              "code": "42169-3",
              "display": "Breast - left FFD mammogram diagnostic"
            }
          ]
        },
        "subject": {
          "reference": "Patient/Patient-6533",
          "display": "Tammy Toni Robbins"
        },
        "context": {
          "reference": "Encounter/Encounter-289",
          "display": "Acme Medical Center"
        },
        "effectivePeriod": {
          "start": "2018-11-12T09:36:36-05:00",
          "end": "2018-11-12T09:36:36-05:00"
        },
        "result": [
          {
            "reference": "Observation/Observation-33072",
            "display": "No_Cancer_Detected"
          }
        ]
      },
      "request": {
        "method": "PUT",
        "url": "http://localhost:8080/cqf-ruler/baseDstu3/DiagnosticReport/DiagnosticReport-33073"
      }
    },
    {
      "resource": {
        "resourceType": "Observation",
        "id": "Observation-33074",
        "status": "final",
        "category": [
          {
            "coding": [
              {
                "system": "http://hl7.org/fhir/observation-category",
                "code": "vital-signs",
                "display": "vital-signs"
              }
            ]
          }
        ],
        "code": {
          "coding": [
            {
              "system": "http://loinc.org",
              "code": "8716-3",
              "display": "Vital Signs Panel"
            }
          ]
        },
        "subject": {
          "reference": "Patient/Patient-6533",
          "display": "Tammy Toni Robbins"
        },
        "context": {
          "reference": "Encounter/Encounter-289",
          "display": "Acme Medical Center"
        },
        "effectivePeriod": {
          "start": "2018-11-12T09:36:36-05:00",
          "end": "2018-11-12T09:36:36-05:00"
        },
        "valueQuantity": {
          "value": 111.99817139351137,
          "unit": "mmHg"
        },
        "component": [
          {
            "code": {
              "coding": [
                {
                  "system": "http://loinc.org",
                  "code": "8302-2",
                  "display": "Height"
                }
              ]
            }
          },
          {
            "code": {
              "coding": [
                {
                  "system": "http://loinc.org",
                  "code": "29463-7",
                  "display": "Weight"
                }
              ]
            }
          },
          {
            "code": {
              "coding": [
                {
                  "system": "http://loinc.org",
                  "code": "39156-5",
                  "display": "BMI"
                }
              ]
            }
          },
          {
            "code": {
              "coding": [
                {
                  "system": "http://loinc.org",
                  "code": "8310-5",
                  "display": "Temperature"
                }
              ]
            }
          },
          {
            "code": {
              "coding": [
                {
                  "system": "http://loinc.org",
                  "code": "8459-0",
                  "display": "Systolic Blood Pressure"
                }
              ]
            }
          },
          {
            "code": {
              "coding": [
                {
                  "system": "http://loinc.org",
                  "code": "8453-3",
                  "display": "Diastolic Blood Pressure"
                }
              ]
            }
          }
        ]
      },
      "request": {
        "method": "PUT",
        "url": "http://localhost:8080/cqf-ruler/baseDstu3/Observation/Observation-33074"
      }
    }
  ]
}