{
  "resourceType": "Bundle",
  "type": "transaction",
  "entry": [
    {
      "resource": {
        "resourceType": "Encounter",
        "id": "Encounter-411",
        "status": "finished",
        "class": {
          "system": "http://hl7.org/fhir/encounter-class",
          "code": "other",
          "display": "Other"
        },
        "subject": {
          "reference": "Patient/Patient-6526",
          "display": "Doris Bertha Francis"
        },
        "participant": [
          {
            "period": {
              "start": "2020-01-27T09:36:36-05:00",
              "end": "2020-01-27T09:36:36-05:00"
            },
            "individual": {
              "reference": "Practitioner/Practitioner-2523",
              "display": "Dean Andrew Davis MD"
            }
          }
        ],
        "period": {
          "start": "2020-01-27T09:36:36-05:00",
          "end": "2020-01-27T09:36:36-05:00"
        },
        "location": [
          {
            "location": {
              "reference": "Location/Location-1102",
              "display": "Pediatric and Adult Medicine"
            }
          }
        ],
        "serviceProvider": {
          "reference": "Organization/Organization-1102",
          "display": "Pediatric and Adult Medicine"
        }
      },
      "request": {
        "method": "PUT",
        "url": "http://localhost:8080/cqf-ruler/baseDstu3/Encounter/Encounter-411"
      }
    },
    {
      "resource": {
        "resourceType": "Immunization",
        "id": "Immunization-37460",
        "status": "completed",
        "notGiven": false,
        "vaccineCode": {
          "coding": [
            {
              "system": "http://hl7.org/fhir/sid/cvx",
              "code": "140",
              "display": "Influenza, seasonal, injectable, preservative free"
            }
          ]
        },
        "patient": {
          "reference": "Patient/Patient-6526",
          "display": "Doris Bertha Francis"
        },
        "date": "2020-01-21T09:36:36-05:00",
        "primarySource": true,
        "location": {
          "reference": "Location/Location-1102",
          "display": "Pediatric and Adult Medicine"
        },
        "practitioner": [
          {
            "actor": {
              "reference": "Practitioner/Practitioner-2523",
              "display": "Dean Andrew Davis MD"
            }
          }
        ]
      },
      "request": {
        "method": "PUT",
        "url": "http://localhost:8080/cqf-ruler/baseDstu3/Immunization/Immunization-37460"
      }
    },
    {
      "resource": {
        "resourceType": "Procedure",
        "id": "Procedure-63567",
        "status": "completed",
        "code": {
          "coding": [
            {
              "system": "http://loinc.org",
              "code": "29771-3",
              "display": "Hemoglobin.gastrointestinal [Presence] in Stool by Immunologic method"
            }
          ]
        },
        "subject": {
          "reference": "Patient/Patient-6526",
          "display": "Doris Bertha Francis"
        },
        "context": {
          "reference": "Encounter/Encounter-411",
          "display": "Pediatric and Adult Medicine"
        },
        "performedPeriod": {
          "start": "2020-01-27T09:36:36-05:00",
          "end": "2020-01-27T09:36:36-05:00"
        },
        "performer": [
          {
            "actor": {
              "reference": "Practitioner/Practitioner-2523",
              "display": "Dean Andrew Davis MD"
            }
          }
        ],
        "location": {
          "reference": "Location/Location-1102",
          "display": "Pediatric and Adult Medicine"
        }
      },
      "request": {
        "method": "PUT",
        "url": "http://localhost:8080/cqf-ruler/baseDstu3/Procedure/Procedure-63567"
      }
    },
    {
      "resource": {
        "resourceType": "Observation",
        "id": "Observation-63568",
        "status": "final",
        "code": {
          "coding": [
            {
              "system": "http://loinc.org",
              "code": "27926-5",
              "display": "Hemoglobin.gastrointestinal [Presence] in Stool --8th specimen"
            }
          ]
        },
        "subject": {
          "reference": "Patient/Patient-6526",
          "display": "Doris Bertha Francis"
        },
        "context": {
          "reference": "Encounter/Encounter-411",
          "display": "Pediatric and Adult Medicine"
        },
        "effectiveDateTime": "2020-01-27T09:36:36-05:00",
        "performer": [
          {
            "reference": "Practitioner/Practitioner-2523",
            "display": "Dean Andrew Davis MD"
          }
        ],
        "valueString": "NEGATIVE"
      },
      "request": {
        "method": "PUT",
        "url": "http://localhost:8080/cqf-ruler/baseDstu3/Observation/Observation-63568"
      }
    },
    {
      "resource": {
        "resourceType": "Observation",
        "id": "Observation-63569",
        "status": "final",
        "code": {
          "coding": [
            {
              "system": "http://loinc.org",
              "code": "8480-6",
              "display": "Systolic blood pressure"
            }
          ]
        },
        "subject": {
          "reference": "Patient/Patient-6526",
          "display": "Doris Bertha Francis"
        },
        "context": {
          "reference": "Encounter/Encounter-411",
          "display": "Pediatric and Adult Medicine"
        },
        "effectiveDateTime": "2020-01-27T09:36:36-05:00",
        "performer": [
          {
            "reference": "Practitioner/Practitioner-2523",
            "display": "Dean Andrew Davis MD"
          }
        ],
        "valueQuantity": {
          "value": 143.3795405473536,
          "unit": "mmHg"
        }
      },
      "request": {
        "method": "PUT",
        "url": "http://localhost:8080/cqf-ruler/baseDstu3/Observation/Observation-63569"
      }
    },
    {
      "resource": {
        "resourceType": "Observation",
        "id": "Observation-63570",
        "status": "final",
        "code": {
          "coding": [
            {
              "system": "http://loinc.org",
              "code": "8462-4",
              "display": "Diastolic blood pressure"
            }
          ]
        },
        "subject": {
          "reference": "Patient/Patient-6526",
          "display": "Doris Bertha Francis"
        },
        "context": {
          "reference": "Encounter/Encounter-411",
          "display": "Pediatric and Adult Medicine"
        },
        "effectiveDateTime": "2020-01-27T09:36:36-05:00",
        "performer": [
          {
            "reference": "Practitioner/Practitioner-2523",
            "display": "Dean Andrew Davis MD"
          }
        ],
        "valueQuantity": {
          "value": 104.30641332344112,
          "unit": "mmHg"
        }
      },
      "request": {
        "method": "PUT",
        "url": "http://localhost:8080/cqf-ruler/baseDstu3/Observation/Observation-63570"
      }
    },
    {
      "resource": {
        "resourceType": "Condition",
        "id": "Condition-63571",
        "clinicalStatus": "active",
        "verificationStatus": "confirmed",
        "code": {
          "coding": [
            {
              "system": "http://snomed.info/sct",
              "code": "276789009",
              "display": "Labile hypertension"
            }
          ]
        },
        "subject": {
          "reference": "Patient/Patient-6526",
          "display": "Doris Bertha Francis"
        },
        "context": {
          "reference": "Encounter/Encounter-411",
          "display": "Pediatric and Adult Medicine"
        },
        "onsetDateTime": "2020-01-27T09:36:36-05:00",
        "assertedDate": "2020-01-27T09:36:36-05:00",
        "asserter": {
          "reference": "Practitioner/Practitioner-2523",
          "display": "Dean Andrew Davis MD"
        }
      },
      "request": {
        "method": "PUT",
        "url": "http://localhost:8080/cqf-ruler/baseDstu3/Condition/Condition-63571"
      }
    },
    {
      "resource": {
        "resourceType": "Observation",
        "id": "Observation-63572",
        "status": "final",
        "category": [
          {
            "coding": [
              {
                "system": "http://hl7.org/fhir/observation-category",
                "code": "vital-signs",
                "display": "vital-signs"
              }
            ]
          }
        ],
        "code": {
          "coding": [
            {
              "system": "http://loinc.org",
              "code": "8716-3",
              "display": "Vital Signs Panel"
            }
          ]
        },
        "subject": {
          "reference": "Patient/Patient-6526",
          "display": "Doris Bertha Francis"
        },
        "context": {
          "reference": "Encounter/Encounter-411",
          "display": "Pediatric and Adult Medicine"
        },
        "effectivePeriod": {
          "start": "2020-01-27T09:36:36-05:00",
          "end": "2020-01-27T09:36:36-05:00"
        },
        "valueQuantity": {
          "value": 104.30641332344112,
          "unit": "mmHg"
        },
        "component": [
          {
            "code": {
              "coding": [
                {
                  "system": "http://loinc.org",
                  "code": "8302-2",
                  "display": "Height"
                }
              ]
            }
          },
          {
            "code": {
              "coding": [
                {
                  "system": "http://loinc.org",
                  "code": "29463-7",
                  "display": "Weight"
                }
              ]
            }
          },
          {
            "code": {
              "coding": [
                {
                  "system": "http://loinc.org",
                  "code": "39156-5",
                  "display": "BMI"
                }
              ]
            }
          },
          {
            "code": {
              "coding": [
                {
                  "system": "http://loinc.org",
                  "code": "8310-5",
                  "display": "Temperature"
                }
              ]
            }
          },
          {
            "code": {
              "coding": [
                {
                  "system": "http://loinc.org",
                  "code": "8459-0",
                  "display": "Systolic Blood Pressure"
                }
              ]
            }
          },
          {
            "code": {
              "coding": [
                {
                  "system": "http://loinc.org",
                  "code": "8453-3",
                  "display": "Diastolic Blood Pressure"
                }
              ]
            }
          }
        ]
      },
      "request": {
        "method": "PUT",
        "url": "http://localhost:8080/cqf-ruler/baseDstu3/Observation/Observation-63572"
      }
    }
  ]
}