{
  "resourceType": "Bundle",
  "type": "transaction",
  "entry": [
    {
      "resource": {
        "resourceType": "Encounter",
        "id": "Encounter-572",
        "status": "finished",
        "class": {
          "system": "http://hl7.org/fhir/encounter-class",
          "code": "other",
          "display": "Other"
        },
        "subject": {
          "reference": "Patient/Patient-1129",
          "display": "Viola Jean Campbell"
        },
        "participant": [
          {
            "period": {
              "start": "2021-09-20T09:36:36-04:00",
              "end": "2021-09-20T09:36:36-04:00"
            },
            "individual": {
              "reference": "Practitioner/Practitioner-2524",
              "display": "Willie Vincent Riddle MD"
            }
          }
        ],
        "period": {
          "start": "2021-09-20T09:36:36-04:00",
          "end": "2021-09-20T09:36:36-04:00"
        },
        "location": [
          {
            "location": {
              "reference": "Location/Location-1103",
              "display": "Acme Medical Center"
            }
          }
        ],
        "serviceProvider": {
          "reference": "Organization/Organization-1103",
          "display": "Acme Medical Center"
        }
      },
      "request": {
        "method": "PUT",
        "url": "http://localhost:8080/cqf-ruler/baseDstu3/Encounter/Encounter-572"
      }
    },
    {
      "resource": {
        "resourceType": "Immunization",
        "id": "Immunization-80990",
        "status": "completed",
        "notGiven": false,
        "vaccineCode": {
          "coding": [
            {
              "system": "http://hl7.org/fhir/sid/cvx",
              "code": "140",
              "display": "Influenza, seasonal, injectable, preservative free"
            }
          ]
        },
        "patient": {
          "reference": "Patient/Patient-1129",
          "display": "Viola Jean Campbell"
        },
        "date": "2021-09-14T09:36:36-04:00",
        "primarySource": true,
        "location": {
          "reference": "Location/Location-1103",
          "display": "Acme Medical Center"
        },
        "practitioner": [
          {
            "actor": {
              "reference": "Practitioner/Practitioner-2524",
              "display": "Willie Vincent Riddle MD"
            }
          }
        ]
      },
      "request": {
        "method": "PUT",
        "url": "http://localhost:8080/cqf-ruler/baseDstu3/Immunization/Immunization-80990"
      }
    },
    {
      "resource": {
        "resourceType": "Immunization",
        "id": "Immunization-80991",
        "status": "completed",
        "notGiven": false,
        "vaccineCode": {
          "coding": [
            {
              "system": "http://hl7.org/fhir/sid/cvx",
              "code": "133",
              "display": "Pneumococcal conjugate PCV 13"
            }
          ]
        },
        "patient": {
          "reference": "Patient/Patient-1129",
          "display": "Viola Jean Campbell"
        },
        "date": "2021-09-14T09:36:36-04:00",
        "primarySource": true,
        "location": {
          "reference": "Location/Location-1103",
          "display": "Acme Medical Center"
        },
        "practitioner": [
          {
            "actor": {
              "reference": "Practitioner/Practitioner-2524",
              "display": "Willie Vincent Riddle MD"
            }
          }
        ]
      },
      "request": {
        "method": "PUT",
        "url": "http://localhost:8080/cqf-ruler/baseDstu3/Immunization/Immunization-80991"
      }
    },
    {
      "resource": {
        "resourceType": "Observation",
        "id": "Observation-107010",
        "status": "final",
        "code": {
          "coding": [
            {
              "system": "http://loinc.org",
              "code": "8480-6",
              "display": "Systolic blood pressure"
            }
          ]
        },
        "subject": {
          "reference": "Patient/Patient-1129",
          "display": "Viola Jean Campbell"
        },
        "context": {
          "reference": "Encounter/Encounter-572",
          "display": "Acme Medical Center"
        },
        "effectiveDateTime": "2021-09-20T09:36:36-04:00",
        "performer": [
          {
            "reference": "Practitioner/Practitioner-2524",
            "display": "Willie Vincent Riddle MD"
          }
        ],
        "valueQuantity": {
          "value": 154.6778973376861,
          "unit": "mmHg"
        }
      },
      "request": {
        "method": "PUT",
        "url": "http://localhost:8080/cqf-ruler/baseDstu3/Observation/Observation-107010"
      }
    },
    {
      "resource": {
        "resourceType": "Observation",
        "id": "Observation-107011",
        "status": "final",
        "code": {
          "coding": [
            {
              "system": "http://loinc.org",
              "code": "8462-4",
              "display": "Diastolic blood pressure"
            }
          ]
        },
        "subject": {
          "reference": "Patient/Patient-1129",
          "display": "Viola Jean Campbell"
        },
        "context": {
          "reference": "Encounter/Encounter-572",
          "display": "Acme Medical Center"
        },
        "effectiveDateTime": "2021-09-20T09:36:36-04:00",
        "performer": [
          {
            "reference": "Practitioner/Practitioner-2524",
            "display": "Willie Vincent Riddle MD"
          }
        ],
        "valueQuantity": {
          "value": 114.13863642063012,
          "unit": "mmHg"
        }
      },
      "request": {
        "method": "PUT",
        "url": "http://localhost:8080/cqf-ruler/baseDstu3/Observation/Observation-107011"
      }
    },
    {
      "resource": {
        "resourceType": "Condition",
        "id": "Condition-107012",
        "clinicalStatus": "active",
        "verificationStatus": "confirmed",
        "code": {
          "coding": [
            {
              "system": "http://hl7.org/fhir/sid/icd-9-cm",
              "code": "401.1",
              "display": "Benign essential hypertension"
            }
          ]
        },
        "subject": {
          "reference": "Patient/Patient-1129",
          "display": "Viola Jean Campbell"
        },
        "context": {
          "reference": "Encounter/Encounter-572",
          "display": "Acme Medical Center"
        },
        "onsetDateTime": "2021-09-20T09:36:36-04:00",
        "assertedDate": "2021-09-20T09:36:36-04:00",
        "asserter": {
          "reference": "Practitioner/Practitioner-2524",
          "display": "Willie Vincent Riddle MD"
        }
      },
      "request": {
        "method": "PUT",
        "url": "http://localhost:8080/cqf-ruler/baseDstu3/Condition/Condition-107012"
      }
    },
    {
      "resource": {
        "resourceType": "Procedure",
        "id": "Procedure-107013",
        "status": "completed",
        "code": {
          "coding": [
            {
              "system": "http://snomed.info/sct",
              "code": "43204002",
              "display": "Bilateral mammography (procedure)"
            }
          ]
        },
        "subject": {
          "reference": "Patient/Patient-1129",
          "display": "Viola Jean Campbell"
        },
        "context": {
          "reference": "Encounter/Encounter-572",
          "display": "Acme Medical Center"
        },
        "performedPeriod": {
          "start": "2021-09-20T09:36:36-04:00",
          "end": "2021-09-20T09:36:36-04:00"
        },
        "performer": [
          {
            "actor": {
              "reference": "Practitioner/Practitioner-2524",
              "display": "Willie Vincent Riddle MD"
            }
          }
        ],
        "location": {
          "reference": "Location/Location-1103",
          "display": "Acme Medical Center"
        }
      },
      "request": {
        "method": "PUT",
        "url": "http://localhost:8080/cqf-ruler/baseDstu3/Procedure/Procedure-107013"
      }
    },
    {
      "resource": {
        "resourceType": "Observation",
        "id": "Observation-107014",
        "status": "final",
        "code": {
          "coding": [
            {
              "system": "http://snomed.info/sct",
              "code": "168749009",
              "display": "Mammography normal (finding)"
            }
          ]
        },
        "subject": {
          "reference": "Patient/Patient-1129",
          "display": "Viola Jean Campbell"
        },
        "context": {
          "reference": "Encounter/Encounter-572",
          "display": "Acme Medical Center"
        },
        "effectiveDateTime": "2021-09-20T09:36:36-04:00",
        "performer": [
          {
            "reference": "Practitioner/Practitioner-2524",
            "display": "Willie Vincent Riddle MD"
          }
        ],
        "valueString": "NEGATIVE"
      },
      "request": {
        "method": "PUT",
        "url": "http://localhost:8080/cqf-ruler/baseDstu3/Observation/Observation-107014"
      }
    },
    {
      "resource": {
        "resourceType": "DiagnosticReport",
        "id": "DiagnosticReport-107015",
        "status": "final",
        "code": {
          "coding": [
            {
              "system": "http://loinc.org",
              "code": "26287-3",
              "display": "Breast - bilateral Mammogram limited"
            }
          ]
        },
        "subject": {
          "reference": "Patient/Patient-1129",
          "display": "Viola Jean Campbell"
        },
        "context": {
          "reference": "Encounter/Encounter-572",
          "display": "Acme Medical Center"
        },
        "effectivePeriod": {
          "start": "2021-09-20T09:36:36-04:00",
          "end": "2021-09-20T09:36:36-04:00"
        },
        "result": [
          {
            "reference": "Observation/Observation-107014",
            "display": "No_Cancer_Detected"
          }
        ]
      },
      "request": {
        "method": "PUT",
        "url": "http://localhost:8080/cqf-ruler/baseDstu3/DiagnosticReport/DiagnosticReport-107015"
      }
    },
    {
      "resource": {
        "resourceType": "Observation",
        "id": "Observation-107016",
        "status": "final",
        "category": [
          {
            "coding": [
              {
                "system": "http://hl7.org/fhir/observation-category",
                "code": "vital-signs",
                "display": "vital-signs"
              }
            ]
          }
        ],
        "code": {
          "coding": [
            {
              "system": "http://loinc.org",
              "code": "8716-3",
              "display": "Vital Signs Panel"
            }
          ]
        },
        "subject": {
          "reference": "Patient/Patient-1129",
          "display": "Viola Jean Campbell"
        },
        "context": {
          "reference": "Encounter/Encounter-572",
          "display": "Acme Medical Center"
        },
        "effectivePeriod": {
          "start": "2021-09-20T09:36:36-04:00",
          "end": "2021-09-20T09:36:36-04:00"
        },
        "valueQuantity": {
          "value": 114.13863642063012,
          "unit": "mmHg"
        },
        "component": [
          {
            "code": {
              "coding": [
                {
                  "system": "http://loinc.org",
                  "code": "8302-2",
                  "display": "Height"
                }
              ]
            }
          },
          {
            "code": {
              "coding": [
                {
                  "system": "http://loinc.org",
                  "code": "29463-7",
                  "display": "Weight"
                }
              ]
            }
          },
          {
            "code": {
              "coding": [
                {
                  "system": "http://loinc.org",
                  "code": "39156-5",
                  "display": "BMI"
                }
              ]
            }
          },
          {
            "code": {
              "coding": [
                {
                  "system": "http://loinc.org",
                  "code": "8310-5",
                  "display": "Temperature"
                }
              ]
            }
          },
          {
            "code": {
              "coding": [
                {
                  "system": "http://loinc.org",
                  "code": "8459-0",
                  "display": "Systolic Blood Pressure"
                }
              ]
            }
          },
          {
            "code": {
              "coding": [
                {
                  "system": "http://loinc.org",
                  "code": "8453-3",
                  "display": "Diastolic Blood Pressure"
                }
              ]
            }
          }
        ]
      },
      "request": {
        "method": "PUT",
        "url": "http://localhost:8080/cqf-ruler/baseDstu3/Observation/Observation-107016"
      }
    }
  ]
}