{
  "resourceType": "Bundle",
  "type": "transaction",
  "entry": [
    {
      "resource": {
        "resourceType": "Encounter",
        "id": "Encounter-487",
        "status": "finished",
        "class": {
          "system": "http://hl7.org/fhir/encounter-class",
          "code": "other",
          "display": "Other"
        },
        "subject": {
          "reference": "Patient/Patient-6549",
          "display": "Rick Troy Hanson"
        },
        "participant": [
          {
            "period": {
              "start": "2019-11-07T09:36:36-05:00",
              "end": "2019-11-11T09:36:36-05:00"
            },
            "individual": {
              "reference": "Practitioner/Practitioner-2520",
              "display": "Kimberly Christy Ashley MD"
            }
          }
        ],
        "period": {
          "start": "2019-11-07T09:36:36-05:00",
          "end": "2019-11-11T09:36:36-05:00"
        },
        "location": [
          {
            "location": {
              "reference": "Location/Location-1002",
              "display": "Gift of Mercy Hospital"
            }
          }
        ],
        "serviceProvider": {
          "reference": "Organization/Organization-1002",
          "display": "Gift of Mercy Hospital"
        }
      },
      "request": {
        "method": "PUT",
        "url": "http://localhost:8080/cqf-ruler/baseDstu3/Encounter/Encounter-487"
      }
    },
    {
      "resource": {
        "resourceType": "Procedure",
        "id": "Procedure-59194",
        "status": "completed",
        "code": {
          "coding": [
            {
              "system": "http://snomed.info/sct",
              "code": "425634007",
              "display": "Diagnostic endoscopic examination of lower bowel and sampling for bacterial overgrowth using fiberoptic sigmoidoscope"
            }
          ]
        },
        "subject": {
          "reference": "Patient/Patient-6549",
          "display": "Rick Troy Hanson"
        },
        "context": {
          "reference": "Encounter/Encounter-487",
          "display": "Gift of Mercy Hospital"
        },
        "performedPeriod": {
          "start": "2019-11-07T09:36:36-05:00",
          "end": "2019-11-07T09:36:36-05:00"
        },
        "performer": [
          {
            "actor": {
              "reference": "Practitioner/Practitioner-2520",
              "display": "Kimberly Christy Ashley MD"
            }
          }
        ],
        "location": {
          "reference": "Location/Location-1002",
          "display": "Gift of Mercy Hospital"
        }
      },
      "request": {
        "method": "PUT",
        "url": "http://localhost:8080/cqf-ruler/baseDstu3/Procedure/Procedure-59194"
      }
    },
    {
      "resource": {
        "resourceType": "Condition",
        "id": "Condition-59195",
        "clinicalStatus": "active",
        "verificationStatus": "confirmed",
        "code": {
          "coding": [
            {
              "system": "http://snomed.info/sct",
              "code": "363414004",
              "display": "Malignant tumor of rectosigmoid junction"
            }
          ]
        },
        "subject": {
          "reference": "Patient/Patient-6549",
          "display": "Rick Troy Hanson"
        },
        "context": {
          "reference": "Encounter/Encounter-487",
          "display": "Gift of Mercy Hospital"
        },
        "onsetDateTime": "2019-11-07T09:36:36-05:00",
        "assertedDate": "2019-11-07T09:36:36-05:00",
        "asserter": {
          "reference": "Practitioner/Practitioner-2520",
          "display": "Kimberly Christy Ashley MD"
        }
      },
      "request": {
        "method": "PUT",
        "url": "http://localhost:8080/cqf-ruler/baseDstu3/Condition/Condition-59195"
      }
    },
    {
      "resource": {
        "resourceType": "Observation",
        "id": "Observation-59196",
        "status": "final",
        "code": {
          "coding": [
            {
              "system": "http://www.ama-assn.org/go/cpt",
              "code": "45346",
              "display": "Sigmoidoscopy, flexible; with ablation of tumor(s), polyp(s), or other lesion(s) (includes pre- and post-dilation and guide wire passage, when performed)"
            }
          ]
        },
        "subject": {
          "reference": "Patient/Patient-6549",
          "display": "Rick Troy Hanson"
        },
        "context": {
          "reference": "Encounter/Encounter-487",
          "display": "Gift of Mercy Hospital"
        },
        "effectiveDateTime": "2019-11-07T09:36:36-05:00",
        "performer": [
          {
            "reference": "Practitioner/Practitioner-2520",
            "display": "Kimberly Christy Ashley MD"
          }
        ],
        "valueString": "POSITIVE"
      },
      "request": {
        "method": "PUT",
        "url": "http://localhost:8080/cqf-ruler/baseDstu3/Observation/Observation-59196"
      }
    },
    {
      "resource": {
        "resourceType": "Observation",
        "id": "Observation-59198",
        "status": "final",
        "category": [
          {
            "coding": [
              {
                "system": "http://hl7.org/fhir/observation-category",
                "code": "vital-signs",
                "display": "vital-signs"
              }
            ]
          }
        ],
        "code": {
          "coding": [
            {
              "system": "http://loinc.org",
              "code": "8716-3",
              "display": "Vital Signs Panel"
            }
          ]
        },
        "subject": {
          "reference": "Patient/Patient-6549",
          "display": "Rick Troy Hanson"
        },
        "context": {
          "reference": "Encounter/Encounter-487",
          "display": "Gift of Mercy Hospital"
        },
        "effectivePeriod": {
          "start": "2019-11-11T09:36:36-05:00",
          "end": "2019-11-11T09:36:36-05:00"
        },
        "valueQuantity": {
          "value": 99.13118782893108,
          "unit": "mmHg"
        },
        "component": [
          {
            "code": {
              "coding": [
                {
                  "system": "http://loinc.org",
                  "code": "8302-2",
                  "display": "Height"
                }
              ]
            }
          },
          {
            "code": {
              "coding": [
                {
                  "system": "http://loinc.org",
                  "code": "29463-7",
                  "display": "Weight"
                }
              ]
            }
          },
          {
            "code": {
              "coding": [
                {
                  "system": "http://loinc.org",
                  "code": "39156-5",
                  "display": "BMI"
                }
              ]
            }
          },
          {
            "code": {
              "coding": [
                {
                  "system": "http://loinc.org",
                  "code": "8310-5",
                  "display": "Temperature"
                }
              ]
            }
          },
          {
            "code": {
              "coding": [
                {
                  "system": "http://loinc.org",
                  "code": "8459-0",
                  "display": "Systolic Blood Pressure"
                }
              ]
            }
          },
          {
            "code": {
              "coding": [
                {
                  "system": "http://loinc.org",
                  "code": "8453-3",
                  "display": "Diastolic Blood Pressure"
                }
              ]
            }
          }
        ]
      },
      "request": {
        "method": "PUT",
        "url": "http://localhost:8080/cqf-ruler/baseDstu3/Observation/Observation-59198"
      }
    }
  ]
}