{
  "resourceType": "Bundle",
  "type": "transaction",
  "entry": [
    {
      "resource": {
        "resourceType": "Encounter",
        "id": "Encounter-1007",
        "status": "finished",
        "class": {
          "system": "http://hl7.org/fhir/encounter-class",
          "code": "other",
          "display": "Other"
        },
        "subject": {
          "reference": "Patient/Patient-6518",
          "display": "Brad Ray Stone Jr"
        },
        "participant": [
          {
            "period": {
              "start": "2026-10-12T09:36:36-04:00",
              "end": "2026-10-12T09:36:36-04:00"
            },
            "individual": {
              "reference": "Practitioner/Practitioner-2535",
              "display": "Clifton Terrence Carey MD"
            }
          }
        ],
        "period": {
          "start": "2026-10-12T09:36:36-04:00",
          "end": "2026-10-12T09:36:36-04:00"
        },
        "location": [
          {
            "location": {
              "reference": "Location/Location-1102",
              "display": "Pediatric and Adult Medicine"
            }
          }
        ],
        "serviceProvider": {
          "reference": "Organization/Organization-1102",
          "display": "Pediatric and Adult Medicine"
        }
      },
      "request": {
        "method": "PUT",
        "url": "http://localhost:8080/cqf-ruler/baseDstu3/Encounter/Encounter-1007"
      }
    },
    {
      "resource": {
        "resourceType": "Immunization",
        "id": "Immunization-210563",
        "status": "completed",
        "notGiven": false,
        "vaccineCode": {
          "coding": [
            {
              "system": "http://hl7.org/fhir/sid/cvx",
              "code": "140",
              "display": "Influenza, seasonal, injectable, preservative free"
            }
          ]
        },
        "patient": {
          "reference": "Patient/Patient-6518",
          "display": "Brad Ray Stone Jr"
        },
        "date": "2026-10-06T09:36:36-04:00",
        "primarySource": true,
        "location": {
          "reference": "Location/Location-1102",
          "display": "Pediatric and Adult Medicine"
        },
        "practitioner": [
          {
            "actor": {
              "reference": "Practitioner/Practitioner-2535",
              "display": "Clifton Terrence Carey MD"
            }
          }
        ]
      },
      "request": {
        "method": "PUT",
        "url": "http://localhost:8080/cqf-ruler/baseDstu3/Immunization/Immunization-210563"
      }
    },
    {
      "resource": {
        "resourceType": "Procedure",
        "id": "Procedure-238167",
        "status": "completed",
        "code": {
          "coding": [
            {
              "system": "http://loinc.org",
              "code": "12504-7",
              "display": "Hemoglobin.gastrointestinal [Presence] in Stool --5th specimen"
            }
          ]
        },
        "subject": {
          "reference": "Patient/Patient-6518",
          "display": "Brad Ray Stone Jr"
        },
        "context": {
          "reference": "Encounter/Encounter-1007",
          "display": "Pediatric and Adult Medicine"
        },
        "performedPeriod": {
          "start": "2026-10-12T09:36:36-04:00",
          "end": "2026-10-12T09:36:36-04:00"
        },
        "performer": [
          {
            "actor": {
              "reference": "Practitioner/Practitioner-2535",
              "display": "Clifton Terrence Carey MD"
            }
          }
        ],
        "location": {
          "reference": "Location/Location-1102",
          "display": "Pediatric and Adult Medicine"
        }
      },
      "request": {
        "method": "PUT",
        "url": "http://localhost:8080/cqf-ruler/baseDstu3/Procedure/Procedure-238167"
      }
    },
    {
      "resource": {
        "resourceType": "Observation",
        "id": "Observation-238168",
        "status": "final",
        "code": {
          "coding": [
            {
              "system": "http://loinc.org",
              "code": "12503-9",
              "display": "Hemoglobin.gastrointestinal [Presence] in Stool --4th specimen"
            }
          ]
        },
        "subject": {
          "reference": "Patient/Patient-6518",
          "display": "Brad Ray Stone Jr"
        },
        "context": {
          "reference": "Encounter/Encounter-1007",
          "display": "Pediatric and Adult Medicine"
        },
        "effectiveDateTime": "2026-10-12T09:36:36-04:00",
        "performer": [
          {
            "reference": "Practitioner/Practitioner-2535",
            "display": "Clifton Terrence Carey MD"
          }
        ],
        "valueString": "NEGATIVE"
      },
      "request": {
        "method": "PUT",
        "url": "http://localhost:8080/cqf-ruler/baseDstu3/Observation/Observation-238168"
      }
    },
    {
      "resource": {
        "resourceType": "Observation",
        "id": "Observation-238169",
        "status": "final",
        "code": {
          "coding": [
            {
              "system": "http://loinc.org",
              "code": "8480-6",
              "display": "Systolic blood pressure"
            }
          ]
        },
        "subject": {
          "reference": "Patient/Patient-6518",
          "display": "Brad Ray Stone Jr"
        },
        "context": {
          "reference": "Encounter/Encounter-1007",
          "display": "Pediatric and Adult Medicine"
        },
        "effectiveDateTime": "2026-10-12T09:36:36-04:00",
        "performer": [
          {
            "reference": "Practitioner/Practitioner-2535",
            "display": "Clifton Terrence Carey MD"
          }
        ],
        "valueQuantity": {
          "value": 169.83566277716065,
          "unit": "mmHg"
        }
      },
      "request": {
        "method": "PUT",
        "url": "http://localhost:8080/cqf-ruler/baseDstu3/Observation/Observation-238169"
      }
    },
    {
      "resource": {
        "resourceType": "Observation",
        "id": "Observation-238170",
        "status": "final",
        "code": {
          "coding": [
            {
              "system": "http://loinc.org",
              "code": "8462-4",
              "display": "Diastolic blood pressure"
            }
          ]
        },
        "subject": {
          "reference": "Patient/Patient-6518",
          "display": "Brad Ray Stone Jr"
        },
        "context": {
          "reference": "Encounter/Encounter-1007",
          "display": "Pediatric and Adult Medicine"
        },
        "effectiveDateTime": "2026-10-12T09:36:36-04:00",
        "performer": [
          {
            "reference": "Practitioner/Practitioner-2535",
            "display": "Clifton Terrence Carey MD"
          }
        ],
        "valueQuantity": {
          "value": 113.56972614768112,
          "unit": "mmHg"
        }
      },
      "request": {
        "method": "PUT",
        "url": "http://localhost:8080/cqf-ruler/baseDstu3/Observation/Observation-238170"
      }
    },
    {
      "resource": {
        "resourceType": "Condition",
        "id": "Condition-238171",
        "clinicalStatus": "active",
        "verificationStatus": "confirmed",
        "code": {
          "coding": [
            {
              "system": "http://snomed.info/sct",
              "code": "59621000",
              "display": "Essential hypertension"
            }
          ]
        },
        "subject": {
          "reference": "Patient/Patient-6518",
          "display": "Brad Ray Stone Jr"
        },
        "context": {
          "reference": "Encounter/Encounter-1007",
          "display": "Pediatric and Adult Medicine"
        },
        "onsetDateTime": "2026-10-12T09:36:36-04:00",
        "assertedDate": "2026-10-12T09:36:36-04:00",
        "asserter": {
          "reference": "Practitioner/Practitioner-2535",
          "display": "Clifton Terrence Carey MD"
        }
      },
      "request": {
        "method": "PUT",
        "url": "http://localhost:8080/cqf-ruler/baseDstu3/Condition/Condition-238171"
      }
    },
    {
      "resource": {
        "resourceType": "Observation",
        "id": "Observation-238172",
        "status": "final",
        "category": [
          {
            "coding": [
              {
                "system": "http://hl7.org/fhir/observation-category",
                "code": "vital-signs",
                "display": "vital-signs"
              }
            ]
          }
        ],
        "code": {
          "coding": [
            {
              "system": "http://loinc.org",
              "code": "8716-3",
              "display": "Vital Signs Panel"
            }
          ]
        },
        "subject": {
          "reference": "Patient/Patient-6518",
          "display": "Brad Ray Stone Jr"
        },
        "context": {
          "reference": "Encounter/Encounter-1007",
          "display": "Pediatric and Adult Medicine"
        },
        "effectivePeriod": {
          "start": "2026-10-12T09:36:36-04:00",
          "end": "2026-10-12T09:36:36-04:00"
        },
        "valueQuantity": {
          "value": 113.56972614768112,
          "unit": "mmHg"
        },
        "component": [
          {
            "code": {
              "coding": [
                {
                  "system": "http://loinc.org",
                  "code": "8302-2",
                  "display": "Height"
                }
              ]
            }
          },
          {
            "code": {
              "coding": [
                {
                  "system": "http://loinc.org",
                  "code": "29463-7",
                  "display": "Weight"
                }
              ]
            }
          },
          {
            "code": {
              "coding": [
                {
                  "system": "http://loinc.org",
                  "code": "39156-5",
                  "display": "BMI"
                }
              ]
            }
          },
          {
            "code": {
              "coding": [
                {
                  "system": "http://loinc.org",
                  "code": "8310-5",
                  "display": "Temperature"
                }
              ]
            }
          },
          {
            "code": {
              "coding": [
                {
                  "system": "http://loinc.org",
                  "code": "8459-0",
                  "display": "Systolic Blood Pressure"
                }
              ]
            }
          },
          {
            "code": {
              "coding": [
                {
                  "system": "http://loinc.org",
                  "code": "8453-3",
                  "display": "Diastolic Blood Pressure"
                }
              ]
            }
          }
        ]
      },
      "request": {
        "method": "PUT",
        "url": "http://localhost:8080/cqf-ruler/baseDstu3/Observation/Observation-238172"
      }
    }
  ]
}