{
  "resourceType": "Bundle",
  "type": "transaction",
  "entry": [
    {
      "resource": {
        "resourceType": "Encounter",
        "id": "Encounter-1057",
        "status": "finished",
        "class": {
          "system": "http://hl7.org/fhir/encounter-class",
          "code": "other",
          "display": "Other"
        },
        "subject": {
          "reference": "Patient/Patient-6492",
          "display": "Renee Yu Cabrera"
        },
        "participant": [
          {
            "period": {
              "start": "2027-05-24T09:36:36-04:00",
              "end": "2027-05-24T09:36:36-04:00"
            },
            "individual": {
              "reference": "Practitioner/Practitioner-2529",
              "display": "Stanley Floyd Nielsen MD"
            }
          }
        ],
        "period": {
          "start": "2027-05-24T09:36:36-04:00",
          "end": "2027-05-24T09:36:36-04:00"
        },
        "location": [
          {
            "location": {
              "reference": "Location/Location-1102",
              "display": "Pediatric and Adult Medicine"
            }
          }
        ],
        "serviceProvider": {
          "reference": "Organization/Organization-1102",
          "display": "Pediatric and Adult Medicine"
        }
      },
      "request": {
        "method": "PUT",
        "url": "http://localhost:8080/cqf-ruler/baseDstu3/Encounter/Encounter-1057"
      }
    },
    {
      "resource": {
        "resourceType": "Immunization",
        "id": "Immunization-227382",
        "status": "completed",
        "notGiven": false,
        "vaccineCode": {
          "coding": [
            {
              "system": "http://hl7.org/fhir/sid/cvx",
              "code": "140",
              "display": "Influenza, seasonal, injectable, preservative free"
            }
          ]
        },
        "patient": {
          "reference": "Patient/Patient-6492",
          "display": "Renee Yu Cabrera"
        },
        "date": "2027-05-18T09:36:36-04:00",
        "primarySource": true,
        "location": {
          "reference": "Location/Location-1102",
          "display": "Pediatric and Adult Medicine"
        },
        "practitioner": [
          {
            "actor": {
              "reference": "Practitioner/Practitioner-2529",
              "display": "Stanley Floyd Nielsen MD"
            }
          }
        ]
      },
      "request": {
        "method": "PUT",
        "url": "http://localhost:8080/cqf-ruler/baseDstu3/Immunization/Immunization-227382"
      }
    },
    {
      "resource": {
        "resourceType": "Immunization",
        "id": "Immunization-227383",
        "status": "completed",
        "notGiven": false,
        "vaccineCode": {
          "coding": [
            {
              "system": "http://hl7.org/fhir/sid/cvx",
              "code": "33",
              "display": "pneumococcal polysaccharide vaccine, 23 valent"
            }
          ]
        },
        "patient": {
          "reference": "Patient/Patient-6492",
          "display": "Renee Yu Cabrera"
        },
        "date": "2027-05-18T09:36:36-04:00",
        "primarySource": true,
        "location": {
          "reference": "Location/Location-1102",
          "display": "Pediatric and Adult Medicine"
        },
        "practitioner": [
          {
            "actor": {
              "reference": "Practitioner/Practitioner-2529",
              "display": "Stanley Floyd Nielsen MD"
            }
          }
        ]
      },
      "request": {
        "method": "PUT",
        "url": "http://localhost:8080/cqf-ruler/baseDstu3/Immunization/Immunization-227383"
      }
    },
    {
      "resource": {
        "resourceType": "Procedure",
        "id": "Procedure-253190",
        "status": "completed",
        "code": {
          "coding": [
            {
              "system": "http://loinc.org",
              "code": "27926-5",
              "display": "Hemoglobin.gastrointestinal [Presence] in Stool --8th specimen"
            }
          ]
        },
        "subject": {
          "reference": "Patient/Patient-6492",
          "display": "Renee Yu Cabrera"
        },
        "context": {
          "reference": "Encounter/Encounter-1057",
          "display": "Pediatric and Adult Medicine"
        },
        "performedPeriod": {
          "start": "2027-05-24T09:36:36-04:00",
          "end": "2027-05-24T09:36:36-04:00"
        },
        "performer": [
          {
            "actor": {
              "reference": "Practitioner/Practitioner-2529",
              "display": "Stanley Floyd Nielsen MD"
            }
          }
        ],
        "location": {
          "reference": "Location/Location-1102",
          "display": "Pediatric and Adult Medicine"
        }
      },
      "request": {
        "method": "PUT",
        "url": "http://localhost:8080/cqf-ruler/baseDstu3/Procedure/Procedure-253190"
      }
    },
    {
      "resource": {
        "resourceType": "Observation",
        "id": "Observation-253191",
        "status": "final",
        "code": {
          "coding": [
            {
              "system": "http://loinc.org",
              "code": "27396-1",
              "display": "Hemoglobin.gastrointestinal [Mass/mass] in Stool"
            }
          ]
        },
        "subject": {
          "reference": "Patient/Patient-6492",
          "display": "Renee Yu Cabrera"
        },
        "context": {
          "reference": "Encounter/Encounter-1057",
          "display": "Pediatric and Adult Medicine"
        },
        "effectiveDateTime": "2027-05-24T09:36:36-04:00",
        "performer": [
          {
            "reference": "Practitioner/Practitioner-2529",
            "display": "Stanley Floyd Nielsen MD"
          }
        ],
        "valueString": "NEGATIVE"
      },
      "request": {
        "method": "PUT",
        "url": "http://localhost:8080/cqf-ruler/baseDstu3/Observation/Observation-253191"
      }
    },
    {
      "resource": {
        "resourceType": "Observation",
        "id": "Observation-253192",
        "status": "final",
        "code": {
          "coding": [
            {
              "system": "http://loinc.org",
              "code": "8480-6",
              "display": "Systolic blood pressure"
            }
          ]
        },
        "subject": {
          "reference": "Patient/Patient-6492",
          "display": "Renee Yu Cabrera"
        },
        "context": {
          "reference": "Encounter/Encounter-1057",
          "display": "Pediatric and Adult Medicine"
        },
        "effectiveDateTime": "2027-05-24T09:36:36-04:00",
        "performer": [
          {
            "reference": "Practitioner/Practitioner-2529",
            "display": "Stanley Floyd Nielsen MD"
          }
        ],
        "valueQuantity": {
          "value": 125.24963802734797,
          "unit": "mmHg"
        }
      },
      "request": {
        "method": "PUT",
        "url": "http://localhost:8080/cqf-ruler/baseDstu3/Observation/Observation-253192"
      }
    },
    {
      "resource": {
        "resourceType": "Observation",
        "id": "Observation-253193",
        "status": "final",
        "code": {
          "coding": [
            {
              "system": "http://loinc.org",
              "code": "8462-4",
              "display": "Diastolic blood pressure"
            }
          ]
        },
        "subject": {
          "reference": "Patient/Patient-6492",
          "display": "Renee Yu Cabrera"
        },
        "context": {
          "reference": "Encounter/Encounter-1057",
          "display": "Pediatric and Adult Medicine"
        },
        "effectiveDateTime": "2027-05-24T09:36:36-04:00",
        "performer": [
          {
            "reference": "Practitioner/Practitioner-2529",
            "display": "Stanley Floyd Nielsen MD"
          }
        ],
        "valueQuantity": {
          "value": 102.69482091181622,
          "unit": "mmHg"
        }
      },
      "request": {
        "method": "PUT",
        "url": "http://localhost:8080/cqf-ruler/baseDstu3/Observation/Observation-253193"
      }
    },
    {
      "resource": {
        "resourceType": "Condition",
        "id": "Condition-253194",
        "clinicalStatus": "active",
        "verificationStatus": "confirmed",
        "code": {
          "coding": [
            {
              "system": "http://snomed.info/sct",
              "code": "59621000",
              "display": "Essential hypertension"
            }
          ]
        },
        "subject": {
          "reference": "Patient/Patient-6492",
          "display": "Renee Yu Cabrera"
        },
        "context": {
          "reference": "Encounter/Encounter-1057",
          "display": "Pediatric and Adult Medicine"
        },
        "onsetDateTime": "2027-05-24T09:36:36-04:00",
        "assertedDate": "2027-05-24T09:36:36-04:00",
        "asserter": {
          "reference": "Practitioner/Practitioner-2529",
          "display": "Stanley Floyd Nielsen MD"
        }
      },
      "request": {
        "method": "PUT",
        "url": "http://localhost:8080/cqf-ruler/baseDstu3/Condition/Condition-253194"
      }
    },
    {
      "resource": {
        "resourceType": "Observation",
        "id": "Observation-253195",
        "status": "final",
        "category": [
          {
            "coding": [
              {
                "system": "http://hl7.org/fhir/observation-category",
                "code": "vital-signs",
                "display": "vital-signs"
              }
            ]
          }
        ],
        "code": {
          "coding": [
            {
              "system": "http://loinc.org",
              "code": "8716-3",
              "display": "Vital Signs Panel"
            }
          ]
        },
        "subject": {
          "reference": "Patient/Patient-6492",
          "display": "Renee Yu Cabrera"
        },
        "context": {
          "reference": "Encounter/Encounter-1057",
          "display": "Pediatric and Adult Medicine"
        },
        "effectivePeriod": {
          "start": "2027-05-24T09:36:36-04:00",
          "end": "2027-05-24T09:36:36-04:00"
        },
        "valueQuantity": {
          "value": 102.69482091181622,
          "unit": "mmHg"
        },
        "component": [
          {
            "code": {
              "coding": [
                {
                  "system": "http://loinc.org",
                  "code": "8302-2",
                  "display": "Height"
                }
              ]
            }
          },
          {
            "code": {
              "coding": [
                {
                  "system": "http://loinc.org",
                  "code": "29463-7",
                  "display": "Weight"
                }
              ]
            }
          },
          {
            "code": {
              "coding": [
                {
                  "system": "http://loinc.org",
                  "code": "39156-5",
                  "display": "BMI"
                }
              ]
            }
          },
          {
            "code": {
              "coding": [
                {
                  "system": "http://loinc.org",
                  "code": "8310-5",
                  "display": "Temperature"
                }
              ]
            }
          },
          {
            "code": {
              "coding": [
                {
                  "system": "http://loinc.org",
                  "code": "8459-0",
                  "display": "Systolic Blood Pressure"
                }
              ]
            }
          },
          {
            "code": {
              "coding": [
                {
                  "system": "http://loinc.org",
                  "code": "8453-3",
                  "display": "Diastolic Blood Pressure"
                }
              ]
            }
          }
        ]
      },
      "request": {
        "method": "PUT",
        "url": "http://localhost:8080/cqf-ruler/baseDstu3/Observation/Observation-253195"
      }
    }
  ]
}