{
  "resourceType": "Bundle",
  "type": "transaction",
  "entry": [
    {
      "resource": {
        "resourceType": "Encounter",
        "id": "Encounter-311",
        "status": "finished",
        "class": {
          "system": "http://hl7.org/fhir/encounter-class",
          "code": "other",
          "display": "Other"
        },
        "subject": {
          "reference": "Patient/Patient-6509",
          "display": "Shawn Conley Owen Jr"
        },
        "participant": [
          {
            "period": {
              "start": "2019-01-21T09:36:36-05:00",
              "end": "2019-01-21T09:36:36-05:00"
            },
            "individual": {
              "reference": "Practitioner/Practitioner-2526",
              "display": "James Woodward Wilkins MD"
            }
          }
        ],
        "period": {
          "start": "2019-01-21T09:36:36-05:00",
          "end": "2019-01-21T09:36:36-05:00"
        },
        "location": [
          {
            "location": {
              "reference": "Location/Location-1105",
              "display": "Bayside Medical Group"
            }
          }
        ],
        "serviceProvider": {
          "reference": "Organization/Organization-1105",
          "display": "Bayside Medical Group"
        }
      },
      "request": {
        "method": "PUT",
        "url": "http://localhost:8080/cqf-ruler/baseDstu3/Encounter/Encounter-311"
      }
    },
    {
      "resource": {
        "resourceType": "Immunization",
        "id": "Immunization-11254",
        "status": "completed",
        "notGiven": false,
        "vaccineCode": {
          "coding": [
            {
              "system": "http://hl7.org/fhir/sid/cvx",
              "code": "140",
              "display": "Influenza, seasonal, injectable, preservative free"
            }
          ]
        },
        "patient": {
          "reference": "Patient/Patient-6509",
          "display": "Shawn Conley Owen Jr"
        },
        "date": "2019-01-15T09:36:36-05:00",
        "primarySource": true,
        "location": {
          "reference": "Location/Location-1105",
          "display": "Bayside Medical Group"
        },
        "practitioner": [
          {
            "actor": {
              "reference": "Practitioner/Practitioner-2526",
              "display": "James Woodward Wilkins MD"
            }
          }
        ]
      },
      "request": {
        "method": "PUT",
        "url": "http://localhost:8080/cqf-ruler/baseDstu3/Immunization/Immunization-11254"
      }
    },
    {
      "resource": {
        "resourceType": "Procedure",
        "id": "Procedure-37467",
        "status": "completed",
        "code": {
          "coding": [
            {
              "system": "http://loinc.org",
              "code": "27401-9",
              "display": "Hemoglobin.gastrointestinal [Presence] in Stool --6th specimen"
            }
          ]
        },
        "subject": {
          "reference": "Patient/Patient-6509",
          "display": "Shawn Conley Owen Jr"
        },
        "context": {
          "reference": "Encounter/Encounter-311",
          "display": "Bayside Medical Group"
        },
        "performedPeriod": {
          "start": "2019-01-21T09:36:36-05:00",
          "end": "2019-01-21T09:36:36-05:00"
        },
        "performer": [
          {
            "actor": {
              "reference": "Practitioner/Practitioner-2526",
              "display": "James Woodward Wilkins MD"
            }
          }
        ],
        "location": {
          "reference": "Location/Location-1105",
          "display": "Bayside Medical Group"
        }
      },
      "request": {
        "method": "PUT",
        "url": "http://localhost:8080/cqf-ruler/baseDstu3/Procedure/Procedure-37467"
      }
    },
    {
      "resource": {
        "resourceType": "Observation",
        "id": "Observation-37468",
        "status": "final",
        "code": {
          "coding": [
            {
              "system": "http://loinc.org",
              "code": "2335-8",
              "display": "Hemoglobin.gastrointestinal [Presence] in Stool"
            }
          ]
        },
        "subject": {
          "reference": "Patient/Patient-6509",
          "display": "Shawn Conley Owen Jr"
        },
        "context": {
          "reference": "Encounter/Encounter-311",
          "display": "Bayside Medical Group"
        },
        "effectiveDateTime": "2019-01-21T09:36:36-05:00",
        "performer": [
          {
            "reference": "Practitioner/Practitioner-2526",
            "display": "James Woodward Wilkins MD"
          }
        ],
        "valueString": "NEGATIVE"
      },
      "request": {
        "method": "PUT",
        "url": "http://localhost:8080/cqf-ruler/baseDstu3/Observation/Observation-37468"
      }
    },
    {
      "resource": {
        "resourceType": "Observation",
        "id": "Observation-37469",
        "status": "final",
        "code": {
          "coding": [
            {
              "system": "http://loinc.org",
              "code": "8480-6",
              "display": "Systolic blood pressure"
            }
          ]
        },
        "subject": {
          "reference": "Patient/Patient-6509",
          "display": "Shawn Conley Owen Jr"
        },
        "context": {
          "reference": "Encounter/Encounter-311",
          "display": "Bayside Medical Group"
        },
        "effectiveDateTime": "2019-01-21T09:36:36-05:00",
        "performer": [
          {
            "reference": "Practitioner/Practitioner-2526",
            "display": "James Woodward Wilkins MD"
          }
        ],
        "valueQuantity": {
          "value": 118.0503408697788,
          "unit": "mmHg"
        }
      },
      "request": {
        "method": "PUT",
        "url": "http://localhost:8080/cqf-ruler/baseDstu3/Observation/Observation-37469"
      }
    },
    {
      "resource": {
        "resourceType": "Observation",
        "id": "Observation-37470",
        "status": "final",
        "code": {
          "coding": [
            {
              "system": "http://loinc.org",
              "code": "8462-4",
              "display": "Diastolic blood pressure"
            }
          ]
        },
        "subject": {
          "reference": "Patient/Patient-6509",
          "display": "Shawn Conley Owen Jr"
        },
        "context": {
          "reference": "Encounter/Encounter-311",
          "display": "Bayside Medical Group"
        },
        "effectiveDateTime": "2019-01-21T09:36:36-05:00",
        "performer": [
          {
            "reference": "Practitioner/Practitioner-2526",
            "display": "James Woodward Wilkins MD"
          }
        ],
        "valueQuantity": {
          "value": 103.6067664158449,
          "unit": "mmHg"
        }
      },
      "request": {
        "method": "PUT",
        "url": "http://localhost:8080/cqf-ruler/baseDstu3/Observation/Observation-37470"
      }
    },
    {
      "resource": {
        "resourceType": "Condition",
        "id": "Condition-37471",
        "clinicalStatus": "active",
        "verificationStatus": "confirmed",
        "code": {
          "coding": [
            {
              "system": "http://snomed.info/sct",
              "code": "65518004",
              "display": "Labile diastolic hypertension"
            }
          ]
        },
        "subject": {
          "reference": "Patient/Patient-6509",
          "display": "Shawn Conley Owen Jr"
        },
        "context": {
          "reference": "Encounter/Encounter-311",
          "display": "Bayside Medical Group"
        },
        "onsetDateTime": "2019-01-21T09:36:36-05:00",
        "assertedDate": "2019-01-21T09:36:36-05:00",
        "asserter": {
          "reference": "Practitioner/Practitioner-2526",
          "display": "James Woodward Wilkins MD"
        }
      },
      "request": {
        "method": "PUT",
        "url": "http://localhost:8080/cqf-ruler/baseDstu3/Condition/Condition-37471"
      }
    },
    {
      "resource": {
        "resourceType": "Observation",
        "id": "Observation-37472",
        "status": "final",
        "category": [
          {
            "coding": [
              {
                "system": "http://hl7.org/fhir/observation-category",
                "code": "vital-signs",
                "display": "vital-signs"
              }
            ]
          }
        ],
        "code": {
          "coding": [
            {
              "system": "http://loinc.org",
              "code": "8716-3",
              "display": "Vital Signs Panel"
            }
          ]
        },
        "subject": {
          "reference": "Patient/Patient-6509",
          "display": "Shawn Conley Owen Jr"
        },
        "context": {
          "reference": "Encounter/Encounter-311",
          "display": "Bayside Medical Group"
        },
        "effectivePeriod": {
          "start": "2019-01-21T09:36:36-05:00",
          "end": "2019-01-21T09:36:36-05:00"
        },
        "valueQuantity": {
          "value": 103.6067664158449,
          "unit": "mmHg"
        },
        "component": [
          {
            "code": {
              "coding": [
                {
                  "system": "http://loinc.org",
                  "code": "8302-2",
                  "display": "Height"
                }
              ]
            }
          },
          {
            "code": {
              "coding": [
                {
                  "system": "http://loinc.org",
                  "code": "29463-7",
                  "display": "Weight"
                }
              ]
            }
          },
          {
            "code": {
              "coding": [
                {
                  "system": "http://loinc.org",
                  "code": "39156-5",
                  "display": "BMI"
                }
              ]
            }
          },
          {
            "code": {
              "coding": [
                {
                  "system": "http://loinc.org",
                  "code": "8310-5",
                  "display": "Temperature"
                }
              ]
            }
          },
          {
            "code": {
              "coding": [
                {
                  "system": "http://loinc.org",
                  "code": "8459-0",
                  "display": "Systolic Blood Pressure"
                }
              ]
            }
          },
          {
            "code": {
              "coding": [
                {
                  "system": "http://loinc.org",
                  "code": "8453-3",
                  "display": "Diastolic Blood Pressure"
                }
              ]
            }
          }
        ]
      },
      "request": {
        "method": "PUT",
        "url": "http://localhost:8080/cqf-ruler/baseDstu3/Observation/Observation-37472"
      }
    }
  ]
}