{
  "resourceType": "Bundle",
  "type": "transaction",
  "entry": [
    {
      "resource": {
        "resourceType": "Encounter",
        "id": "Encounter-1093",
        "status": "finished",
        "class": {
          "system": "http://hl7.org/fhir/encounter-class",
          "code": "other",
          "display": "Other"
        },
        "subject": {
          "reference": "Patient/Patient-6516",
          "display": "April Rhodes Nielsen"
        },
        "participant": [
          {
            "period": {
              "start": "2027-10-04T09:36:36-04:00",
              "end": "2027-10-04T09:36:36-04:00"
            },
            "individual": {
              "reference": "Practitioner/Practitioner-2533",
              "display": "Lena Dickerson Ballard MD"
            }
          }
        ],
        "period": {
          "start": "2027-10-04T09:36:36-04:00",
          "end": "2027-10-04T09:36:36-04:00"
        },
        "location": [
          {
            "location": {
              "reference": "Location/Location-1106",
              "display": "Cranston Family Medical"
            }
          }
        ],
        "serviceProvider": {
          "reference": "Organization/Organization-1106",
          "display": "Cranston Family Medical"
        }
      },
      "request": {
        "method": "PUT",
        "url": "http://localhost:8080/cqf-ruler/baseDstu3/Encounter/Encounter-1093"
      }
    },
    {
      "resource": {
        "resourceType": "Immunization",
        "id": "Immunization-236029",
        "status": "completed",
        "notGiven": false,
        "vaccineCode": {
          "coding": [
            {
              "system": "http://hl7.org/fhir/sid/cvx",
              "code": "140",
              "display": "Influenza, seasonal, injectable, preservative free"
            }
          ]
        },
        "patient": {
          "reference": "Patient/Patient-6516",
          "display": "April Rhodes Nielsen"
        },
        "date": "2027-09-28T09:36:36-04:00",
        "primarySource": true,
        "location": {
          "reference": "Location/Location-1106",
          "display": "Cranston Family Medical"
        },
        "practitioner": [
          {
            "actor": {
              "reference": "Practitioner/Practitioner-2533",
              "display": "Lena Dickerson Ballard MD"
            }
          }
        ]
      },
      "request": {
        "method": "PUT",
        "url": "http://localhost:8080/cqf-ruler/baseDstu3/Immunization/Immunization-236029"
      }
    },
    {
      "resource": {
        "resourceType": "Immunization",
        "id": "Immunization-236030",
        "status": "completed",
        "notGiven": false,
        "vaccineCode": {
          "coding": [
            {
              "system": "http://hl7.org/fhir/sid/cvx",
              "code": "121",
              "display": "zoster"
            }
          ]
        },
        "patient": {
          "reference": "Patient/Patient-6516",
          "display": "April Rhodes Nielsen"
        },
        "date": "2027-09-28T09:36:36-04:00",
        "primarySource": true,
        "location": {
          "reference": "Location/Location-1106",
          "display": "Cranston Family Medical"
        },
        "practitioner": [
          {
            "actor": {
              "reference": "Practitioner/Practitioner-2533",
              "display": "Lena Dickerson Ballard MD"
            }
          }
        ]
      },
      "request": {
        "method": "PUT",
        "url": "http://localhost:8080/cqf-ruler/baseDstu3/Immunization/Immunization-236030"
      }
    },
    {
      "resource": {
        "resourceType": "Observation",
        "id": "Observation-261997",
        "status": "final",
        "code": {
          "coding": [
            {
              "system": "http://loinc.org",
              "code": "8480-6",
              "display": "Systolic blood pressure"
            }
          ]
        },
        "subject": {
          "reference": "Patient/Patient-6516",
          "display": "April Rhodes Nielsen"
        },
        "context": {
          "reference": "Encounter/Encounter-1093",
          "display": "Cranston Family Medical"
        },
        "effectiveDateTime": "2027-10-04T09:36:36-04:00",
        "performer": [
          {
            "reference": "Practitioner/Practitioner-2533",
            "display": "Lena Dickerson Ballard MD"
          }
        ],
        "valueQuantity": {
          "value": 154.2495101480275,
          "unit": "mmHg"
        }
      },
      "request": {
        "method": "PUT",
        "url": "http://localhost:8080/cqf-ruler/baseDstu3/Observation/Observation-261997"
      }
    },
    {
      "resource": {
        "resourceType": "Observation",
        "id": "Observation-261998",
        "status": "final",
        "code": {
          "coding": [
            {
              "system": "http://loinc.org",
              "code": "8462-4",
              "display": "Diastolic blood pressure"
            }
          ]
        },
        "subject": {
          "reference": "Patient/Patient-6516",
          "display": "April Rhodes Nielsen"
        },
        "context": {
          "reference": "Encounter/Encounter-1093",
          "display": "Cranston Family Medical"
        },
        "effectiveDateTime": "2027-10-04T09:36:36-04:00",
        "performer": [
          {
            "reference": "Practitioner/Practitioner-2533",
            "display": "Lena Dickerson Ballard MD"
          }
        ],
        "valueQuantity": {
          "value": 76.27067248164505,
          "unit": "mmHg"
        }
      },
      "request": {
        "method": "PUT",
        "url": "http://localhost:8080/cqf-ruler/baseDstu3/Observation/Observation-261998"
      }
    },
    {
      "resource": {
        "resourceType": "Condition",
        "id": "Condition-261999",
        "clinicalStatus": "active",
        "verificationStatus": "confirmed",
        "code": {
          "coding": [
            {
              "system": "http://snomed.info/sct",
              "code": "59720008",
              "display": "Sustained diastolic hypertension"
            }
          ]
        },
        "subject": {
          "reference": "Patient/Patient-6516",
          "display": "April Rhodes Nielsen"
        },
        "context": {
          "reference": "Encounter/Encounter-1093",
          "display": "Cranston Family Medical"
        },
        "onsetDateTime": "2027-10-04T09:36:36-04:00",
        "assertedDate": "2027-10-04T09:36:36-04:00",
        "asserter": {
          "reference": "Practitioner/Practitioner-2533",
          "display": "Lena Dickerson Ballard MD"
        }
      },
      "request": {
        "method": "PUT",
        "url": "http://localhost:8080/cqf-ruler/baseDstu3/Condition/Condition-261999"
      }
    },
    {
      "resource": {
        "resourceType": "Procedure",
        "id": "Procedure-262000",
        "status": "completed",
        "code": {
          "coding": [
            {
              "system": "http://loinc.org",
              "code": "47527-7",
              "display": "Cytology report of Cervical or vaginal smear or scraping Cyto stain.thin prep"
            }
          ]
        },
        "subject": {
          "reference": "Patient/Patient-6516",
          "display": "April Rhodes Nielsen"
        },
        "context": {
          "reference": "Encounter/Encounter-1093",
          "display": "Cranston Family Medical"
        },
        "performedPeriod": {
          "start": "2027-10-04T09:36:36-04:00",
          "end": "2027-10-04T09:36:36-04:00"
        },
        "performer": [
          {
            "actor": {
              "reference": "Practitioner/Practitioner-2533",
              "display": "Lena Dickerson Ballard MD"
            }
          }
        ],
        "location": {
          "reference": "Location/Location-1106",
          "display": "Cranston Family Medical"
        }
      },
      "request": {
        "method": "PUT",
        "url": "http://localhost:8080/cqf-ruler/baseDstu3/Procedure/Procedure-262000"
      }
    },
    {
      "resource": {
        "resourceType": "Observation",
        "id": "Observation-262001",
        "status": "final",
        "code": {
          "coding": [
            {
              "system": "http://snomed.info/sct",
              "code": "289829007",
              "display": "Normal uterine cervix (finding)"
            }
          ]
        },
        "subject": {
          "reference": "Patient/Patient-6516",
          "display": "April Rhodes Nielsen"
        },
        "context": {
          "reference": "Encounter/Encounter-1093",
          "display": "Cranston Family Medical"
        },
        "effectiveDateTime": "2027-10-04T09:36:36-04:00",
        "performer": [
          {
            "reference": "Practitioner/Practitioner-2533",
            "display": "Lena Dickerson Ballard MD"
          }
        ],
        "valueString": "NEGATIVE"
      },
      "request": {
        "method": "PUT",
        "url": "http://localhost:8080/cqf-ruler/baseDstu3/Observation/Observation-262001"
      }
    },
    {
      "resource": {
        "resourceType": "DiagnosticReport",
        "id": "DiagnosticReport-262002",
        "status": "final",
        "code": {
          "coding": [
            {
              "system": "http://loinc.org",
              "code": "37037-9",
              "display": "Breast Mammogram true lateral"
            }
          ]
        },
        "subject": {
          "reference": "Patient/Patient-6516",
          "display": "April Rhodes Nielsen"
        },
        "context": {
          "reference": "Encounter/Encounter-1093",
          "display": "Cranston Family Medical"
        },
        "effectivePeriod": {
          "start": "2027-10-04T09:36:36-04:00",
          "end": "2027-10-04T09:36:36-04:00"
        },
        "result": [
          {
            "reference": "Observation/Observation-262001",
            "display": "No_Cancer_Detected"
          }
        ]
      },
      "request": {
        "method": "PUT",
        "url": "http://localhost:8080/cqf-ruler/baseDstu3/DiagnosticReport/DiagnosticReport-262002"
      }
    },
    {
      "resource": {
        "resourceType": "Observation",
        "id": "Observation-262003",
        "status": "final",
        "category": [
          {
            "coding": [
              {
                "system": "http://hl7.org/fhir/observation-category",
                "code": "vital-signs",
                "display": "vital-signs"
              }
            ]
          }
        ],
        "code": {
          "coding": [
            {
              "system": "http://loinc.org",
              "code": "8716-3",
              "display": "Vital Signs Panel"
            }
          ]
        },
        "subject": {
          "reference": "Patient/Patient-6516",
          "display": "April Rhodes Nielsen"
        },
        "context": {
          "reference": "Encounter/Encounter-1093",
          "display": "Cranston Family Medical"
        },
        "effectivePeriod": {
          "start": "2027-10-04T09:36:36-04:00",
          "end": "2027-10-04T09:36:36-04:00"
        },
        "valueQuantity": {
          "value": 76.27067248164505,
          "unit": "mmHg"
        },
        "component": [
          {
            "code": {
              "coding": [
                {
                  "system": "http://loinc.org",
                  "code": "8302-2",
                  "display": "Height"
                }
              ]
            }
          },
          {
            "code": {
              "coding": [
                {
                  "system": "http://loinc.org",
                  "code": "29463-7",
                  "display": "Weight"
                }
              ]
            }
          },
          {
            "code": {
              "coding": [
                {
                  "system": "http://loinc.org",
                  "code": "39156-5",
                  "display": "BMI"
                }
              ]
            }
          },
          {
            "code": {
              "coding": [
                {
                  "system": "http://loinc.org",
                  "code": "8310-5",
                  "display": "Temperature"
                }
              ]
            }
          },
          {
            "code": {
              "coding": [
                {
                  "system": "http://loinc.org",
                  "code": "8459-0",
                  "display": "Systolic Blood Pressure"
                }
              ]
            }
          },
          {
            "code": {
              "coding": [
                {
                  "system": "http://loinc.org",
                  "code": "8453-3",
                  "display": "Diastolic Blood Pressure"
                }
              ]
            }
          }
        ]
      },
      "request": {
        "method": "PUT",
        "url": "http://localhost:8080/cqf-ruler/baseDstu3/Observation/Observation-262003"
      }
    }
  ]
}