{
  "resourceType": "Bundle",
  "type": "transaction",
  "entry": [
    {
      "resource": {
        "resourceType": "Encounter",
        "id": "Encounter-286",
        "status": "finished",
        "class": {
          "system": "http://hl7.org/fhir/encounter-class",
          "code": "other",
          "display": "Other"
        },
        "subject": {
          "reference": "Patient/Patient-6525",
          "display": "Fred Michael Walsh"
        },
        "participant": [
          {
            "period": {
              "start": "2018-01-01T09:36:36-05:00",
              "end": "2018-01-01T09:36:36-05:00"
            },
            "individual": {
              "reference": "Practitioner/Practitioner-2522",
              "display": "Lois Jean Kent MD"
            }
          }
        ],
        "period": {
          "start": "2018-01-01T09:36:36-05:00",
          "end": "2018-01-01T09:36:36-05:00"
        },
        "location": [
          {
            "location": {
              "reference": "Location/Location-1101",
              "display": "McKinley Health Center"
            }
          }
        ],
        "serviceProvider": {
          "reference": "Organization/Organization-1101",
          "display": "McKinley Health Center"
        }
      },
      "request": {
        "method": "PUT",
        "url": "http://localhost:8080/cqf-ruler/baseDstu3/Encounter/Encounter-286"
      }
    },
    {
      "resource": {
        "resourceType": "Immunization",
        "id": "Immunization-4714",
        "status": "completed",
        "notGiven": false,
        "vaccineCode": {
          "coding": [
            {
              "system": "http://hl7.org/fhir/sid/cvx",
              "code": "20",
              "display": "DTaP"
            }
          ]
        },
        "patient": {
          "reference": "Patient/Patient-6525",
          "display": "Fred Michael Walsh"
        },
        "date": "2017-12-30T04:36:36-05:00",
        "primarySource": true,
        "location": {
          "reference": "Location/Location-1101",
          "display": "McKinley Health Center"
        },
        "practitioner": [
          {
            "actor": {
              "reference": "Practitioner/Practitioner-2522",
              "display": "Lois Jean Kent MD"
            }
          }
        ]
      },
      "request": {
        "method": "PUT",
        "url": "http://localhost:8080/cqf-ruler/baseDstu3/Immunization/Immunization-4714"
      }
    },
    {
      "resource": {
        "resourceType": "Immunization",
        "id": "Immunization-4715",
        "status": "completed",
        "notGiven": false,
        "vaccineCode": {
          "coding": [
            {
              "system": "http://hl7.org/fhir/sid/cvx",
              "code": "140",
              "display": "Influenza, seasonal, injectable, preservative free"
            }
          ]
        },
        "patient": {
          "reference": "Patient/Patient-6525",
          "display": "Fred Michael Walsh"
        },
        "date": "2017-12-30T04:36:36-05:00",
        "primarySource": true,
        "location": {
          "reference": "Location/Location-1101",
          "display": "McKinley Health Center"
        },
        "practitioner": [
          {
            "actor": {
              "reference": "Practitioner/Practitioner-2522",
              "display": "Lois Jean Kent MD"
            }
          }
        ]
      },
      "request": {
        "method": "PUT",
        "url": "http://localhost:8080/cqf-ruler/baseDstu3/Immunization/Immunization-4715"
      }
    },
    {
      "resource": {
        "resourceType": "Immunization",
        "id": "Immunization-4716",
        "status": "completed",
        "notGiven": false,
        "vaccineCode": {
          "coding": [
            {
              "system": "http://hl7.org/fhir/sid/cvx",
              "code": "08",
              "display": "Hep B, adolescent or pediatric"
            }
          ]
        },
        "patient": {
          "reference": "Patient/Patient-6525",
          "display": "Fred Michael Walsh"
        },
        "date": "2017-12-30T04:36:36-05:00",
        "primarySource": true,
        "location": {
          "reference": "Location/Location-1101",
          "display": "McKinley Health Center"
        },
        "practitioner": [
          {
            "actor": {
              "reference": "Practitioner/Practitioner-2522",
              "display": "Lois Jean Kent MD"
            }
          }
        ]
      },
      "request": {
        "method": "PUT",
        "url": "http://localhost:8080/cqf-ruler/baseDstu3/Immunization/Immunization-4716"
      }
    },
    {
      "resource": {
        "resourceType": "Immunization",
        "id": "Immunization-4717",
        "status": "completed",
        "notGiven": false,
        "vaccineCode": {
          "coding": [
            {
              "system": "http://hl7.org/fhir/sid/cvx",
              "code": "49",
              "display": "Hib (PRP-OMP)"
            }
          ]
        },
        "patient": {
          "reference": "Patient/Patient-6525",
          "display": "Fred Michael Walsh"
        },
        "date": "2017-12-30T04:36:36-05:00",
        "primarySource": true,
        "location": {
          "reference": "Location/Location-1101",
          "display": "McKinley Health Center"
        },
        "practitioner": [
          {
            "actor": {
              "reference": "Practitioner/Practitioner-2522",
              "display": "Lois Jean Kent MD"
            }
          }
        ]
      },
      "request": {
        "method": "PUT",
        "url": "http://localhost:8080/cqf-ruler/baseDstu3/Immunization/Immunization-4717"
      }
    },
    {
      "resource": {
        "resourceType": "Immunization",
        "id": "Immunization-4718",
        "status": "completed",
        "notGiven": false,
        "vaccineCode": {
          "coding": [
            {
              "system": "http://hl7.org/fhir/sid/cvx",
              "code": "10",
              "display": "IPV"
            }
          ]
        },
        "patient": {
          "reference": "Patient/Patient-6525",
          "display": "Fred Michael Walsh"
        },
        "date": "2017-12-30T04:36:36-05:00",
        "primarySource": true,
        "location": {
          "reference": "Location/Location-1101",
          "display": "McKinley Health Center"
        },
        "practitioner": [
          {
            "actor": {
              "reference": "Practitioner/Practitioner-2522",
              "display": "Lois Jean Kent MD"
            }
          }
        ]
      },
      "request": {
        "method": "PUT",
        "url": "http://localhost:8080/cqf-ruler/baseDstu3/Immunization/Immunization-4718"
      }
    },
    {
      "resource": {
        "resourceType": "Immunization",
        "id": "Immunization-4719",
        "status": "completed",
        "notGiven": false,
        "vaccineCode": {
          "coding": [
            {
              "system": "http://hl7.org/fhir/sid/cvx",
              "code": "133",
              "display": "Pneumococcal conjugate PCV 13"
            }
          ]
        },
        "patient": {
          "reference": "Patient/Patient-6525",
          "display": "Fred Michael Walsh"
        },
        "date": "2017-12-30T04:36:36-05:00",
        "primarySource": true,
        "location": {
          "reference": "Location/Location-1101",
          "display": "McKinley Health Center"
        },
        "practitioner": [
          {
            "actor": {
              "reference": "Practitioner/Practitioner-2522",
              "display": "Lois Jean Kent MD"
            }
          }
        ]
      },
      "request": {
        "method": "PUT",
        "url": "http://localhost:8080/cqf-ruler/baseDstu3/Immunization/Immunization-4719"
      }
    },
    {
      "resource": {
        "resourceType": "Immunization",
        "id": "Immunization-4720",
        "status": "completed",
        "notGiven": false,
        "vaccineCode": {
          "coding": [
            {
              "system": "http://hl7.org/fhir/sid/cvx",
              "code": "119",
              "display": "rotavirus, monovalent"
            }
          ]
        },
        "patient": {
          "reference": "Patient/Patient-6525",
          "display": "Fred Michael Walsh"
        },
        "date": "2017-12-30T04:36:36-05:00",
        "primarySource": true,
        "location": {
          "reference": "Location/Location-1101",
          "display": "McKinley Health Center"
        },
        "practitioner": [
          {
            "actor": {
              "reference": "Practitioner/Practitioner-2522",
              "display": "Lois Jean Kent MD"
            }
          }
        ]
      },
      "request": {
        "method": "PUT",
        "url": "http://localhost:8080/cqf-ruler/baseDstu3/Immunization/Immunization-4720"
      }
    },
    {
      "resource": {
        "resourceType": "Observation",
        "id": "Observation-9091",
        "status": "final",
        "code": {
          "coding": [
            {
              "system": "http://loinc.org",
              "code": "8480-6",
              "display": "Systolic blood pressure"
            }
          ]
        },
        "subject": {
          "reference": "Patient/Patient-6525",
          "display": "Fred Michael Walsh"
        },
        "context": {
          "reference": "Encounter/Encounter-286",
          "display": "McKinley Health Center"
        },
        "effectiveDateTime": "2018-01-01T09:36:36-05:00",
        "performer": [
          {
            "reference": "Practitioner/Practitioner-2522",
            "display": "Lois Jean Kent MD"
          }
        ],
        "valueQuantity": {
          "value": 146.8795383789829,
          "unit": "mmHg"
        }
      },
      "request": {
        "method": "PUT",
        "url": "http://localhost:8080/cqf-ruler/baseDstu3/Observation/Observation-9091"
      }
    },
    {
      "resource": {
        "resourceType": "Observation",
        "id": "Observation-9092",
        "status": "final",
        "code": {
          "coding": [
            {
              "system": "http://loinc.org",
              "code": "8462-4",
              "display": "Diastolic blood pressure"
            }
          ]
        },
        "subject": {
          "reference": "Patient/Patient-6525",
          "display": "Fred Michael Walsh"
        },
        "context": {
          "reference": "Encounter/Encounter-286",
          "display": "McKinley Health Center"
        },
        "effectiveDateTime": "2018-01-01T09:36:36-05:00",
        "performer": [
          {
            "reference": "Practitioner/Practitioner-2522",
            "display": "Lois Jean Kent MD"
          }
        ],
        "valueQuantity": {
          "value": 62.421258558087125,
          "unit": "mmHg"
        }
      },
      "request": {
        "method": "PUT",
        "url": "http://localhost:8080/cqf-ruler/baseDstu3/Observation/Observation-9092"
      }
    },
    {
      "resource": {
        "resourceType": "Condition",
        "id": "Condition-9093",
        "clinicalStatus": "active",
        "verificationStatus": "confirmed",
        "code": {
          "coding": [
            {
              "system": "http://snomed.info/sct",
              "code": "56218007",
              "display": "Systolic hypertension"
            }
          ]
        },
        "subject": {
          "reference": "Patient/Patient-6525",
          "display": "Fred Michael Walsh"
        },
        "context": {
          "reference": "Encounter/Encounter-286",
          "display": "McKinley Health Center"
        },
        "onsetDateTime": "2018-01-01T09:36:36-05:00",
        "assertedDate": "2018-01-01T09:36:36-05:00",
        "asserter": {
          "reference": "Practitioner/Practitioner-2522",
          "display": "Lois Jean Kent MD"
        }
      },
      "request": {
        "method": "PUT",
        "url": "http://localhost:8080/cqf-ruler/baseDstu3/Condition/Condition-9093"
      }
    },
    {
      "resource": {
        "resourceType": "Observation",
        "id": "Observation-9094",
        "status": "final",
        "category": [
          {
            "coding": [
              {
                "system": "http://hl7.org/fhir/observation-category",
                "code": "vital-signs",
                "display": "vital-signs"
              }
            ]
          }
        ],
        "code": {
          "coding": [
            {
              "system": "http://loinc.org",
              "code": "8716-3",
              "display": "Vital Signs Panel"
            }
          ]
        },
        "subject": {
          "reference": "Patient/Patient-6525",
          "display": "Fred Michael Walsh"
        },
        "context": {
          "reference": "Encounter/Encounter-286",
          "display": "McKinley Health Center"
        },
        "effectivePeriod": {
          "start": "2018-01-01T09:36:36-05:00",
          "end": "2018-01-01T09:36:36-05:00"
        },
        "valueQuantity": {
          "value": 62.421258558087125,
          "unit": "mmHg"
        },
        "component": [
          {
            "code": {
              "coding": [
                {
                  "system": "http://loinc.org",
                  "code": "8302-2",
                  "display": "Height"
                }
              ]
            }
          },
          {
            "code": {
              "coding": [
                {
                  "system": "http://loinc.org",
                  "code": "29463-7",
                  "display": "Weight"
                }
              ]
            }
          },
          {
            "code": {
              "coding": [
                {
                  "system": "http://loinc.org",
                  "code": "39156-5",
                  "display": "BMI"
                }
              ]
            }
          },
          {
            "code": {
              "coding": [
                {
                  "system": "http://loinc.org",
                  "code": "8310-5",
                  "display": "Temperature"
                }
              ]
            }
          },
          {
            "code": {
              "coding": [
                {
                  "system": "http://loinc.org",
                  "code": "8459-0",
                  "display": "Systolic Blood Pressure"
                }
              ]
            }
          },
          {
            "code": {
              "coding": [
                {
                  "system": "http://loinc.org",
                  "code": "8453-3",
                  "display": "Diastolic Blood Pressure"
                }
              ]
            }
          }
        ]
      },
      "request": {
        "method": "PUT",
        "url": "http://localhost:8080/cqf-ruler/baseDstu3/Observation/Observation-9094"
      }
    }
  ]
}