{
  "resourceType": "Bundle",
  "type": "transaction",
  "entry": [
    {
      "resource": {
        "resourceType": "Encounter",
        "id": "Encounter-334",
        "status": "finished",
        "class": {
          "system": "http://hl7.org/fhir/encounter-class",
          "code": "other",
          "display": "Other"
        },
        "subject": {
          "reference": "Patient/Patient-6492",
          "display": "Renee Yu Cabrera"
        },
        "participant": [
          {
            "period": {
              "start": "2019-04-08T09:36:36-04:00",
              "end": "2019-04-08T09:36:36-04:00"
            },
            "individual": {
              "reference": "Practitioner/Practitioner-2529",
              "display": "Stanley Floyd Nielsen MD"
            }
          }
        ],
        "period": {
          "start": "2019-04-08T09:36:36-04:00",
          "end": "2019-04-08T09:36:36-04:00"
        },
        "location": [
          {
            "location": {
              "reference": "Location/Location-1102",
              "display": "Pediatric and Adult Medicine"
            }
          }
        ],
        "serviceProvider": {
          "reference": "Organization/Organization-1102",
          "display": "Pediatric and Adult Medicine"
        }
      },
      "request": {
        "method": "PUT",
        "url": "http://localhost:8080/cqf-ruler/baseDstu3/Encounter/Encounter-334"
      }
    },
    {
      "resource": {
        "resourceType": "Immunization",
        "id": "Immunization-15670",
        "status": "completed",
        "notGiven": false,
        "vaccineCode": {
          "coding": [
            {
              "system": "http://hl7.org/fhir/sid/cvx",
              "code": "140",
              "display": "Influenza, seasonal, injectable, preservative free"
            }
          ]
        },
        "patient": {
          "reference": "Patient/Patient-6492",
          "display": "Renee Yu Cabrera"
        },
        "date": "2019-04-02T09:36:36-04:00",
        "primarySource": true,
        "location": {
          "reference": "Location/Location-1102",
          "display": "Pediatric and Adult Medicine"
        },
        "practitioner": [
          {
            "actor": {
              "reference": "Practitioner/Practitioner-2529",
              "display": "Stanley Floyd Nielsen MD"
            }
          }
        ]
      },
      "request": {
        "method": "PUT",
        "url": "http://localhost:8080/cqf-ruler/baseDstu3/Immunization/Immunization-15670"
      }
    },
    {
      "resource": {
        "resourceType": "Procedure",
        "id": "Procedure-43480",
        "status": "completed",
        "code": {
          "coding": [
            {
              "system": "http://loinc.org",
              "code": "14564-9",
              "display": "Hemoglobin.gastrointestinal [Presence] in Stool --2nd specimen"
            }
          ]
        },
        "subject": {
          "reference": "Patient/Patient-6492",
          "display": "Renee Yu Cabrera"
        },
        "context": {
          "reference": "Encounter/Encounter-334",
          "display": "Pediatric and Adult Medicine"
        },
        "performedPeriod": {
          "start": "2019-04-08T09:36:36-04:00",
          "end": "2019-04-08T09:36:36-04:00"
        },
        "performer": [
          {
            "actor": {
              "reference": "Practitioner/Practitioner-2529",
              "display": "Stanley Floyd Nielsen MD"
            }
          }
        ],
        "location": {
          "reference": "Location/Location-1102",
          "display": "Pediatric and Adult Medicine"
        }
      },
      "request": {
        "method": "PUT",
        "url": "http://localhost:8080/cqf-ruler/baseDstu3/Procedure/Procedure-43480"
      }
    },
    {
      "resource": {
        "resourceType": "Observation",
        "id": "Observation-43481",
        "status": "final",
        "code": {
          "coding": [
            {
              "system": "http://loinc.org",
              "code": "29771-3",
              "display": "Hemoglobin.gastrointestinal [Presence] in Stool by Immunologic method"
            }
          ]
        },
        "subject": {
          "reference": "Patient/Patient-6492",
          "display": "Renee Yu Cabrera"
        },
        "context": {
          "reference": "Encounter/Encounter-334",
          "display": "Pediatric and Adult Medicine"
        },
        "effectiveDateTime": "2019-04-08T09:36:36-04:00",
        "performer": [
          {
            "reference": "Practitioner/Practitioner-2529",
            "display": "Stanley Floyd Nielsen MD"
          }
        ],
        "valueString": "NEGATIVE"
      },
      "request": {
        "method": "PUT",
        "url": "http://localhost:8080/cqf-ruler/baseDstu3/Observation/Observation-43481"
      }
    },
    {
      "resource": {
        "resourceType": "Observation",
        "id": "Observation-43482",
        "status": "final",
        "code": {
          "coding": [
            {
              "system": "http://loinc.org",
              "code": "8480-6",
              "display": "Systolic blood pressure"
            }
          ]
        },
        "subject": {
          "reference": "Patient/Patient-6492",
          "display": "Renee Yu Cabrera"
        },
        "context": {
          "reference": "Encounter/Encounter-334",
          "display": "Pediatric and Adult Medicine"
        },
        "effectiveDateTime": "2019-04-08T09:36:36-04:00",
        "performer": [
          {
            "reference": "Practitioner/Practitioner-2529",
            "display": "Stanley Floyd Nielsen MD"
          }
        ],
        "valueQuantity": {
          "value": 162.54305606032315,
          "unit": "mmHg"
        }
      },
      "request": {
        "method": "PUT",
        "url": "http://localhost:8080/cqf-ruler/baseDstu3/Observation/Observation-43482"
      }
    },
    {
      "resource": {
        "resourceType": "Observation",
        "id": "Observation-43483",
        "status": "final",
        "code": {
          "coding": [
            {
              "system": "http://loinc.org",
              "code": "8462-4",
              "display": "Diastolic blood pressure"
            }
          ]
        },
        "subject": {
          "reference": "Patient/Patient-6492",
          "display": "Renee Yu Cabrera"
        },
        "context": {
          "reference": "Encounter/Encounter-334",
          "display": "Pediatric and Adult Medicine"
        },
        "effectiveDateTime": "2019-04-08T09:36:36-04:00",
        "performer": [
          {
            "reference": "Practitioner/Practitioner-2529",
            "display": "Stanley Floyd Nielsen MD"
          }
        ],
        "valueQuantity": {
          "value": 108.52393045732781,
          "unit": "mmHg"
        }
      },
      "request": {
        "method": "PUT",
        "url": "http://localhost:8080/cqf-ruler/baseDstu3/Observation/Observation-43483"
      }
    },
    {
      "resource": {
        "resourceType": "Condition",
        "id": "Condition-43484",
        "clinicalStatus": "active",
        "verificationStatus": "confirmed",
        "code": {
          "coding": [
            {
              "system": "http://snomed.info/sct",
              "code": "46481004",
              "display": "Low-renin essential hypertension"
            }
          ]
        },
        "subject": {
          "reference": "Patient/Patient-6492",
          "display": "Renee Yu Cabrera"
        },
        "context": {
          "reference": "Encounter/Encounter-334",
          "display": "Pediatric and Adult Medicine"
        },
        "onsetDateTime": "2019-04-08T09:36:36-04:00",
        "assertedDate": "2019-04-08T09:36:36-04:00",
        "asserter": {
          "reference": "Practitioner/Practitioner-2529",
          "display": "Stanley Floyd Nielsen MD"
        }
      },
      "request": {
        "method": "PUT",
        "url": "http://localhost:8080/cqf-ruler/baseDstu3/Condition/Condition-43484"
      }
    },
    {
      "resource": {
        "resourceType": "Procedure",
        "id": "Procedure-43485",
        "status": "completed",
        "code": {
          "coding": [
            {
              "system": "http://snomed.info/sct",
              "code": "43204002",
              "display": "Bilateral mammography (procedure)"
            }
          ]
        },
        "subject": {
          "reference": "Patient/Patient-6492",
          "display": "Renee Yu Cabrera"
        },
        "context": {
          "reference": "Encounter/Encounter-334",
          "display": "Pediatric and Adult Medicine"
        },
        "performedPeriod": {
          "start": "2019-04-08T09:36:36-04:00",
          "end": "2019-04-08T09:36:36-04:00"
        },
        "performer": [
          {
            "actor": {
              "reference": "Practitioner/Practitioner-2529",
              "display": "Stanley Floyd Nielsen MD"
            }
          }
        ],
        "location": {
          "reference": "Location/Location-1102",
          "display": "Pediatric and Adult Medicine"
        }
      },
      "request": {
        "method": "PUT",
        "url": "http://localhost:8080/cqf-ruler/baseDstu3/Procedure/Procedure-43485"
      }
    },
    {
      "resource": {
        "resourceType": "Observation",
        "id": "Observation-43486",
        "status": "final",
        "code": {
          "coding": [
            {
              "system": "http://snomed.info/sct",
              "code": "168749009",
              "display": "Mammography normal (finding)"
            }
          ]
        },
        "subject": {
          "reference": "Patient/Patient-6492",
          "display": "Renee Yu Cabrera"
        },
        "context": {
          "reference": "Encounter/Encounter-334",
          "display": "Pediatric and Adult Medicine"
        },
        "effectiveDateTime": "2019-04-08T09:36:36-04:00",
        "performer": [
          {
            "reference": "Practitioner/Practitioner-2529",
            "display": "Stanley Floyd Nielsen MD"
          }
        ],
        "valueString": "NEGATIVE"
      },
      "request": {
        "method": "PUT",
        "url": "http://localhost:8080/cqf-ruler/baseDstu3/Observation/Observation-43486"
      }
    },
    {
      "resource": {
        "resourceType": "DiagnosticReport",
        "id": "DiagnosticReport-43487",
        "status": "final",
        "code": {
          "coding": [
            {
              "system": "http://loinc.org",
              "code": "42174-3",
              "display": "Breast - bilateral FFD mammogram screening"
            }
          ]
        },
        "subject": {
          "reference": "Patient/Patient-6492",
          "display": "Renee Yu Cabrera"
        },
        "context": {
          "reference": "Encounter/Encounter-334",
          "display": "Pediatric and Adult Medicine"
        },
        "effectivePeriod": {
          "start": "2019-04-08T09:36:36-04:00",
          "end": "2019-04-08T09:36:36-04:00"
        },
        "result": [
          {
            "reference": "Observation/Observation-43486",
            "display": "No_Cancer_Detected"
          }
        ]
      },
      "request": {
        "method": "PUT",
        "url": "http://localhost:8080/cqf-ruler/baseDstu3/DiagnosticReport/DiagnosticReport-43487"
      }
    },
    {
      "resource": {
        "resourceType": "Procedure",
        "id": "Procedure-43488",
        "status": "completed",
        "code": {
          "coding": [
            {
              "system": "http://loinc.org",
              "code": "47527-7",
              "display": "Cytology report of Cervical or vaginal smear or scraping Cyto stain.thin prep"
            }
          ]
        },
        "subject": {
          "reference": "Patient/Patient-6492",
          "display": "Renee Yu Cabrera"
        },
        "context": {
          "reference": "Encounter/Encounter-334",
          "display": "Pediatric and Adult Medicine"
        },
        "performedPeriod": {
          "start": "2019-04-08T09:36:36-04:00",
          "end": "2019-04-08T09:36:36-04:00"
        },
        "performer": [
          {
            "actor": {
              "reference": "Practitioner/Practitioner-2529",
              "display": "Stanley Floyd Nielsen MD"
            }
          }
        ],
        "location": {
          "reference": "Location/Location-1102",
          "display": "Pediatric and Adult Medicine"
        }
      },
      "request": {
        "method": "PUT",
        "url": "http://localhost:8080/cqf-ruler/baseDstu3/Procedure/Procedure-43488"
      }
    },
    {
      "resource": {
        "resourceType": "Observation",
        "id": "Observation-43490",
        "status": "final",
        "code": {
          "coding": [
            {
              "system": "http://snomed.info/sct",
              "code": "439888000",
              "display": "Abnormal cervical Papanicolaou smear (finding)"
            }
          ]
        },
        "subject": {
          "reference": "Patient/Patient-6492",
          "display": "Renee Yu Cabrera"
        },
        "context": {
          "reference": "Encounter/Encounter-334",
          "display": "Pediatric and Adult Medicine"
        },
        "effectiveDateTime": "2019-04-08T09:36:36-04:00",
        "performer": [
          {
            "reference": "Practitioner/Practitioner-2529",
            "display": "Stanley Floyd Nielsen MD"
          }
        ],
        "valueString": "POSITIVE"
      },
      "request": {
        "method": "PUT",
        "url": "http://localhost:8080/cqf-ruler/baseDstu3/Observation/Observation-43490"
      }
    },
    {
      "resource": {
        "resourceType": "DiagnosticReport",
        "id": "DiagnosticReport-43491",
        "status": "final",
        "code": {
          "coding": [
            {
              "system": "http://loinc.org",
              "code": "42169-3",
              "display": "Breast - left FFD mammogram diagnostic"
            }
          ]
        },
        "subject": {
          "reference": "Patient/Patient-6492",
          "display": "Renee Yu Cabrera"
        },
        "context": {
          "reference": "Encounter/Encounter-334",
          "display": "Pediatric and Adult Medicine"
        },
        "effectivePeriod": {
          "start": "2019-04-08T09:36:36-04:00",
          "end": "2019-04-08T09:36:36-04:00"
        },
        "result": [
          {
            "reference": "Observation/Observation-43490",
            "display": "Cervical_Cancer_Observation"
          }
        ]
      },
      "request": {
        "method": "PUT",
        "url": "http://localhost:8080/cqf-ruler/baseDstu3/DiagnosticReport/DiagnosticReport-43491"
      }
    },
    {
      "resource": {
        "resourceType": "Observation",
        "id": "Observation-43492",
        "status": "final",
        "category": [
          {
            "coding": [
              {
                "system": "http://hl7.org/fhir/observation-category",
                "code": "vital-signs",
                "display": "vital-signs"
              }
            ]
          }
        ],
        "code": {
          "coding": [
            {
              "system": "http://loinc.org",
              "code": "8716-3",
              "display": "Vital Signs Panel"
            }
          ]
        },
        "subject": {
          "reference": "Patient/Patient-6492",
          "display": "Renee Yu Cabrera"
        },
        "context": {
          "reference": "Encounter/Encounter-334",
          "display": "Pediatric and Adult Medicine"
        },
        "effectivePeriod": {
          "start": "2019-04-08T09:36:36-04:00",
          "end": "2019-04-08T09:36:36-04:00"
        },
        "valueQuantity": {
          "value": 108.52393045732781,
          "unit": "mmHg"
        },
        "component": [
          {
            "code": {
              "coding": [
                {
                  "system": "http://loinc.org",
                  "code": "8302-2",
                  "display": "Height"
                }
              ]
            }
          },
          {
            "code": {
              "coding": [
                {
                  "system": "http://loinc.org",
                  "code": "29463-7",
                  "display": "Weight"
                }
              ]
            }
          },
          {
            "code": {
              "coding": [
                {
                  "system": "http://loinc.org",
                  "code": "39156-5",
                  "display": "BMI"
                }
              ]
            }
          },
          {
            "code": {
              "coding": [
                {
                  "system": "http://loinc.org",
                  "code": "8310-5",
                  "display": "Temperature"
                }
              ]
            }
          },
          {
            "code": {
              "coding": [
                {
                  "system": "http://loinc.org",
                  "code": "8459-0",
                  "display": "Systolic Blood Pressure"
                }
              ]
            }
          },
          {
            "code": {
              "coding": [
                {
                  "system": "http://loinc.org",
                  "code": "8453-3",
                  "display": "Diastolic Blood Pressure"
                }
              ]
            }
          }
        ]
      },
      "request": {
        "method": "PUT",
        "url": "http://localhost:8080/cqf-ruler/baseDstu3/Observation/Observation-43492"
      }
    }
  ]
}