{
  "resourceType": "Bundle",
  "type": "transaction",
  "entry": [
    {
      "resource": {
        "resourceType": "Encounter",
        "id": "Encounter-1086",
        "status": "finished",
        "class": {
          "system": "http://hl7.org/fhir/encounter-class",
          "code": "other",
          "display": "Other"
        },
        "subject": {
          "reference": "Patient/Patient-6555",
          "display": "Juanita Brittany Fuller"
        },
        "participant": [
          {
            "period": {
              "start": "2027-08-30T09:36:36-04:00",
              "end": "2027-08-30T09:36:36-04:00"
            },
            "individual": {
              "reference": "Practitioner/Practitioner-2532",
              "display": "Chad Espinoza Potter MD"
            }
          }
        ],
        "period": {
          "start": "2027-08-30T09:36:36-04:00",
          "end": "2027-08-30T09:36:36-04:00"
        },
        "location": [
          {
            "location": {
              "reference": "Location/Location-1105",
              "display": "Bayside Medical Group"
            }
          }
        ],
        "serviceProvider": {
          "reference": "Organization/Organization-1105",
          "display": "Bayside Medical Group"
        }
      },
      "request": {
        "method": "PUT",
        "url": "http://localhost:8080/cqf-ruler/baseDstu3/Encounter/Encounter-1086"
      }
    },
    {
      "resource": {
        "resourceType": "Immunization",
        "id": "Immunization-233873",
        "status": "completed",
        "notGiven": false,
        "vaccineCode": {
          "coding": [
            {
              "system": "http://hl7.org/fhir/sid/cvx",
              "code": "140",
              "display": "Influenza, seasonal, injectable, preservative free"
            }
          ]
        },
        "patient": {
          "reference": "Patient/Patient-6555",
          "display": "Juanita Brittany Fuller"
        },
        "date": "2027-08-24T09:36:36-04:00",
        "primarySource": true,
        "location": {
          "reference": "Location/Location-1105",
          "display": "Bayside Medical Group"
        },
        "practitioner": [
          {
            "actor": {
              "reference": "Practitioner/Practitioner-2532",
              "display": "Chad Espinoza Potter MD"
            }
          }
        ]
      },
      "request": {
        "method": "PUT",
        "url": "http://localhost:8080/cqf-ruler/baseDstu3/Immunization/Immunization-233873"
      }
    },
    {
      "resource": {
        "resourceType": "Immunization",
        "id": "Immunization-233874",
        "status": "completed",
        "notGiven": false,
        "vaccineCode": {
          "coding": [
            {
              "system": "http://hl7.org/fhir/sid/cvx",
              "code": "62",
              "display": "HPV, quadrivalent"
            }
          ]
        },
        "patient": {
          "reference": "Patient/Patient-6555",
          "display": "Juanita Brittany Fuller"
        },
        "date": "2027-08-24T09:36:36-04:00",
        "primarySource": true,
        "location": {
          "reference": "Location/Location-1105",
          "display": "Bayside Medical Group"
        },
        "practitioner": [
          {
            "actor": {
              "reference": "Practitioner/Practitioner-2532",
              "display": "Chad Espinoza Potter MD"
            }
          }
        ]
      },
      "request": {
        "method": "PUT",
        "url": "http://localhost:8080/cqf-ruler/baseDstu3/Immunization/Immunization-233874"
      }
    },
    {
      "resource": {
        "resourceType": "Immunization",
        "id": "Immunization-233875",
        "status": "completed",
        "notGiven": false,
        "vaccineCode": {
          "coding": [
            {
              "system": "http://hl7.org/fhir/sid/cvx",
              "code": "114",
              "display": "meningococcal MCV4P"
            }
          ]
        },
        "patient": {
          "reference": "Patient/Patient-6555",
          "display": "Juanita Brittany Fuller"
        },
        "date": "2027-08-24T09:36:36-04:00",
        "primarySource": true,
        "location": {
          "reference": "Location/Location-1105",
          "display": "Bayside Medical Group"
        },
        "practitioner": [
          {
            "actor": {
              "reference": "Practitioner/Practitioner-2532",
              "display": "Chad Espinoza Potter MD"
            }
          }
        ]
      },
      "request": {
        "method": "PUT",
        "url": "http://localhost:8080/cqf-ruler/baseDstu3/Immunization/Immunization-233875"
      }
    },
    {
      "resource": {
        "resourceType": "Immunization",
        "id": "Immunization-233876",
        "status": "completed",
        "notGiven": false,
        "vaccineCode": {
          "coding": [
            {
              "system": "http://hl7.org/fhir/sid/cvx",
              "code": "115",
              "display": "Tdap"
            }
          ]
        },
        "patient": {
          "reference": "Patient/Patient-6555",
          "display": "Juanita Brittany Fuller"
        },
        "date": "2027-08-24T09:36:36-04:00",
        "primarySource": true,
        "location": {
          "reference": "Location/Location-1105",
          "display": "Bayside Medical Group"
        },
        "practitioner": [
          {
            "actor": {
              "reference": "Practitioner/Practitioner-2532",
              "display": "Chad Espinoza Potter MD"
            }
          }
        ]
      },
      "request": {
        "method": "PUT",
        "url": "http://localhost:8080/cqf-ruler/baseDstu3/Immunization/Immunization-233876"
      }
    },
    {
      "resource": {
        "resourceType": "Observation",
        "id": "Observation-259642",
        "status": "final",
        "code": {
          "coding": [
            {
              "system": "http://loinc.org",
              "code": "8480-6",
              "display": "Systolic blood pressure"
            }
          ]
        },
        "subject": {
          "reference": "Patient/Patient-6555",
          "display": "Juanita Brittany Fuller"
        },
        "context": {
          "reference": "Encounter/Encounter-1086",
          "display": "Bayside Medical Group"
        },
        "effectiveDateTime": "2027-08-30T09:36:36-04:00",
        "performer": [
          {
            "reference": "Practitioner/Practitioner-2532",
            "display": "Chad Espinoza Potter MD"
          }
        ],
        "valueQuantity": {
          "value": 136.24376623382884,
          "unit": "mmHg"
        }
      },
      "request": {
        "method": "PUT",
        "url": "http://localhost:8080/cqf-ruler/baseDstu3/Observation/Observation-259642"
      }
    },
    {
      "resource": {
        "resourceType": "Observation",
        "id": "Observation-259643",
        "status": "final",
        "code": {
          "coding": [
            {
              "system": "http://loinc.org",
              "code": "8462-4",
              "display": "Diastolic blood pressure"
            }
          ]
        },
        "subject": {
          "reference": "Patient/Patient-6555",
          "display": "Juanita Brittany Fuller"
        },
        "context": {
          "reference": "Encounter/Encounter-1086",
          "display": "Bayside Medical Group"
        },
        "effectiveDateTime": "2027-08-30T09:36:36-04:00",
        "performer": [
          {
            "reference": "Practitioner/Practitioner-2532",
            "display": "Chad Espinoza Potter MD"
          }
        ],
        "valueQuantity": {
          "value": 115.50454879232826,
          "unit": "mmHg"
        }
      },
      "request": {
        "method": "PUT",
        "url": "http://localhost:8080/cqf-ruler/baseDstu3/Observation/Observation-259643"
      }
    },
    {
      "resource": {
        "resourceType": "Condition",
        "id": "Condition-259644",
        "clinicalStatus": "active",
        "verificationStatus": "confirmed",
        "code": {
          "coding": [
            {
              "system": "http://snomed.info/sct",
              "code": "59621000",
              "display": "Essential hypertension"
            }
          ]
        },
        "subject": {
          "reference": "Patient/Patient-6555",
          "display": "Juanita Brittany Fuller"
        },
        "context": {
          "reference": "Encounter/Encounter-1086",
          "display": "Bayside Medical Group"
        },
        "onsetDateTime": "2027-08-30T09:36:36-04:00",
        "assertedDate": "2027-08-30T09:36:36-04:00",
        "asserter": {
          "reference": "Practitioner/Practitioner-2532",
          "display": "Chad Espinoza Potter MD"
        }
      },
      "request": {
        "method": "PUT",
        "url": "http://localhost:8080/cqf-ruler/baseDstu3/Condition/Condition-259644"
      }
    },
    {
      "resource": {
        "resourceType": "Observation",
        "id": "Observation-259645",
        "status": "final",
        "category": [
          {
            "coding": [
              {
                "system": "http://hl7.org/fhir/observation-category",
                "code": "vital-signs",
                "display": "vital-signs"
              }
            ]
          }
        ],
        "code": {
          "coding": [
            {
              "system": "http://loinc.org",
              "code": "8716-3",
              "display": "Vital Signs Panel"
            }
          ]
        },
        "subject": {
          "reference": "Patient/Patient-6555",
          "display": "Juanita Brittany Fuller"
        },
        "context": {
          "reference": "Encounter/Encounter-1086",
          "display": "Bayside Medical Group"
        },
        "effectivePeriod": {
          "start": "2027-08-30T09:36:36-04:00",
          "end": "2027-08-30T09:36:36-04:00"
        },
        "valueQuantity": {
          "value": 115.50454879232826,
          "unit": "mmHg"
        },
        "component": [
          {
            "code": {
              "coding": [
                {
                  "system": "http://loinc.org",
                  "code": "8302-2",
                  "display": "Height"
                }
              ]
            }
          },
          {
            "code": {
              "coding": [
                {
                  "system": "http://loinc.org",
                  "code": "29463-7",
                  "display": "Weight"
                }
              ]
            }
          },
          {
            "code": {
              "coding": [
                {
                  "system": "http://loinc.org",
                  "code": "39156-5",
                  "display": "BMI"
                }
              ]
            }
          },
          {
            "code": {
              "coding": [
                {
                  "system": "http://loinc.org",
                  "code": "8310-5",
                  "display": "Temperature"
                }
              ]
            }
          },
          {
            "code": {
              "coding": [
                {
                  "system": "http://loinc.org",
                  "code": "8459-0",
                  "display": "Systolic Blood Pressure"
                }
              ]
            }
          },
          {
            "code": {
              "coding": [
                {
                  "system": "http://loinc.org",
                  "code": "8453-3",
                  "display": "Diastolic Blood Pressure"
                }
              ]
            }
          }
        ]
      },
      "request": {
        "method": "PUT",
        "url": "http://localhost:8080/cqf-ruler/baseDstu3/Observation/Observation-259645"
      }
    }
  ]
}