{
  "resourceType": "Bundle",
  "type": "transaction",
  "entry": [
    {
      "resource": {
        "resourceType": "Encounter",
        "id": "Encounter-431",
        "status": "finished",
        "class": {
          "system": "http://hl7.org/fhir/encounter-class",
          "code": "other",
          "display": "Other"
        },
        "subject": {
          "reference": "Patient/Patient-6492",
          "display": "Renee Yu Cabrera"
        },
        "participant": [
          {
            "period": {
              "start": "2020-04-13T09:36:36-04:00",
              "end": "2020-04-13T09:36:36-04:00"
            },
            "individual": {
              "reference": "Practitioner/Practitioner-2529",
              "display": "Stanley Floyd Nielsen MD"
            }
          }
        ],
        "period": {
          "start": "2020-04-13T09:36:36-04:00",
          "end": "2020-04-13T09:36:36-04:00"
        },
        "location": [
          {
            "location": {
              "reference": "Location/Location-1102",
              "display": "Pediatric and Adult Medicine"
            }
          }
        ],
        "serviceProvider": {
          "reference": "Organization/Organization-1102",
          "display": "Pediatric and Adult Medicine"
        }
      },
      "request": {
        "method": "PUT",
        "url": "http://localhost:8080/cqf-ruler/baseDstu3/Encounter/Encounter-431"
      }
    },
    {
      "resource": {
        "resourceType": "Immunization",
        "id": "Immunization-43494",
        "status": "completed",
        "notGiven": false,
        "vaccineCode": {
          "coding": [
            {
              "system": "http://hl7.org/fhir/sid/cvx",
              "code": "140",
              "display": "Influenza, seasonal, injectable, preservative free"
            }
          ]
        },
        "patient": {
          "reference": "Patient/Patient-6492",
          "display": "Renee Yu Cabrera"
        },
        "date": "2020-04-07T09:36:36-04:00",
        "primarySource": true,
        "location": {
          "reference": "Location/Location-1102",
          "display": "Pediatric and Adult Medicine"
        },
        "practitioner": [
          {
            "actor": {
              "reference": "Practitioner/Practitioner-2529",
              "display": "Stanley Floyd Nielsen MD"
            }
          }
        ]
      },
      "request": {
        "method": "PUT",
        "url": "http://localhost:8080/cqf-ruler/baseDstu3/Immunization/Immunization-43494"
      }
    },
    {
      "resource": {
        "resourceType": "Immunization",
        "id": "Immunization-43495",
        "status": "completed",
        "notGiven": false,
        "vaccineCode": {
          "coding": [
            {
              "system": "http://hl7.org/fhir/sid/cvx",
              "code": "121",
              "display": "zoster"
            }
          ]
        },
        "patient": {
          "reference": "Patient/Patient-6492",
          "display": "Renee Yu Cabrera"
        },
        "date": "2020-04-07T09:36:36-04:00",
        "primarySource": true,
        "location": {
          "reference": "Location/Location-1102",
          "display": "Pediatric and Adult Medicine"
        },
        "practitioner": [
          {
            "actor": {
              "reference": "Practitioner/Practitioner-2529",
              "display": "Stanley Floyd Nielsen MD"
            }
          }
        ]
      },
      "request": {
        "method": "PUT",
        "url": "http://localhost:8080/cqf-ruler/baseDstu3/Immunization/Immunization-43495"
      }
    },
    {
      "resource": {
        "resourceType": "Procedure",
        "id": "Procedure-70059",
        "status": "completed",
        "code": {
          "coding": [
            {
              "system": "http://loinc.org",
              "code": "58453-2",
              "display": "Hemoglobin.gastrointestinal [Mass/volume] in Stool by Immunologic method"
            }
          ]
        },
        "subject": {
          "reference": "Patient/Patient-6492",
          "display": "Renee Yu Cabrera"
        },
        "context": {
          "reference": "Encounter/Encounter-431",
          "display": "Pediatric and Adult Medicine"
        },
        "performedPeriod": {
          "start": "2020-04-13T09:36:36-04:00",
          "end": "2020-04-13T09:36:36-04:00"
        },
        "performer": [
          {
            "actor": {
              "reference": "Practitioner/Practitioner-2529",
              "display": "Stanley Floyd Nielsen MD"
            }
          }
        ],
        "location": {
          "reference": "Location/Location-1102",
          "display": "Pediatric and Adult Medicine"
        }
      },
      "request": {
        "method": "PUT",
        "url": "http://localhost:8080/cqf-ruler/baseDstu3/Procedure/Procedure-70059"
      }
    },
    {
      "resource": {
        "resourceType": "Observation",
        "id": "Observation-70060",
        "status": "final",
        "code": {
          "coding": [
            {
              "system": "http://loinc.org",
              "code": "29771-3",
              "display": "Hemoglobin.gastrointestinal [Presence] in Stool by Immunologic method"
            }
          ]
        },
        "subject": {
          "reference": "Patient/Patient-6492",
          "display": "Renee Yu Cabrera"
        },
        "context": {
          "reference": "Encounter/Encounter-431",
          "display": "Pediatric and Adult Medicine"
        },
        "effectiveDateTime": "2020-04-13T09:36:36-04:00",
        "performer": [
          {
            "reference": "Practitioner/Practitioner-2529",
            "display": "Stanley Floyd Nielsen MD"
          }
        ],
        "valueString": "NEGATIVE"
      },
      "request": {
        "method": "PUT",
        "url": "http://localhost:8080/cqf-ruler/baseDstu3/Observation/Observation-70060"
      }
    },
    {
      "resource": {
        "resourceType": "Observation",
        "id": "Observation-70061",
        "status": "final",
        "code": {
          "coding": [
            {
              "system": "http://loinc.org",
              "code": "8480-6",
              "display": "Systolic blood pressure"
            }
          ]
        },
        "subject": {
          "reference": "Patient/Patient-6492",
          "display": "Renee Yu Cabrera"
        },
        "context": {
          "reference": "Encounter/Encounter-431",
          "display": "Pediatric and Adult Medicine"
        },
        "effectiveDateTime": "2020-04-13T09:36:36-04:00",
        "performer": [
          {
            "reference": "Practitioner/Practitioner-2529",
            "display": "Stanley Floyd Nielsen MD"
          }
        ],
        "valueQuantity": {
          "value": 121.38391155160701,
          "unit": "mmHg"
        }
      },
      "request": {
        "method": "PUT",
        "url": "http://localhost:8080/cqf-ruler/baseDstu3/Observation/Observation-70061"
      }
    },
    {
      "resource": {
        "resourceType": "Observation",
        "id": "Observation-70062",
        "status": "final",
        "code": {
          "coding": [
            {
              "system": "http://loinc.org",
              "code": "8462-4",
              "display": "Diastolic blood pressure"
            }
          ]
        },
        "subject": {
          "reference": "Patient/Patient-6492",
          "display": "Renee Yu Cabrera"
        },
        "context": {
          "reference": "Encounter/Encounter-431",
          "display": "Pediatric and Adult Medicine"
        },
        "effectiveDateTime": "2020-04-13T09:36:36-04:00",
        "performer": [
          {
            "reference": "Practitioner/Practitioner-2529",
            "display": "Stanley Floyd Nielsen MD"
          }
        ],
        "valueQuantity": {
          "value": 114.95836579030805,
          "unit": "mmHg"
        }
      },
      "request": {
        "method": "PUT",
        "url": "http://localhost:8080/cqf-ruler/baseDstu3/Observation/Observation-70062"
      }
    },
    {
      "resource": {
        "resourceType": "Condition",
        "id": "Condition-70063",
        "clinicalStatus": "active",
        "verificationStatus": "confirmed",
        "code": {
          "coding": [
            {
              "system": "http://snomed.info/sct",
              "code": "48146000",
              "display": "Diastolic hypertension"
            }
          ]
        },
        "subject": {
          "reference": "Patient/Patient-6492",
          "display": "Renee Yu Cabrera"
        },
        "context": {
          "reference": "Encounter/Encounter-431",
          "display": "Pediatric and Adult Medicine"
        },
        "onsetDateTime": "2020-04-13T09:36:36-04:00",
        "assertedDate": "2020-04-13T09:36:36-04:00",
        "asserter": {
          "reference": "Practitioner/Practitioner-2529",
          "display": "Stanley Floyd Nielsen MD"
        }
      },
      "request": {
        "method": "PUT",
        "url": "http://localhost:8080/cqf-ruler/baseDstu3/Condition/Condition-70063"
      }
    },
    {
      "resource": {
        "resourceType": "Procedure",
        "id": "Procedure-70064",
        "status": "completed",
        "code": {
          "coding": [
            {
              "system": "http://snomed.info/sct",
              "code": "43204002",
              "display": "Bilateral mammography (procedure)"
            }
          ]
        },
        "subject": {
          "reference": "Patient/Patient-6492",
          "display": "Renee Yu Cabrera"
        },
        "context": {
          "reference": "Encounter/Encounter-431",
          "display": "Pediatric and Adult Medicine"
        },
        "performedPeriod": {
          "start": "2020-04-13T09:36:36-04:00",
          "end": "2020-04-13T09:36:36-04:00"
        },
        "performer": [
          {
            "actor": {
              "reference": "Practitioner/Practitioner-2529",
              "display": "Stanley Floyd Nielsen MD"
            }
          }
        ],
        "location": {
          "reference": "Location/Location-1102",
          "display": "Pediatric and Adult Medicine"
        }
      },
      "request": {
        "method": "PUT",
        "url": "http://localhost:8080/cqf-ruler/baseDstu3/Procedure/Procedure-70064"
      }
    },
    {
      "resource": {
        "resourceType": "Observation",
        "id": "Observation-70065",
        "status": "final",
        "code": {
          "coding": [
            {
              "system": "http://snomed.info/sct",
              "code": "168749009",
              "display": "Mammography normal (finding)"
            }
          ]
        },
        "subject": {
          "reference": "Patient/Patient-6492",
          "display": "Renee Yu Cabrera"
        },
        "context": {
          "reference": "Encounter/Encounter-431",
          "display": "Pediatric and Adult Medicine"
        },
        "effectiveDateTime": "2020-04-13T09:36:36-04:00",
        "performer": [
          {
            "reference": "Practitioner/Practitioner-2529",
            "display": "Stanley Floyd Nielsen MD"
          }
        ],
        "valueString": "NEGATIVE"
      },
      "request": {
        "method": "PUT",
        "url": "http://localhost:8080/cqf-ruler/baseDstu3/Observation/Observation-70065"
      }
    },
    {
      "resource": {
        "resourceType": "DiagnosticReport",
        "id": "DiagnosticReport-70066",
        "status": "final",
        "code": {
          "coding": [
            {
              "system": "http://loinc.org",
              "code": "37774-7",
              "display": "Breast - right Mammogram"
            }
          ]
        },
        "subject": {
          "reference": "Patient/Patient-6492",
          "display": "Renee Yu Cabrera"
        },
        "context": {
          "reference": "Encounter/Encounter-431",
          "display": "Pediatric and Adult Medicine"
        },
        "effectivePeriod": {
          "start": "2020-04-13T09:36:36-04:00",
          "end": "2020-04-13T09:36:36-04:00"
        },
        "result": [
          {
            "reference": "Observation/Observation-70065",
            "display": "No_Cancer_Detected"
          }
        ]
      },
      "request": {
        "method": "PUT",
        "url": "http://localhost:8080/cqf-ruler/baseDstu3/DiagnosticReport/DiagnosticReport-70066"
      }
    },
    {
      "resource": {
        "resourceType": "Observation",
        "id": "Observation-70067",
        "status": "final",
        "category": [
          {
            "coding": [
              {
                "system": "http://hl7.org/fhir/observation-category",
                "code": "vital-signs",
                "display": "vital-signs"
              }
            ]
          }
        ],
        "code": {
          "coding": [
            {
              "system": "http://loinc.org",
              "code": "8716-3",
              "display": "Vital Signs Panel"
            }
          ]
        },
        "subject": {
          "reference": "Patient/Patient-6492",
          "display": "Renee Yu Cabrera"
        },
        "context": {
          "reference": "Encounter/Encounter-431",
          "display": "Pediatric and Adult Medicine"
        },
        "effectivePeriod": {
          "start": "2020-04-13T09:36:36-04:00",
          "end": "2020-04-13T09:36:36-04:00"
        },
        "valueQuantity": {
          "value": 114.95836579030805,
          "unit": "mmHg"
        },
        "component": [
          {
            "code": {
              "coding": [
                {
                  "system": "http://loinc.org",
                  "code": "8302-2",
                  "display": "Height"
                }
              ]
            }
          },
          {
            "code": {
              "coding": [
                {
                  "system": "http://loinc.org",
                  "code": "29463-7",
                  "display": "Weight"
                }
              ]
            }
          },
          {
            "code": {
              "coding": [
                {
                  "system": "http://loinc.org",
                  "code": "39156-5",
                  "display": "BMI"
                }
              ]
            }
          },
          {
            "code": {
              "coding": [
                {
                  "system": "http://loinc.org",
                  "code": "8310-5",
                  "display": "Temperature"
                }
              ]
            }
          },
          {
            "code": {
              "coding": [
                {
                  "system": "http://loinc.org",
                  "code": "8459-0",
                  "display": "Systolic Blood Pressure"
                }
              ]
            }
          },
          {
            "code": {
              "coding": [
                {
                  "system": "http://loinc.org",
                  "code": "8453-3",
                  "display": "Diastolic Blood Pressure"
                }
              ]
            }
          }
        ]
      },
      "request": {
        "method": "PUT",
        "url": "http://localhost:8080/cqf-ruler/baseDstu3/Observation/Observation-70067"
      }
    }
  ]
}