{
  "resourceType": "Bundle",
  "type": "transaction",
  "entry": [
    {
      "resource": {
        "resourceType": "Encounter",
        "id": "Encounter-239",
        "status": "finished",
        "class": {
          "system": "http://hl7.org/fhir/encounter-class",
          "code": "other",
          "display": "Other"
        },
        "subject": {
          "reference": "Patient/Patient-6537",
          "display": "Lloyd Cardenas Villegas"
        },
        "participant": [
          {
            "period": {
              "start": "2018-06-04T09:36:36-04:00",
              "end": "2018-06-04T09:36:36-04:00"
            },
            "individual": {
              "reference": "Practitioner/Practitioner-2534",
              "display": "Pearl Rita Dawson MD"
            }
          }
        ],
        "period": {
          "start": "2018-06-04T09:36:36-04:00",
          "end": "2018-06-04T09:36:36-04:00"
        },
        "location": [
          {
            "location": {
              "reference": "Location/Location-1101",
              "display": "McKinley Health Center"
            }
          }
        ],
        "serviceProvider": {
          "reference": "Organization/Organization-1101",
          "display": "McKinley Health Center"
        }
      },
      "request": {
        "method": "PUT",
        "url": "http://localhost:8080/cqf-ruler/baseDstu3/Encounter/Encounter-239"
      }
    },
    {
      "resource": {
        "resourceType": "Immunization",
        "id": "Immunization-1517",
        "status": "completed",
        "notGiven": false,
        "vaccineCode": {
          "coding": [
            {
              "system": "http://hl7.org/fhir/sid/cvx",
              "code": "140",
              "display": "Influenza, seasonal, injectable, preservative free"
            }
          ]
        },
        "patient": {
          "reference": "Patient/Patient-6537",
          "display": "Lloyd Cardenas Villegas"
        },
        "date": "2018-05-31T09:36:36-04:00",
        "primarySource": true,
        "location": {
          "reference": "Location/Location-1101",
          "display": "McKinley Health Center"
        },
        "practitioner": [
          {
            "actor": {
              "reference": "Practitioner/Practitioner-2534",
              "display": "Pearl Rita Dawson MD"
            }
          }
        ]
      },
      "request": {
        "method": "PUT",
        "url": "http://localhost:8080/cqf-ruler/baseDstu3/Immunization/Immunization-1517"
      }
    },
    {
      "resource": {
        "resourceType": "Observation",
        "id": "Observation-20000",
        "status": "final",
        "code": {
          "coding": [
            {
              "system": "http://loinc.org",
              "code": "8480-6",
              "display": "Systolic blood pressure"
            }
          ]
        },
        "subject": {
          "reference": "Patient/Patient-6537",
          "display": "Lloyd Cardenas Villegas"
        },
        "context": {
          "reference": "Encounter/Encounter-239",
          "display": "McKinley Health Center"
        },
        "effectiveDateTime": "2018-06-04T09:36:36-04:00",
        "performer": [
          {
            "reference": "Practitioner/Practitioner-2534",
            "display": "Pearl Rita Dawson MD"
          }
        ],
        "valueQuantity": {
          "value": 172.34244277529768,
          "unit": "mmHg"
        }
      },
      "request": {
        "method": "PUT",
        "url": "http://localhost:8080/cqf-ruler/baseDstu3/Observation/Observation-20000"
      }
    },
    {
      "resource": {
        "resourceType": "Observation",
        "id": "Observation-20001",
        "status": "final",
        "code": {
          "coding": [
            {
              "system": "http://loinc.org",
              "code": "8462-4",
              "display": "Diastolic blood pressure"
            }
          ]
        },
        "subject": {
          "reference": "Patient/Patient-6537",
          "display": "Lloyd Cardenas Villegas"
        },
        "context": {
          "reference": "Encounter/Encounter-239",
          "display": "McKinley Health Center"
        },
        "effectiveDateTime": "2018-06-04T09:36:36-04:00",
        "performer": [
          {
            "reference": "Practitioner/Practitioner-2534",
            "display": "Pearl Rita Dawson MD"
          }
        ],
        "valueQuantity": {
          "value": 77.88141520565934,
          "unit": "mmHg"
        }
      },
      "request": {
        "method": "PUT",
        "url": "http://localhost:8080/cqf-ruler/baseDstu3/Observation/Observation-20001"
      }
    },
    {
      "resource": {
        "resourceType": "Condition",
        "id": "Condition-20002",
        "clinicalStatus": "active",
        "verificationStatus": "confirmed",
        "code": {
          "coding": [
            {
              "system": "http://snomed.info/sct",
              "code": "65518004",
              "display": "Labile diastolic hypertension"
            }
          ]
        },
        "subject": {
          "reference": "Patient/Patient-6537",
          "display": "Lloyd Cardenas Villegas"
        },
        "context": {
          "reference": "Encounter/Encounter-239",
          "display": "McKinley Health Center"
        },
        "onsetDateTime": "2018-06-04T09:36:36-04:00",
        "assertedDate": "2018-06-04T09:36:36-04:00",
        "asserter": {
          "reference": "Practitioner/Practitioner-2534",
          "display": "Pearl Rita Dawson MD"
        }
      },
      "request": {
        "method": "PUT",
        "url": "http://localhost:8080/cqf-ruler/baseDstu3/Condition/Condition-20002"
      }
    },
    {
      "resource": {
        "resourceType": "Observation",
        "id": "Observation-20003",
        "status": "final",
        "category": [
          {
            "coding": [
              {
                "system": "http://hl7.org/fhir/observation-category",
                "code": "vital-signs",
                "display": "vital-signs"
              }
            ]
          }
        ],
        "code": {
          "coding": [
            {
              "system": "http://loinc.org",
              "code": "8716-3",
              "display": "Vital Signs Panel"
            }
          ]
        },
        "subject": {
          "reference": "Patient/Patient-6537",
          "display": "Lloyd Cardenas Villegas"
        },
        "context": {
          "reference": "Encounter/Encounter-239",
          "display": "McKinley Health Center"
        },
        "effectivePeriod": {
          "start": "2018-06-04T09:36:36-04:00",
          "end": "2018-06-04T09:36:36-04:00"
        },
        "valueQuantity": {
          "value": 77.88141520565934,
          "unit": "mmHg"
        },
        "component": [
          {
            "code": {
              "coding": [
                {
                  "system": "http://loinc.org",
                  "code": "8302-2",
                  "display": "Height"
                }
              ]
            }
          },
          {
            "code": {
              "coding": [
                {
                  "system": "http://loinc.org",
                  "code": "29463-7",
                  "display": "Weight"
                }
              ]
            }
          },
          {
            "code": {
              "coding": [
                {
                  "system": "http://loinc.org",
                  "code": "39156-5",
                  "display": "BMI"
                }
              ]
            }
          },
          {
            "code": {
              "coding": [
                {
                  "system": "http://loinc.org",
                  "code": "8310-5",
                  "display": "Temperature"
                }
              ]
            }
          },
          {
            "code": {
              "coding": [
                {
                  "system": "http://loinc.org",
                  "code": "8459-0",
                  "display": "Systolic Blood Pressure"
                }
              ]
            }
          },
          {
            "code": {
              "coding": [
                {
                  "system": "http://loinc.org",
                  "code": "8453-3",
                  "display": "Diastolic Blood Pressure"
                }
              ]
            }
          }
        ]
      },
      "request": {
        "method": "PUT",
        "url": "http://localhost:8080/cqf-ruler/baseDstu3/Observation/Observation-20003"
      }
    }
  ]
}